station,village,tehsil,district,latitude,longitude,source,well_type,aquifer_type,well_depth_m,specific_yield,n_readings,first_year,last_year,mean_depth_to_water_m,recent_depth_to_water_m,pre_monsoon_depth_m,post_monsoon_depth_m,seasonal_fluctuation_m,trend_m_per_year,is_bengaluru_urban
Aihole,Aiahalli,HUNGUND,Bagalkote,16.01666667,75.87916667,CGWB manual quarterly (NWDP),,,,,8,1996,1999,4.22,4.01,4.08,3.48,0.6,,False
Alagur,Alagur,JAMKHANDI,Bagalkote,16.57222222,75.34861111,CGWB manual quarterly (NWDP),Dug well,Unconfined,14.86,,73,2005,2024,2.23,2.52,2.71,2.01,0.7,0.025,False
Amingad,Amingad,HUNGUND,Bagalkote,16.05416667,75.94166667,CGWB manual quarterly (NWDP),Dug well,Unconfined,14.02,0.023,106,1996,2024,4.93,1.58,6.03,4.27,1.76,-0.28,False
Badagandi,Badgandi,BILGI,Bagalkote,16.35,75.64166667,CGWB manual quarterly (NWDP),Dug well,Unconfined,10.0,,99,1996,2024,3.52,3.86,4.5,2.86,1.64,0.001,False
Badami,Badami,BADAMI,Bagalkote,15.92027778,75.68222222,CGWB manual quarterly (NWDP),,,,,2,2005,2013,40.0,40.0,40.0,40.0,0.0,,False
Badami1,Badami,BADAMI,Bagalkote,15.91666667,75.67777778,CGWB manual quarterly (NWDP),Dug well,Unconfined,17.0,,79,1996,2024,5.81,5.54,7.01,4.76,2.25,-0.097,False
Bagalkote Pz,Bagalkote Pz,BAGALKOT,Bagalkote,16.18611111,75.70555556,CGWB manual quarterly (NWDP),Bore well,,90.0,,31,2007,2015,22.73,24.97,26.52,19.37,7.15,0.353,False
Banhatti,Banhatti,JAMKHANDI,Bagalkote,16.47916667,75.13194444,CGWB manual quarterly (NWDP),Dug well,Unconfined,23.5,,72,2005,2024,6.4,4.9,9.67,4.74,4.93,-0.036,False
Belagali,Belagali,MUDHOL,Bagalkote,16.38333333,75.14583333,CGWB manual quarterly (NWDP),Dug well,,7.0,,66,1996,2024,3.01,6.26,4.37,2.34,2.03,0.088,False
Belagalli,Belagalli,MUDHOL,Bagalkote,16.38388889,75.15166667,CGWB manual quarterly (NWDP),Dug well,Unconfined,9.04,,40,2013,2024,4.89,3.13,7.01,3.3,3.71,-0.358,False
Bevur,Bevoor,BAGALKOT,Bagalkote,16.20833333,75.89583333,CGWB manual quarterly (NWDP),Dug well,,12.03,,37,1996,2013,7.64,9.14,9.47,6.43,3.04,0.217,False
Bidri,Bidri,JAMKHANDI,Bagalkote,16.58333333,75.475,CGWB manual quarterly (NWDP),,,,,4,1997,1999,7.14,7.14,,9.48,,,False
Bilgi,Bilgi,BILGI,Bagalkote,16.34583333,75.6125,CGWB manual quarterly (NWDP),,,,,32,2005,2013,8.43,8.8,9.2,7.64,1.56,-0.092,False
Bilgi Pz,Bilgi Pz,BILGI,Bagalkote,16.34722222,75.62222222,CGWB manual quarterly (NWDP),Bore well,Not available,37.6,,36,2007,2024,14.1,10.09,15.86,12.86,3.0,-0.463,False
Bilgi Pz_1,-,-,Bagalkote,16.3472,75.6222,CGWB manual quarterly (NWDP),Bore well,Not available,37.6,,1,2024,2024,10.95,10.95,,,,,False
Bilgi2,Bilgi,BILGI,Bagalkote,16.34722222,75.61666667,CGWB manual quarterly (NWDP),,,,,2,2005,2005,19.52,19.52,20.86,,,,False
Binjawadgi,Binjawadgi,HUNGUND,Bagalkote,16.06388889,76.10833333,CGWB manual quarterly (NWDP),Dug well,,8.54,,62,2005,2024,5.62,3.99,6.19,4.83,1.36,-0.071,False
Bommanagi OW,-,-,Bagalkote,16.280515,76.00871,CGWB manual quarterly (NWDP),,,,,1,2024,2024,9.88,9.88,,,,,False
Chik Adapur,-,-,Bagalkote,16.0408,76.2133,CGWB manual quarterly (NWDP),,,,,1,2024,2024,3.97,3.97,,,,,False
Gorbal,Gorbal,HUNGUND,Bagalkote,15.97638889,76.12222222,CGWB manual quarterly (NWDP),Dug well,Unconfined,7.0,,35,2014,2024,4.5,4.46,4.87,4.18,0.69,0.067,False
Gudur,Gudur,HUNGUND,Bagalkote,15.94166667,75.90833333,CGWB manual quarterly (NWDP),,,,,4,1996,2000,6.25,2.83,,4.6,,,False
Guledagudda,Guledagudda,BADAMI,Bagalkote,16.05,75.7875,CGWB manual quarterly (NWDP),Dug well,Unconfined,11.18,,99,1996,2024,7.77,8.23,8.59,7.32,1.27,0.041,False
Guledagudda Sumetty,Guledagudda Sumetty,BADAMI,Bagalkote,16.04666667,75.75277778,CGWB manual quarterly (NWDP),Dug well,Unconfined,15.76,,39,2013,2024,8.75,6.3,8.54,8.09,0.45,-0.453,False
Hirepadasalagi,-,-,Bagalkote,16.598309,75.390249,CGWB manual quarterly (NWDP),,,,,1,2024,2024,9.08,9.08,,,,,False
Hungund,Hungund,HUNGUND,Bagalkote,16.05,76.05,CGWB manual quarterly (NWDP),Dug well,,8.35,,38,1996,2018,3.27,4.92,4.03,2.67,1.36,0.238,False
Hungund A,Hungund A,HUNGUND,Bagalkote,16.06,76.05083333,CGWB manual quarterly (NWDP),Dug well,,11.5,,17,2013,2019,6.03,5.8,6.74,4.38,2.36,-0.306,False
Ilhal,Ilhal,HUNGUND,Bagalkote,15.96166667,75.96555556,CGWB manual quarterly (NWDP),Dug well,Unconfined,15.06,,41,2013,2024,7.2,2.61,9.46,5.07,4.39,-0.664,False
Ilhal_1,-,HUNGUND,Bagalkote,15.97,76.11,CGWB manual quarterly (NWDP),,,,,1,2023,2023,4.41,4.41,,,,,False
Ilhal_2,-,-,Bagalkote,15.9681,76.1097,CGWB manual quarterly (NWDP),,,,,1,2023,2023,4.56,4.56,,,,,False
Ilkal,Ilkal,HUNGUND,Bagalkote,15.97027778,76.12361111,CGWB manual quarterly (NWDP),Bore well,,40.0,,56,1999,2024,6.78,4.08,8.16,5.44,2.72,-0.388,False
Ilkal1,Ilkal,HUNGUND,Bagalkote,15.96666667,76.15,CGWB manual quarterly (NWDP),,,,,63,1996,2011,1.86,0.49,2.66,1.06,1.6,-0.162,False
Jamakhandi,Jamakhandi,JAMKHANDI,Bagalkote,16.5125,75.26388889,CGWB manual quarterly (NWDP),Bore well,,90.0,,38,2008,2018,12.55,17.19,13.27,11.5,1.77,0.937,False
Jamakhandi A,Jamakhandi A,JAMKHANDI,Bagalkote,16.5125,75.27083333,CGWB manual quarterly (NWDP),Dug well,,20.0,,24,2014,2020,16.05,14.2,17.64,12.48,5.16,-0.906,False
Kaladgi,Kaladgi,BAGALKOT,Bagalkote,16.21666667,75.5,CGWB manual quarterly (NWDP),,,,,19,1999,2014,38.07,59.3,40.87,34.64,6.23,2.886,False
Kamatgi,Kamatgi,HUNGUND,Bagalkote,16.1,75.86666667,CGWB manual quarterly (NWDP),Dug well,,12.25,,65,1996,2015,11.16,11.73,11.62,10.25,1.37,0.051,False
Karadi,Karadi,HUNGUND,Bagalkote,16.1,76.17916667,CGWB manual quarterly (NWDP),Dug well,,50.0,,59,1997,2023,4.64,3.44,5.19,4.17,1.02,-0.094,False
Kardi (A),Kardi (A),HUNGUND,Bagalkote,16.1,76.17916667,CGWB manual quarterly (NWDP),Dug well,,50.0,,7,2019,2024,4.05,3.69,3.87,4.21,-0.34,-0.23,False
Kavatagi,Kavatagi,JAMKHANDI,Bagalkote,16.54166667,75.42083333,CGWB manual quarterly (NWDP),,,,,45,1996,2009,1.73,1.35,1.95,1.29,0.66,0.002,False
Kerakalamatti,Kerakalamatti,BADAMI,Bagalkote,16.12916667,75.575,CGWB manual quarterly (NWDP),Bore well,,65.65,,25,2001,2013,35.72,35.15,36.26,34.32,1.94,1.545,False
Kerur,Kerur,BADAMI,Bagalkote,16.01333333,75.55277778,CGWB manual quarterly (NWDP),,,,,2,2002,2013,23.98,40.0,23.98,,,,False
Kerur A,Kerur A,BADAMI,Bagalkote,16.01083333,75.545,CGWB manual quarterly (NWDP),Dug well,Unconfined,18.62,,35,2014,2024,3.38,2.74,4.89,2.42,2.47,-0.141,False
Khajjidoni,Khajjidoni,BAGALKOT,Bagalkote,16.175,75.44583333,CGWB manual quarterly (NWDP),,,,,4,1998,2000,23.76,23.76,23.59,,,,False
Kodihal,Kodihal,HUNGUND,Bagalkote,16.1,76.28333333,CGWB manual quarterly (NWDP),Dug well,Unconfined,15.37,,64,2007,2024,3.76,3.17,4.06,3.37,0.69,-0.062,False
Konnur,Konnur,JAMKHANDI,Bagalkote,16.42777778,75.36111111,CGWB manual quarterly (NWDP),,,,,44,1996,2013,4.45,8.22,5.72,3.13,2.59,0.322,False
Kulageri,Kulageri,BADAMI,Bagalkote,15.91611111,75.51027778,CGWB manual quarterly (NWDP),Bore well,,40.0,,64,1999,2024,16.97,27.76,18.96,14.84,4.12,0.932,False
Kulageri1,Kulageri,BADAMI,Bagalkote,15.9,75.50555556,CGWB manual quarterly (NWDP),Dug well,Unconfined,14.47,,72,1996,2023,9.16,12.12,9.15,8.8,0.35,0.317,False
Kumbarhal,Kumbarhal,JAMKHANDI,Bagalkote,16.53972222,75.32972222,CGWB manual quarterly (NWDP),Dug well,Unconfined,8.62,,43,2013,2024,4.18,4.74,6.29,2.83,3.46,0.034,False
Lakhmapur,Lakhmapur,BADAMI,Bagalkote,15.86444444,75.62027778,CGWB manual quarterly (NWDP),Dug well,Unconfined,31.0,,32,2014,2024,26.39,27.32,25.58,27.68,-2.1,0.981,False
Lokapur,Lokapur,MUDHOL,Bagalkote,16.15833333,75.375,CGWB manual quarterly (NWDP),,,,,17,1999,2005,5.6,6.83,6.08,4.97,1.11,0.57,False
Lokapur Pz,Lokapur Pz,MUDHOL,Bagalkote,16.1625,75.36805556,CGWB manual quarterly (NWDP),Bore well,Not available,60.0,,55,2007,2022,4.79,4.98,3.39,4.43,-1.04,0.075,False
Malapur,Malapur,MUDHOL,Bagalkote,16.36666667,75.275,CGWB manual quarterly (NWDP),Dug well,Unconfined,8.32,0.02,106,1996,2024,3.26,5.51,4.14,2.96,1.18,0.131,False
Mudhol A,Mudhol A,MUDHOL,Bagalkote,16.33944444,75.27611111,CGWB manual quarterly (NWDP),Dug well,Unconfined,7.0,,36,2014,2024,3.6,3.07,4.59,3.39,1.2,-0.13,False
Nagur,Nagur,HUNGUND,Bagalkote,16.00833333,76.00833333,CGWB manual quarterly (NWDP),Dug well,Unconfined,10.0,,101,1996,2024,6.05,4.34,6.44,5.53,0.91,0.033,False
Nandvadgi,Nandvadgi,HUNGUND,Bagalkote,16.025,76.3,CGWB manual quarterly (NWDP),Dug well,Unconfined,8.32,,96,1996,2024,3.45,2.76,4.0,2.86,1.14,-0.016,False
Ninegali,-,-,Bagalkote,16.288218,75.945175,CGWB manual quarterly (NWDP),,,,,1,2024,2024,3.75,3.75,,,,,False
Pattadakal,Pattadakal,BADAMI,Bagalkote,15.95,75.8,CGWB manual quarterly (NWDP),Dug well,Unconfined,11.14,0.023,106,1996,2024,7.9,7.35,8.38,7.47,0.91,-0.05,False
Rabakavi,Rabakavi,JAMKHANDI,Bagalkote,16.475,75.10833333,CGWB manual quarterly (NWDP),Dug well,Unconfined,16.7,,38,2014,2024,4.7,4.01,6.81,3.09,3.72,-0.165,False
Rampur_12,-,-,Bagalkote,16.30376,75.892351,CGWB manual quarterly (NWDP),,,,,1,2024,2024,0.52,0.52,,,,,False
Saidapur,Saidapur,MUDHOL,Bagalkote,16.38333333,75.05,CGWB manual quarterly (NWDP),,,,,1,1999,1999,7.51,7.51,,7.51,,,False
Savalgi,Savalgi,JAMKHANDI,Bagalkote,16.68166667,75.35361111,CGWB manual quarterly (NWDP),Bore well,Semi-confined,50.4,,49,2000,2024,19.39,17.75,23.23,15.98,7.25,0.063,False
Savalgi1,Savalgi,JAMKHANDI,Bagalkote,16.675,75.35,CGWB manual quarterly (NWDP),,,,,4,2001,2005,17.12,26.79,22.14,10.8,11.34,,False
Savalgi2,Savalgi,JAMKHANDI,Bagalkote,16.69166667,75.33333333,CGWB manual quarterly (NWDP),Dug well,Unconfined,9.64,,87,1996,2024,5.55,4.94,7.27,4.26,3.01,-0.031,False
Siddapur,Siddapur,JAMKHANDI,Bagalkote,16.45416667,75.28333333,CGWB manual quarterly (NWDP),,,,,10,1997,2007,9.47,14.91,12.21,9.2,3.01,0.6,False
Sirur,Sirur,BAGALKOT,Bagalkote,16.11666667,75.76666667,CGWB manual quarterly (NWDP),Dug well,,35.0,,52,1996,2013,20.17,28.99,24.41,15.53,8.88,0.893,False
Teggi,Teggi,BILGI,Bagalkote,16.375,75.52916667,CGWB manual quarterly (NWDP),Dug well,,10.24,,104,1996,2024,3.5,2.08,4.36,2.7,1.66,-0.076,False
Tumba,Tumba,HUNGUND,Bagalkote,16.01666667,76.19166667,CGWB manual quarterly (NWDP),Dug well,Unconfined,8.5,0.023,105,1996,2024,5.12,4.84,5.48,4.65,0.83,0.012,False
Wadageri,Vadageri,HUNGUND,Bagalkote,15.975,75.95,CGWB manual quarterly (NWDP),Dug well,Unconfined,11.0,,94,1996,2024,6.36,5.16,7.37,5.3,2.07,0.074,False
Yedahalli,Yedahalli,BAGALKOT,Bagalkote,16.21777778,75.60944444,CGWB manual quarterly (NWDP),Dug well,Unconfined,16.26,,39,2013,2024,10.07,9.21,15.22,7.81,7.41,-0.256,False
Allipuram,Allipuram,BELLARY,Ballari,15.16361111,76.85916667,CGWB manual quarterly (NWDP),Dug well,,11.3,,87,1996,2023,4.03,1.89,4.64,3.21,1.43,-0.103,False
Allipuram1,Allipuram,BELLARY,Ballari,15.16361111,76.85916667,CGWB manual quarterly (NWDP),Dug well,,11.3,,28,2012,2024,3.16,1.84,3.72,2.72,1.0,-0.29,False
Anandevanahali-EW,-,-,Ballari,15.1286,76.203,CGWB manual quarterly (NWDP),,,,,1,2024,2024,27.13,27.13,,,,,False
Bailuru,Bailuru,BELLARY,Ballari,15.35,76.91388889,CGWB manual quarterly (NWDP),Dug well,Unconfined,7.6,,42,2012,2024,4.16,3.63,4.47,3.41,1.06,-0.041,False
Bandri,Bandri,SANDUR,Ballari,14.98333333,76.61666667,CGWB manual quarterly (NWDP),Dug well,,11.65,,59,1996,2015,12.16,9.96,13.33,10.58,2.75,-0.37,False
Bannikallu,-,-,Ballari,15.0775,76.0621,CGWB manual quarterly (NWDP),,,,,1,2024,2024,19.23,19.23,,,,,False
Bennekallu-EW,-,-,Ballari,14.9608,76.2554,CGWB manual quarterly (NWDP),,,,,1,2024,2024,20.57,20.57,,,,,False
Bisalahalli,Bisalahalli,BELLARY,Ballari,15.13888889,76.96805556,CGWB manual quarterly (NWDP),,,,,40,1996,2010,5.79,5.6,6.1,5.2,0.9,-0.113,False
Byluru,Byluru,BELLARY,Ballari,15.34861111,76.91416667,CGWB manual quarterly (NWDP),Dug well,,24.0,,51,1996,2023,3.12,5.6,3.59,2.24,1.35,0.067,False
Byradevanahalli,Byradevanahalli,BELLARY,Ballari,15.20555556,77.01666667,CGWB manual quarterly (NWDP),,,,,1,1999,1999,6.41,6.41,6.41,,,,False
Chellagurki,Chellagurki,BELLARY,Ballari,15.11666667,77.1375,CGWB manual quarterly (NWDP),Dug well,Unconfined,13.1,,3,2000,2001,16.68,16.68,16.68,,,,False
Chendrasekharpur,-,-,Ballari,14.8345,76.5433,CGWB manual quarterly (NWDP),,,,,1,2024,2024,12.27,12.27,,,,,False
Chikjohalli,-,KUDLIGI,Ballari,14.72,76.49,CGWB manual quarterly (NWDP),,,,,1,2023,2023,24.13,24.13,,,,,False
Chikjohalli_1,-,-,Ballari,14.7167,76.4917,CGWB manual quarterly (NWDP),,,,,3,2023,2024,25.75,25.75,,25.93,,,False
Chikkjogihalli,Chikkjogihalli,BELLARY,Ballari,15.13888889,77.01666667,CGWB manual quarterly (NWDP),Bore well,,90.0,,68,2002,2023,27.21,31.16,28.58,25.86,2.72,0.75,False
Danapura,Danapura,HOSPET,Ballari,15.17555556,76.37111111,CGWB manual quarterly (NWDP),Dug well,Unconfined,9.5,,42,2013,2024,3.05,2.39,4.03,1.98,2.05,-0.083,False
Dasarahally Tanda,Dasarahally Tanda,HADAGALLI,Ballari,14.97277778,75.96527778,CGWB manual quarterly (NWDP),Dug well,Unconfined,14.5,,42,2013,2024,5.24,2.65,7.68,3.59,4.09,-0.391,False
Emmiganur,Emmiganur,BELLARY,Ballari,15.4,76.7,CGWB manual quarterly (NWDP),Dug well,Unconfined,8.8,0.023,108,1996,2024,3.27,4.76,3.78,2.47,1.31,0.079,False
Gadiganur,Gadiganur,HOSPET,Ballari,15.28777778,76.39,CGWB manual quarterly (NWDP),Bore well,Semi-confined,35.1,,78,1999,2023,5.63,6.32,5.88,5.42,0.46,0.085,False
Gadiganur_1,-,-,Ballari,15.225,76.6083,CGWB manual quarterly (NWDP),,,,,3,2023,2024,8.64,8.64,,8.24,,,False
Gajapura,Gajapura,KUDLIGI,Ballari,14.86666667,76.3125,CGWB manual quarterly (NWDP),,,,,9,1996,2000,12.71,11.17,12.77,13.22,-0.45,,False
Gandabommanahalli Kere Camp,Gandabommanahalli Kere Camp,KUDLIGI,Ballari,14.77388889,76.59388889,CGWB manual quarterly (NWDP),Dug well,Unconfined,16.5,,40,2013,2024,11.31,10.53,12.6,8.34,4.26,-0.16,False
Ganikallu,Ganikallu,SIRUGUPPA,Ballari,15.375,76.84027778,CGWB manual quarterly (NWDP),Dug well,Unconfined,8.6,,42,2012,2024,3.05,3.22,4.3,2.09,2.21,0.107,False
Gudekote,Gudekote,KUDLIGI,Ballari,14.84055556,76.64222222,CGWB manual quarterly (NWDP),Bore well,,32.1,,43,1998,2024,7.58,7.91,8.65,5.53,3.12,0.154,False
Gudekote1,Gudekote,BELLARY,Ballari,15.11666667,77.1375,CGWB manual quarterly (NWDP),Dug well,Unconfined,13.1,,36,2012,2023,5.52,3.58,6.32,5.12,1.2,-0.286,False
Hagaranur,Hagaranur,HADAGALLI,Ballari,14.94166667,75.85833333,CGWB manual quarterly (NWDP),Dug well,Unconfined,14.5,,100,1996,2024,9.46,5.88,10.05,8.37,1.68,-0.158,False
Hampasagara,Hampasagara,HAGARIBOMMANAHALLI,Ballari,15.10833333,76.05,CGWB manual quarterly (NWDP),Bore well,Semi-confined,90.0,,73,2000,2024,15.63,7.92,19.74,12.22,7.52,-0.417,False
Hampasagara_1,-,-,Ballari,15.1194,76.0278,CGWB manual quarterly (NWDP),,,,,2,2023,2023,11.56,11.56,,11.44,,,False
Hampi,Hampi,HOSPET,Ballari,15.31666667,76.48333333,CGWB manual quarterly (NWDP),Dug well,,3.8,,63,1996,2023,1.85,2.8,1.74,1.89,-0.15,-0.015,False
Hampi-A,Hampi-A,HOSPET,Ballari,15.33611111,76.46111111,CGWB manual quarterly (NWDP),Dug well,Unconfined,5.7,,40,2012,2024,2.19,2.45,2.24,2.07,0.17,0.057,False
Hirehadagalli,Hirehadagalli,HADAGALLI,Ballari,14.925,75.84166667,CGWB manual quarterly (NWDP),Bore well,Semi-confined,60.0,,77,1998,2024,13.63,8.08,14.67,12.39,2.28,-0.272,False
Hirehadagalli-A,Hirehadagalli,HADAGALLI,Ballari,14.91666667,75.83333333,CGWB manual quarterly (NWDP),Dug well,,13.0,,15,2001,2015,9.37,8.35,11.48,7.53,3.95,-0.376,False
Holagundi,Holagundi,HADAGALLI,Ballari,15.03333333,76.00555556,CGWB manual quarterly (NWDP),Dug well,,22.0,,70,1996,2017,13.98,18.82,16.09,11.86,4.23,0.202,False
Hosadaroji,-,-,Ballari,15.2373,76.6922,CGWB manual quarterly (NWDP),,,,,1,2024,2024,1.93,1.93,,,,,False
Hospet,Hospet,HOSPET,Ballari,15.28333333,76.36666667,CGWB manual quarterly (NWDP),Dug well,,9.44,,26,1996,2023,4.23,2.34,5.36,2.4,2.96,-0.204,False
Hospet-A,Hospet-A,HOSPET,Ballari,15.28333333,76.36666667,CGWB manual quarterly (NWDP),Dug well,,9.44,,35,2012,2023,2.08,3.68,2.02,2.72,-0.7,0.208,False
Hurlihal,Hurlihal,KUDLIGI,Ballari,14.69166667,76.53333333,CGWB manual quarterly (NWDP),Dug well,,15.15,,65,1996,2015,12.06,14.25,12.68,11.34,1.34,0.135,False
Ittigi,Ittigi,HADAGALLI,Ballari,14.94166667,76.09166667,CGWB manual quarterly (NWDP),Bore well,Semi-confined,90.0,,75,2000,2024,35.1,30.37,35.53,34.48,1.05,-0.372,False
Ittigi_1,-,-,Ballari,14.94,76.09,CGWB manual quarterly (NWDP),Bore well,Semi-confined,90.0,,1,2023,2023,25.86,25.86,,,,,False
Jogi Kallu,Jogi Kallu,KUDLIGI,Ballari,14.97277778,76.44583333,CGWB manual quarterly (NWDP),Dug well,Unconfined,9.4,,40,2013,2024,4.42,4.09,5.98,2.99,2.99,-0.016,False
Kaddi Rampura,Kaddi Rampura,HOSPET,Ballari,15.31333333,76.45111111,CGWB manual quarterly (NWDP),Dug well,,11.0,,17,2013,2017,4.44,4.65,5.96,4.56,1.4,,False
Kakkuppi,Kakkuppi,KUDLIGI,Ballari,14.86611111,76.44694444,CGWB manual quarterly (NWDP),Dug well,Unconfined,11.55,,43,2013,2024,8.07,7.08,9.19,6.75,2.44,-0.139,False
Kamalapur_2,-,-,Ballari,15.3028,76.4778,CGWB manual quarterly (NWDP),,,,,3,2023,2024,3.75,3.75,,4.1,,,False
Kamalapuram,Kamalapuram,HOSPET,Ballari,15.30833333,76.48333333,CGWB manual quarterly (NWDP),Bore well,Semi-confined,31.0,,80,1998,2023,3.54,2.48,4.42,2.8,1.62,-0.027,False
Kamalapuram1,Kamalapuram,HOSPET,Ballari,15.3,76.475,CGWB manual quarterly (NWDP),Dug well,Unconfined,4.75,,103,1996,2024,1.79,2.34,1.89,1.51,0.38,0.059,False
Kampli,Kampli,HOSPET,Ballari,15.4,76.6,CGWB manual quarterly (NWDP),Dug well,,5.0,,59,1996,2015,2.36,3.09,2.5,2.1,0.4,-0.033,False
Kandagal,Kandagal,KUDLIGI,Ballari,14.875,76.29166667,CGWB manual quarterly (NWDP),,,,,27,2000,2009,33.09,32.68,35.16,32.71,2.45,-0.134,False
Karur,Karur,BELLARY,Ballari,15.33333333,76.95,CGWB manual quarterly (NWDP),,,,,18,1996,2005,3.52,3.33,3.5,3.15,0.35,-0.076,False
Kolagallu,Kolagallu,BELLARY,Ballari,15.18333333,76.86666667,CGWB manual quarterly (NWDP),,,,,23,1996,2008,1.98,2.2,2.49,1.52,0.97,-0.036,False
Kottur,Kottur,KUDLIGI,Ballari,14.82555556,76.22555556,CGWB manual quarterly (NWDP),Bore well,,58.75,,34,1998,2011,19.5,15.26,21.97,15.51,6.46,-0.294,False
Kudathini,Kudathini,BELLARY,Ballari,15.20388889,76.77722222,CGWB manual quarterly (NWDP),Bore well,,35.1,,14,1998,2013,11.78,18.05,20.25,5.5,14.75,0.765,False
Kudligi,Kudligi,KUDLIGI,Ballari,14.90416667,76.34583333,CGWB manual quarterly (NWDP),,,,,42,1998,2015,7.3,7.2,7.12,7.13,-0.01,-0.053,False
Kudthani,-,-,Ballari,15.2002,76.7531,CGWB manual quarterly (NWDP),,,,,1,2024,2024,16.37,16.37,,,,,False
Kurugodu,Kurugodu,BELLARY,Ballari,15.34166667,76.84166667,CGWB manual quarterly (NWDP),Dug well,Unconfined,10.15,,75,1996,2024,7.91,6.24,8.41,7.45,0.96,-0.01,False
M.B.Iyyanahalli,M.B.Iyyanahalli,KUDLIGI,Ballari,14.66666667,76.46666667,CGWB manual quarterly (NWDP),,,,,32,1999,2013,12.5,11.39,12.73,12.0,0.73,0.026,False
Magala,Magala,HADAGALLI,Ballari,14.98333333,75.8,CGWB manual quarterly (NWDP),Dug well,Unconfined,12.0,0.018,107,1996,2024,4.01,1.7,4.95,3.1,1.85,-0.191,False
Mariyammanahalli,Mariyammanahalli,HOSPET,Ballari,15.17027778,76.35527778,CGWB manual quarterly (NWDP),Bore well,,45.0,,63,1998,2018,3.63,3.23,4.95,2.59,2.36,-0.123,False
Mariyammanahalli1,Mariyammanahalli,HOSPET,Ballari,15.16666667,76.36666667,CGWB manual quarterly (NWDP),Dug well,Unconfined,14.05,0.023,101,1996,2024,4.66,4.98,5.64,3.27,2.37,-0.052,False
Meenahalli,Meenahalli,BELLARY,Ballari,15.1625,77.07083333,CGWB manual quarterly (NWDP),,,,,13,1996,2002,3.25,3.27,3.21,2.25,0.96,0.042,False
Muddapura,Muddapura,HOSPET,Ballari,15.10138889,76.16694444,CGWB manual quarterly (NWDP),Dug well,Unconfined,8.5,,27,2015,2024,2.03,2.35,2.72,1.65,1.07,0.06,False
Nagalapura,Nagalapura,KUDLIGI,Ballari,14.81666667,76.34583333,CGWB manual quarterly (NWDP),Dug well,,12.66,,54,1996,2023,10.35,8.6,10.78,10.1,0.68,0.098,False
Nagarhunse,Nagarhunse,KUDLIGI,Ballari,14.84444444,76.52222222,CGWB manual quarterly (NWDP),Dug well,Unconfined,10.23,,92,1996,2024,7.38,6.01,8.6,6.1,2.5,0.026,False
P.D.Halli(PZ),-,-,Ballari,15.14,77.07,CGWB manual quarterly (NWDP),,,,,5,2023,2024,6.96,6.96,6.46,7.08,-0.62,,False
Papinayakanahalli,Papinayakanahalli,HOSPET,Ballari,15.24166667,76.49166667,CGWB manual quarterly (NWDP),Dug well,,4.8,,63,1996,2013,8.05,3.94,10.29,5.85,4.44,-0.213,False
Paramadevanahalli1,Paramadevanahalli,BELLARY,Ballari,15.13333333,77.05,CGWB manual quarterly (NWDP),Dug well,,6.85,,56,1996,2022,4.88,5.72,4.93,4.65,0.28,0.032,False
Paramadevanahalli2,Paramadevanahalli,BELLARY,Ballari,15.13888889,77.07222222,CGWB manual quarterly (NWDP),Dug well,,12.0,,80,1996,2022,7.81,5.55,7.16,9.12,-1.96,0.126,False
Paramadevanahalli2,Hagari,BELLARY,Ballari,15.14583333,77.07222222,CGWB manual quarterly (NWDP),Dug well,,11.0,,3,2005,2013,5.81,6.92,6.8,,,,False
Ramasagarahatti,Ramasagarahatti,KUDLIGI,Ballari,14.75583333,76.60444444,CGWB manual quarterly (NWDP),Dug well,Unconfined,10.65,,35,2013,2024,6.36,6.74,6.36,6.03,0.33,0.248,False
Ramasagarahatti_1,-,-,Ballari,14.7629,76.602,CGWB manual quarterly (NWDP),,,,,1,2024,2024,12.76,12.76,,,,,False
Ramsagara,Ramsagara,HOSPET,Ballari,15.37805556,76.57583333,CGWB manual quarterly (NWDP),Dug well,Unconfined,9.15,,24,2017,2024,2.52,2.08,3.78,1.66,2.12,-0.285,False
Sanavasapura,Sanavasapura,SIRUGUPPA,Ballari,15.39166667,76.9,CGWB manual quarterly (NWDP),,,,,23,1996,2013,8.66,7.5,8.74,7.28,1.46,0.28,False
Sanavasapura1,Sanavasapura,SIRUGUPPA,Ballari,15.39583333,76.9,CGWB manual quarterly (NWDP),,,,,19,1996,2004,7.07,9.44,6.57,5.73,0.84,0.821,False
Sandur,Sandur,SANDUR,Ballari,15.0875,76.55,CGWB manual quarterly (NWDP),Dug well,Unconfined,10.0,,43,1996,2013,6.31,4.44,6.75,5.32,1.43,-0.23,False
Sandur (A),Sandur (A),SANDUR,Ballari,15.0875,76.55,CGWB manual quarterly (NWDP),Dug well,Unconfined,10.0,,41,2012,2024,4.65,3.96,5.3,3.9,1.4,-0.02,False
Shro.Gangalapur,Shro.Gangalapur,SANDUR,Ballari,15.175,76.61666667,CGWB manual quarterly (NWDP),Dug well,Unconfined,15.0,,94,1996,2024,9.8,9.22,10.19,9.19,1.0,0.038,False
Sidaragadda,Sidaragadda,BELLARY,Ballari,15.2,76.93333333,CGWB manual quarterly (NWDP),Dug well,Unconfined,54.0,,97,1996,2024,4.82,4.17,4.8,4.78,0.02,0.011,False
Siddammanahalli,Siddammanahalli,BELLARY,Ballari,15.26666667,76.78333333,CGWB manual quarterly (NWDP),Dug well,,50.0,,3,1996,2013,3.44,5.9,3.95,2.43,1.52,,False
Sindegeri,Sindegeri,BELLARY,Ballari,15.35833333,76.9125,CGWB manual quarterly (NWDP),Dug well,Unconfined,12.6,,98,1996,2024,6.46,4.37,6.77,5.98,0.79,0.102,False
Sirigere_3,-,-,Ballari,15.4361,76.8333,CGWB manual quarterly (NWDP),,,,,2,2023,2024,3.22,3.22,,,,,False
Sirigeri,Sirigeri,SIRUGUPPA,Ballari,15.43333333,76.84166667,CGWB manual quarterly (NWDP),Bore well,Semi-confined,30.0,,83,1998,2023,2.78,1.63,3.7,1.79,1.91,-0.085,False
Sirigeri1,Sirigeri,SIRUGUPPA,Ballari,15.44166667,76.84166667,CGWB manual quarterly (NWDP),Dug well,Unconfined,10.4,,102,1996,2024,3.63,4.0,4.17,2.52,1.65,-0.071,False
Sirivara_1,-,-,Ballari,15.1959,76.9816,CGWB manual quarterly (NWDP),,,,,1,2024,2024,3.05,3.05,,,,,False
Siruguppa1,Siruguppa,SIRUGUPPA,Ballari,15.63333333,76.89166667,CGWB manual quarterly (NWDP),,,,,7,1997,2013,4.3,6.25,4.19,7.33,-3.14,0.197,False
Sri Ram Shetty Halli,Sri Ram Shetty Halli,SANDUR,Ballari,14.94166667,76.41666667,CGWB manual quarterly (NWDP),Dug well,,5.8,,69,1996,2015,4.92,4.87,6.48,3.75,2.73,-0.028,False
Tekalakota,Tekalakota,SIRUGUPPA,Ballari,15.5125,76.875,CGWB manual quarterly (NWDP),Dug well,Unconfined,8.7,,43,1996,2008,2.53,2.58,3.46,1.69,1.77,0.035,False
Tekkalakote A,Tekkalakote A,SIRUGUPPA,Ballari,15.5125,76.875,CGWB manual quarterly (NWDP),Dug well,Unconfined,8.7,,42,2012,2024,3.45,2.96,3.58,3.36,0.22,-0.022,False
Toranagal,Toranagal,SANDUR,Ballari,15.19583333,76.675,CGWB manual quarterly (NWDP),Dug well,Unconfined,8.15,0.023,99,1996,2024,4.38,3.8,5.76,3.4,2.36,-0.057,False
Ujjini,Ujjini,KUDLIGI,Ballari,14.90166667,76.40027778,CGWB manual quarterly (NWDP),Bore well,,44.3,,77,1998,2023,27.44,29.8,27.69,26.54,1.15,0.459,False
Ujjini1,Ujjini,KUDLIGI,Ballari,14.73333333,76.3,CGWB manual quarterly (NWDP),Dug well,Unconfined,12.0,,4,1997,2023,12.49,29.2,,6.48,,,False
Ulavathi,Ulavathi,HAGARIBOMMANAHALLI,Ballari,14.99166667,76.15,CGWB manual quarterly (NWDP),,,,,33,1996,2015,16.66,18.2,18.78,15.5,3.28,0.25,False
Uthangi,Uthangi,HADAGALLI,Ballari,14.98666667,76.205,CGWB manual quarterly (NWDP),Dug well,Unconfined,20.0,,25,2016,2024,3.75,2.84,5.05,3.0,2.05,-0.35,False
Vaddahatti,Vaddahatti,BELLARY,Ballari,15.3,76.83888889,CGWB manual quarterly (NWDP),,,,,24,1996,2008,2.1,1.6,2.48,1.42,1.06,-0.047,False
Varadapura,Varadapura,HAGARIBOMMANAHALLI,Ballari,15.13333333,76.34166667,CGWB manual quarterly (NWDP),,,,,23,2007,2013,10.71,10.86,11.22,10.32,0.9,-0.038,False
Venkatapura,Venkatapura,HOSPET,Ballari,15.33083333,76.51638889,CGWB manual quarterly (NWDP),Dug well,Unconfined,9.35,,42,2013,2024,4.13,5.33,4.74,3.47,1.27,0.295,False
Vinayakanagar,Vinayakanagar,BELLARY,Ballari,15.15722222,76.88194444,CGWB manual quarterly (NWDP),Dug well,,8.5,,9,2014,2016,3.46,3.46,3.36,1.86,1.5,,False
Virupapur,Virupapur,KUDLIGI,Ballari,14.86666667,76.4,CGWB manual quarterly (NWDP),,,,,10,1996,2000,12.3,12.33,12.62,11.66,0.96,,False
Yeswanthanagar,Yeswanthanagar,SANDUR,Ballari,15.03333333,76.48333333,CGWB manual quarterly (NWDP),Dug well,Unconfined,12.5,0.023,106,1996,2024,6.62,6.1,7.57,5.77,1.8,0.025,False
Achamatti,Achamatti,PARASGAD,Belagavi,15.76944444,75.26666667,CGWB manual quarterly (NWDP),Dug well,,23.89,,57,1996,2018,15.35,11.19,14.46,15.8,-1.34,-0.261,False
Aigali,Aigali,ATHNI,Belagavi,16.78194444,75.24305556,CGWB manual quarterly (NWDP),,,,,10,1998,2005,25.91,42.38,40.26,20.67,19.59,5.423,False
Aigali1,Aigali,ATHNI,Belagavi,16.76944444,75.25555556,CGWB manual quarterly (NWDP),Dug well,,10.87,,50,1996,2012,5.72,7.74,6.88,4.91,1.97,0.156,False
Ainapur,Ainapur,RAYBAG,Belagavi,16.64166667,74.88333333,CGWB manual quarterly (NWDP),Dug well,Unconfined,14.64,0.02,108,1996,2024,3.89,3.92,5.7,2.6,3.1,-0.08,False
Ankala Gudiketra,Ankala Gudiketra,HUKERI,Belagavi,16.14,74.69,CGWB manual quarterly (NWDP),Dug well,Unconfined,6.7,,42,2012,2024,2.7,2.37,3.94,2.07,1.87,-0.053,False
Ankalgi,Ankalgi,GOKAK,Belagavi,16.02638889,74.69305556,CGWB manual quarterly (NWDP),Bore well,Semi-confined,23.0,,22,2017,2024,6.28,5.8,9.82,4.39,5.43,-0.297,False
Ankalgi,Ankalgi,GOKAK,Belagavi,16.15527778,74.69055556,CGWB manual quarterly (NWDP),Bore well,,23.0,,13,2014,2023,7.28,7.83,8.57,7.12,1.45,-0.113,False
Ankalgi1,Ankalgi,GOKAK,Belagavi,16.02194444,74.69055556,CGWB manual quarterly (NWDP),,,,,17,1996,2007,8.44,4.2,9.55,8.45,1.1,-0.712,False
Ankalgi_1,-,-,Belagavi,16.0264,74.6931,CGWB manual quarterly (NWDP),Bore well,Semi-confined,23.0,,1,2023,2023,8.24,8.24,,,,,False
Ankali,Ankali,RAYBAG,Belagavi,16.54583333,74.80416667,CGWB manual quarterly (NWDP),Bore well,,84.0,,7,1999,2016,8.36,8.73,11.26,6.98,4.28,-0.11,False
Arabhavi,Arabhavi,GOKAK,Belagavi,16.21666667,74.88333333,CGWB manual quarterly (NWDP),Dug well,Unconfined,10.0,0.018,107,1996,2024,3.65,3.92,6.24,2.75,3.49,0.019,False
Athni,Athni,ATHNI,Belagavi,16.725,75.06666667,CGWB manual quarterly (NWDP),Dug well,Unconfined,13.15,0.02,108,1996,2024,5.94,4.51,8.31,4.27,4.04,-0.12,False
Badchi,Badchi,ATHNI,Belagavi,16.7375,75.14583333,CGWB manual quarterly (NWDP),Dug well,Unconfined,10.25,0.02,105,1996,2024,4.52,2.64,6.29,2.94,3.35,-0.138,False
Badkundri,Badkundri,HUKERI,Belagavi,16.16666667,74.5875,CGWB manual quarterly (NWDP),Bore well,Semi-confined,34.0,,82,1999,2024,4.89,4.49,6.83,4.17,2.66,-0.005,False
Bailhongal,Bailhongal,PARASGAD,Belagavi,15.8375,74.91805556,CGWB manual quarterly (NWDP),,,,,108,1996,2024,3.1,2.09,4.94,2.16,2.78,-0.077,False
Bailhongal Pz_1,-,-,Belagavi,15.7556,75.1097,CGWB manual quarterly (NWDP),Bore well,Semi-confined,40.65,,1,2023,2023,7.86,7.86,,7.86,,,False
Bailhongal pz,Parasgad,PARASGAD,Belagavi,15.75555556,75.10972222,CGWB manual quarterly (NWDP),Bore well,Semi-confined,40.65,,80,1999,2024,9.73,5.08,13.49,7.9,5.59,-0.17,False
Basapura,Basapura,HUKERI,Belagavi,16.06055556,74.65111111,CGWB manual quarterly (NWDP),Dug well,Unconfined,15.3,,39,2013,2024,12.06,11.87,14.37,10.54,3.83,-0.155,False
Bastwad,Bastwad,HUKERI,Belagavi,16.19027778,74.58861111,CGWB manual quarterly (NWDP),Dug well,Unconfined,11.0,,42,2013,2024,4.99,3.87,7.28,4.22,3.06,-0.224,False
Bekud,Bekud,RAYBAG,Belagavi,16.425,74.83888889,CGWB manual quarterly (NWDP),Dug well,Unconfined,11.25,,71,2005,2024,5.02,2.93,6.81,4.03,2.78,-0.148,False
Belakud,Belakud,CHIKODI,Belagavi,16.36111111,74.65361111,CGWB manual quarterly (NWDP),Dug well,Unconfined,13.5,,43,2013,2024,5.72,4.36,7.63,4.41,3.22,-0.397,False
Belgaum,Belgaum,BELGAUM,Belagavi,15.85833333,74.52916667,CGWB manual quarterly (NWDP),Bore well,Semi-confined,40.65,,77,1998,2024,10.91,12.13,11.98,10.99,0.99,0.001,False
Belgaum1,Belgaum,BELGAUM,Belagavi,15.86666667,74.5,CGWB manual quarterly (NWDP),Dug well,Unconfined,13.6,0.023,108,1996,2024,4.52,5.17,6.13,3.91,2.22,-0.016,False
Belgaum_1,-,-,Belagavi,15.8583,74.5292,CGWB manual quarterly (NWDP),Bore well,Semi-confined,40.65,,1,2023,2023,11.95,11.95,,,,,False
Bellad Bagewadi,Bagewadi,HUKERI,Belagavi,16.3,74.72083333,CGWB manual quarterly (NWDP),Dug well,Unconfined,13.84,0.02,108,1996,2024,1.34,1.31,2.26,0.95,1.31,-0.02,False
Betageri,Betageri,GOKAK,Belagavi,16.18333333,74.98333333,CGWB manual quarterly (NWDP),,,,,28,1996,2009,3.97,3.48,4.79,3.22,1.57,0.017,False
Bidi,Bidi,KHANAPUR,Belagavi,15.53333333,74.66666667,CGWB manual quarterly (NWDP),Dug well,Unconfined,10.06,,95,1996,2023,6.27,6.47,9.45,5.53,3.92,0.048,False
Bidi1,Bidi,KHANAPUR,Belagavi,15.56666667,74.65416667,CGWB manual quarterly (NWDP),,,,,1,2014,2014,34.6,34.6,34.6,,,,False
Budarkatti,Budarkatti,SAMPGAON,Belagavi,15.675,74.83333333,CGWB manual quarterly (NWDP),,,,,31,1996,2013,11.77,16.22,12.91,11.65,1.26,0.567,False
CHIKKANANDI,Chikkanandi,GOKAK,Belagavi,16.08777778,74.92611111,CGWB manual quarterly (NWDP),Dug well,,11.0,,40,2013,2024,5.39,5.35,7.86,4.01,3.85,0.068,False
Changad,Changad,BELGAUM,Belagavi,15.91666667,74.65,CGWB manual quarterly (NWDP),Dug well,Unconfined,10.19,,72,2005,2024,3.28,3.07,5.02,2.36,2.66,-0.029,False
Chikkanandi,Chikkanandi,GOKAK,Belagavi,16.09166667,74.92916667,CGWB manual quarterly (NWDP),Bore well,Semi-confined,38.2,,85,1999,2024,4.22,5.15,6.06,3.32,2.74,0.007,False
Chikkanandi_1,-,GOKAK,Belagavi,16.09,74.93,CGWB manual quarterly (NWDP),,,,,2,2023,2023,6.56,6.56,,6.59,,,False
Chikkanandi_2,-,-,Belagavi,16.0917,74.9292,CGWB manual quarterly (NWDP),Bore well,Semi-confined,38.2,,1,2023,2023,7.7,7.7,,,,,False
Chikodi,Chikodi,CHIKODI,Belagavi,16.42916667,74.5875,CGWB manual quarterly (NWDP),,,,,1,2005,2005,7.98,7.98,,,,,False
Chikodi1,Chikodi,CHIKODI,Belagavi,16.43333333,74.58333333,CGWB manual quarterly (NWDP),,,,,40,1996,2009,5.6,3.61,8.28,3.02,5.26,-0.182,False
Chinchali,Chinchali,RAYBAG,Belagavi,16.5625,74.81583333,CGWB manual quarterly (NWDP),Bore well,,25.0,,6,2013,2024,10.54,13.86,15.7,5.75,9.95,0.875,False
Chincholi,Chincholi,RAYBAG,Belagavi,16.28333333,74.60416667,CGWB manual quarterly (NWDP),Dug well,Unconfined,18.0,,66,2005,2023,11.8,10.59,14.84,10.67,4.17,-0.002,False
Examba,Examba,CHIKODI,Belagavi,16.53333333,74.60416667,CGWB manual quarterly (NWDP),Dug well,Unconfined,13.0,0.02,103,1996,2024,8.09,5.97,9.01,7.7,1.31,-0.143,False
Galatga,Galatga,CHIKODI,Belagavi,16.4875,74.47083333,CGWB manual quarterly (NWDP),Dug well,Unconfined,16.0,0.02,107,1996,2024,11.52,9.75,14.85,10.1,4.75,-0.125,False
Ghataprabha,Ghataprabha,GOKAK,Belagavi,16.26666667,74.76666667,CGWB manual quarterly (NWDP),,,,,15,1996,1999,1.6,1.43,2.12,1.39,0.73,,False
Ghodageri,Ghodageri,GOKAK,Belagavi,16.1825,74.69222222,CGWB manual quarterly (NWDP),Dug well,Unconfined,7.85,,43,2013,2024,1.37,1.38,1.45,1.37,0.08,0.007,False
Godachi,Godachi,RAMDURG,Belagavi,16.01194444,75.19694444,CGWB manual quarterly (NWDP),Dug well,Unconfined,8.11,,43,2012,2024,4.17,3.86,5.87,3.39,2.48,-0.145,False
Gokak,Gokak,GOKAK,Belagavi,16.175,74.84166667,CGWB manual quarterly (NWDP),Bore well,Semi-confined,32.1,,73,1999,2024,6.68,5.86,7.16,5.96,1.2,-0.071,False
Gokak1,Gokak,GOKAK,Belagavi,16.1625,74.83333333,CGWB manual quarterly (NWDP),Dug well,,12.15,,69,1996,2023,6.8,7.1,7.02,6.54,0.48,-0.121,False
Gondwad,Gowadwad,HUKERI,Belagavi,16.225,74.68333333,CGWB manual quarterly (NWDP),Dug well,Unconfined,11.0,,96,1996,2024,2.44,2.1,2.75,2.3,0.45,-0.0,False
Gotur,Gotur,HUKERI,Belagavi,16.23333333,74.53333333,CGWB manual quarterly (NWDP),Dug well,Unconfined,13.16,0.02,106,1996,2024,5.48,4.11,8.08,4.03,4.05,-0.099,False
Gumachinamardi,Gumachinamardi,HUKERI,Belagavi,16.1,74.69972222,CGWB manual quarterly (NWDP),Dug well,Unconfined,10.06,,43,2013,2024,2.0,2.15,2.24,1.77,0.47,0.062,False
Gunji,Gunji,KHANAPUR,Belagavi,15.53611111,74.49027778,CGWB manual quarterly (NWDP),,,,,100,1996,2024,1.28,1.17,2.2,0.87,1.33,-0.03,False
Gurlapur,Gurlapur,RAYBAG,Belagavi,16.36666667,74.975,CGWB manual quarterly (NWDP),,,,,71,2005,2024,7.61,7.74,13.77,5.26,8.51,0.066,False
Halaga,Halaga,BELGAUM,Belagavi,15.76888889,74.55833333,CGWB manual quarterly (NWDP),Dug well,Unconfined,13.0,0.018,105,1996,2024,4.45,3.86,7.74,3.0,4.74,-0.096,False
Hallakki,Halaki,PARASGAD,Belagavi,15.91388889,74.91666667,CGWB manual quarterly (NWDP),Dug well,Unconfined,17.0,0.018,106,1996,2024,6.34,3.43,8.84,4.49,4.35,-0.056,False
Halyal,Halyal,ATHNI,Belagavi,16.63611111,75.02777778,CGWB manual quarterly (NWDP),Bore well,,50.4,,4,1998,2019,1.55,1.95,1.4,1.65,-0.25,,False
Halyal1,Halyal,ATHNI,Belagavi,16.63333333,75.00833333,CGWB manual quarterly (NWDP),Dug well,Unconfined,13.89,0.02,107,1996,2024,2.97,2.55,4.26,2.34,1.92,-0.015,False
Hanjamhatti,Hanjamhatti,HUKERI,Belagavi,16.28333333,74.61666667,CGWB manual quarterly (NWDP),Dug well,Unconfined,11.2,,99,1996,2024,3.55,1.78,7.45,1.7,5.75,-0.02,False
Hattargi,Hattargi,HUKERI,Belagavi,16.13333333,74.5,CGWB manual quarterly (NWDP),Dug well,Unconfined,11.69,,71,2005,2024,5.27,3.19,8.63,3.86,4.77,0.041,False
Hidkal,Hidkal,RAYBAG,Belagavi,16.45833333,74.925,CGWB manual quarterly (NWDP),Bore well,,56.5,,17,1999,2023,16.61,4.95,26.75,9.74,17.01,-0.396,False
Hidkal Dam,Hidkal Dam,HUKERI,Belagavi,16.14027778,74.65111111,CGWB manual quarterly (NWDP),Bore well,Semi-confined,41.0,,81,1999,2024,3.07,4.23,5.56,2.76,2.8,0.054,False
Hidkal Dam_1,-,-,Belagavi,16.1403,74.6511,CGWB manual quarterly (NWDP),Bore well,Semi-confined,41.0,,1,2023,2023,3.47,3.47,,,,,False
Hire bagewadi,Hire bagewadi,SAMPGAON,Belagavi,15.8375,74.64583333,CGWB manual quarterly (NWDP),Dug well,Unconfined,16.5,,84,1996,2024,5.5,3.82,8.93,3.57,5.36,-0.012,False
Hubravadi,Hubravadi,RAYBAG,Belagavi,16.43333333,74.74166667,CGWB manual quarterly (NWDP),Dug well,Unconfined,17.0,,73,2005,2024,6.73,8.12,7.78,6.28,1.5,0.082,False
Hukeri1,Hukeri,HUKERI,Belagavi,16.225,74.60555556,CGWB manual quarterly (NWDP),Dug well,Unconfined,13.92,0.02,108,1996,2024,6.59,6.77,7.96,5.47,2.49,-0.124,False
Hukkeri,Hukeri,HUKERI,Belagavi,16.23666667,74.6,CGWB manual quarterly (NWDP),,,,,75,2002,2024,5.72,4.14,7.66,4.27,3.39,-0.178,False
Hukkeri_1,-,-,Belagavi,16.2367,74.6,CGWB manual quarterly (NWDP),,,,,1,2023,2023,4.55,4.55,,,,,False
Hulikatti,Hulikatti,PARASGAD,Belagavi,15.84166667,75.225,CGWB manual quarterly (NWDP),,,,,26,1996,2010,15.8,13.63,16.26,16.31,-0.05,-0.057,False
Hulloli,Hulloli,HUKERI,Belagavi,16.25833333,74.65833333,CGWB manual quarterly (NWDP),Dug well,Unconfined,11.91,0.02,106,1996,2024,3.67,2.23,4.81,2.86,1.95,-0.162,False
Hunuru,Hunuru,HUKERI,Belagavi,16.165,74.61722222,CGWB manual quarterly (NWDP),Dug well,Unconfined,11.41,,43,2013,2024,4.25,4.0,7.76,2.35,5.41,-0.106,False
Islampura,Islampura,HUKERI,Belagavi,16.04833333,74.575,CGWB manual quarterly (NWDP),Dug well,Unconfined,14.75,,40,2013,2024,10.4,7.73,13.21,8.71,4.5,-0.68,False
K.Chandargi,K.Chandargi,RAMDURG,Belagavi,16.025,75.15833333,CGWB manual quarterly (NWDP),Bore well,,26.05,,43,1999,2013,4.66,5.08,7.06,2.48,4.58,-0.071,False
Kabbur,Kabbur,CHIKODI,Belagavi,16.34444444,74.72777778,CGWB manual quarterly (NWDP),Dug well,Unconfined,18.0,0.02,106,1996,2024,6.27,7.49,7.5,5.59,1.91,0.026,False
Kadoli,Kadrolli,BELGAUM,Belagavi,15.80138889,74.48472222,CGWB manual quarterly (NWDP),,,,,42,1996,2023,10.42,6.23,14.72,7.59,7.13,-0.01,False
Kagwad,Kagwad,ATHNI,Belagavi,16.68194444,74.70138889,CGWB manual quarterly (NWDP),Bore well,,60.0,,13,1999,2024,7.31,6.92,8.93,4.73,4.2,-0.118,False
Kakmari,Kakmari,ATHNI,Belagavi,16.86944444,75.275,CGWB manual quarterly (NWDP),Dug well,Unconfined,7.75,,90,1996,2024,4.09,3.42,5.46,2.69,2.77,-0.024,False
Kakti,Kakti,BELGAUM,Belagavi,15.93055556,74.53333333,CGWB manual quarterly (NWDP),Dug well,,11.42,,87,1996,2018,6.86,7.06,8.46,6.51,1.95,-0.018,False
Kallolli,Kallolli,GOKAK,Belagavi,16.26666667,74.87083333,CGWB manual quarterly (NWDP),Bore well,Semi-confined,35.0,,79,1999,2024,2.46,2.36,5.05,1.72,3.33,-0.013,False
Kallolli1,Kallolli,GOKAK,Belagavi,16.225,74.85,CGWB manual quarterly (NWDP),,,,,38,1996,2005,1.87,1.91,4.88,0.78,4.1,-0.017,False
Kasba Chandargi1,K.Chandargi,RAMDURG,Belagavi,16.04166667,75.13333333,CGWB manual quarterly (NWDP),,,,,19,1996,2010,4.14,2.98,5.06,3.22,1.84,-0.069,False
Katakol,Katakol,RAMDURG,Belagavi,15.98333333,75.13333333,CGWB manual quarterly (NWDP),,,,,44,1996,2010,5.54,4.62,6.35,4.51,1.84,-0.013,False
Khanagaon,Khanagaon,GOKAK,Belagavi,16.02222222,74.82777778,CGWB manual quarterly (NWDP),,,,,89,1996,2024,5.13,4.68,6.26,4.7,1.56,-0.247,False
Khanapur,Khanapur,KHANAPUR,Belagavi,15.55833333,74.64166667,CGWB manual quarterly (NWDP),,,,,74,1998,2024,9.96,8.08,26.3,8.43,17.87,-0.024,False
Khanapur1,Khanapur,KHANAPUR,Belagavi,15.66666667,74.5,CGWB manual quarterly (NWDP),Dug well,Unconfined,13.14,0.023,109,1996,2024,7.66,7.7,10.08,7.39,2.69,-0.016,False
Khotanatti,Khotanatti,ATHNI,Belagavi,16.75833333,75.23333333,CGWB manual quarterly (NWDP),Dug well,Unconfined,15.33,0.02,108,1996,2024,8.73,7.72,11.23,6.05,5.18,-0.039,False
Kittur,Kittur,SAMPGAON,Belagavi,15.58333333,74.79166667,CGWB manual quarterly (NWDP),,,,,2,2002,2006,25.76,21.52,30.0,,,,False
Kittur1,Kittur,SAMPGAON,Belagavi,15.55,74.78333333,CGWB manual quarterly (NWDP),Dug well,Unconfined,3.8,,95,1996,2024,1.27,0.91,1.95,1.01,0.94,-0.014,False
Kokatnur,Kokatnur,ATHNI,Belagavi,16.66666667,75.24166667,CGWB manual quarterly (NWDP),,,,,33,1996,2006,3.47,4.5,4.86,2.3,2.56,0.124,False
Koligud,Koligud,ATHNI,Belagavi,16.59166667,74.98333333,CGWB manual quarterly (NWDP),Dug well,Unconfined,14.96,,75,1996,2024,6.88,6.06,10.4,5.27,5.13,0.138,False
Koujalgi,Koujalgi,GOKAK,Belagavi,16.2,75.05416667,CGWB manual quarterly (NWDP),Bore well,Semi-confined,41.25,,80,1999,2023,8.93,5.89,11.9,6.48,5.42,-0.273,False
Kudichi,Kudachi,BELGAUM,Belagavi,15.86666667,74.56666667,CGWB manual quarterly (NWDP),Dug well,Unconfined,20.0,0.018,109,1996,2024,3.83,3.3,6.51,2.66,3.85,-0.051,False
Kudichi pz,Kudachi,RAYBAG,Belagavi,16.62916667,74.85,CGWB manual quarterly (NWDP),Bore well,Semi-confined,35.15,,71,2000,2022,5.0,2.94,10.64,3.18,7.46,0.003,False
Kuduchi,KUDUCHI,RAYBAG,Belagavi,16.6,74.93333333,CGWB manual quarterly (NWDP),Dug well,Unconfined,15.53,,68,2004,2024,4.32,4.01,5.47,3.69,1.78,-0.125,False
Kuligod,Koulgudd,GOKAK,Belagavi,16.24583333,75.04583333,CGWB manual quarterly (NWDP),,,,,27,1996,2013,4.76,9.41,6.16,4.16,2.0,-0.244,False
Kundargi,Kundargi,GOKAK,Belagavi,16.08027778,74.68444444,CGWB manual quarterly (NWDP),Dug well,Unconfined,12.88,,43,2013,2024,6.53,5.49,8.1,5.24,2.86,-0.237,False
Londa,Londa,KHANAPUR,Belagavi,15.43333333,74.49166667,CGWB manual quarterly (NWDP),Bore well,Semi-confined,42.65,,13,1999,2023,12.88,13.58,15.36,12.25,3.11,0.037,False
Londa1,Londa,KHANAPUR,Belagavi,15.45,74.5,CGWB manual quarterly (NWDP),Dug well,Unconfined,15.5,,99,1996,2024,9.32,8.45,12.76,8.6,4.16,-0.077,False
M.k.hubli,M.k.hubli,SAMPGAON,Belagavi,15.73333333,74.69166667,CGWB manual quarterly (NWDP),Bore well,Semi-confined,40.65,,14,1998,2006,29.25,33.33,31.85,30.08,1.77,1.368,False
M.k.hubli1,M.k.hubli,SAMPGAON,Belagavi,15.725,74.70833333,CGWB manual quarterly (NWDP),,,,,7,1996,1997,17.45,17.45,22.22,23.42,-1.2,,False
Madihalli,Madihalli,HUKERI,Belagavi,16.21166667,74.63111111,CGWB manual quarterly (NWDP),Dug well,Unconfined,6.55,,41,2013,2023,1.96,1.86,2.75,1.69,1.06,-0.05,False
Malabad,Malabad,ATHNI,Belagavi,16.87222222,75.11111111,CGWB manual quarterly (NWDP),,,,,3,1999,2019,13.2,13.7,13.95,,,,False
Mallabad1,Malabad,ATHNI,Belagavi,16.90277778,75.11944444,CGWB manual quarterly (NWDP),Dug well,Unconfined,13.85,0.02,104,1996,2024,11.21,11.3,11.72,9.96,1.76,-0.007,False
Mamadapur,Mamadapur,GOKAK,Belagavi,16.08333333,74.95,CGWB manual quarterly (NWDP),Dug well,Unconfined,18.47,0.018,107,1996,2024,8.14,10.59,9.66,7.09,2.57,-0.031,False
Mangsuli,Mangsuli,ATHNI,Belagavi,16.73361111,74.8375,CGWB manual quarterly (NWDP),Dug well,Unconfined,12.5,,43,2013,2024,2.3,1.63,4.71,1.02,3.69,-0.105,False
Matholli,Matholli,PARASGAD,Belagavi,15.85,75.11666667,CGWB manual quarterly (NWDP),,,,,37,1996,2005,4.37,5.87,6.28,3.47,2.81,0.41,False
Mole,Mole,ATHNI,Belagavi,16.75,74.99166667,CGWB manual quarterly (NWDP),Dug well,Unconfined,14.85,,95,1996,2024,3.91,3.88,4.66,3.24,1.42,-0.146,False
Munavalli,Munavalli,PARASGAD,Belagavi,15.85,75.11666667,CGWB manual quarterly (NWDP),,,,,36,2012,2023,7.54,4.02,10.49,6.68,3.81,-0.561,False
Murgod,Murgod,PARASGAD,Belagavi,15.9,74.91666667,CGWB manual quarterly (NWDP),Dug well,Unconfined,12.19,,68,2004,2024,3.7,2.72,4.19,3.27,0.92,0.065,False
N.s.pura,N.s.pura,HUKERI,Belagavi,16.11805556,74.51666667,CGWB manual quarterly (NWDP),,,,,1,2000,2000,5.65,5.65,,,,,False
Naganur,Naganur,GOKAK,Belagavi,16.3,74.91,CGWB manual quarterly (NWDP),,,,,43,2012,2024,3.16,3.45,5.3,1.78,3.52,0.042,False
Nagarahalli,-,-,Belagavi,15.4167,74.6167,CGWB manual quarterly (NWDP),Bore well,Semi-confined,20.0,,3,2023,2024,6.72,6.72,,6.66,,,False
Nagargali,Nagargali,KHANAPUR,Belagavi,15.41666667,74.61666667,CGWB manual quarterly (NWDP),Bore well,Semi-confined,20.0,,19,1999,2023,5.7,6.58,9.0,4.17,4.83,-0.099,False
Nandagaon,Nandagaon,KHANAPUR,Belagavi,15.575,74.575,CGWB manual quarterly (NWDP),Dug well,Unconfined,12.29,,21,1999,2023,34.88,4.3,41.36,28.03,13.33,-1.651,False
Nandagaon1,Nandagaon,ATHNI,Belagavi,16.68055556,75.125,CGWB manual quarterly (NWDP),Dug well,Unconfined,15.33,0.02,107,1996,2024,6.72,4.21,8.49,5.0,3.49,-0.187,False
Nandgad,Nandgad,KHANAPUR,Belagavi,15.575,74.575,CGWB manual quarterly (NWDP),Dug well,Unconfined,12.29,,43,2012,2024,5.95,6.32,10.61,4.73,5.88,-0.033,False
Nasalapur,Nasalapur,RAYBAG,Belagavi,16.53333333,74.70833333,CGWB manual quarterly (NWDP),Dug well,Unconfined,13.0,,76,1996,2024,4.72,4.32,7.56,3.92,3.64,-0.022,False
Navalihal,Navalihal,ATHNI,Belagavi,16.74166667,74.88611111,CGWB manual quarterly (NWDP),Dug well,Unconfined,11.8,,87,1996,2021,5.64,3.7,6.99,4.32,2.67,-0.15,False
Navalihal1,Navalihal,CHIKODI,Belagavi,16.43333333,74.46666667,CGWB manual quarterly (NWDP),Dug well,,14.65,,56,1996,2016,6.05,3.14,7.47,5.49,1.98,-0.13,False
Nesaragi,Nesaragi,SAMPGAON,Belagavi,15.90416667,74.775,CGWB manual quarterly (NWDP),Bore well,,56.5,,17,1998,2023,12.5,10.31,10.95,9.54,1.41,0.185,False
Nesaragi1,Nesaragi,SAMPGAON,Belagavi,15.90833333,74.775,CGWB manual quarterly (NWDP),Dug well,Unconfined,13.71,,90,1996,2024,9.15,5.5,10.43,8.17,2.26,-0.091,False
Nippani,Nippani,CHIKODI,Belagavi,16.395,74.38,CGWB manual quarterly (NWDP),,,,,9,1999,2012,7.75,25.53,3.54,2.95,0.59,2.066,False
Nippani1,Nippani,CHIKODI,Belagavi,16.40416667,74.37916667,CGWB manual quarterly (NWDP),Dug well,Unconfined,10.0,,93,1996,2024,3.94,4.01,5.46,2.96,2.5,-0.044,False
Parthanhalli,Partmanahalli,GOKAK,Belagavi,16.15,75.06666667,CGWB manual quarterly (NWDP),Dug well,Unconfined,9.25,0.018,104,1996,2024,4.79,3.21,6.46,3.52,2.94,-0.11,False
Piranwadi,Peerwadi,BELGAUM,Belagavi,15.775,74.48333333,CGWB manual quarterly (NWDP),Dug well,Unconfined,8.1,0.023,96,1996,2024,3.75,4.89,7.58,2.73,4.85,0.045,False
Prabhunagar,Prabhunagar,KHANAPUR,Belagavi,15.68611111,74.50833333,CGWB manual quarterly (NWDP),Dug well,,13.2,,89,1996,2018,5.03,4.9,10.64,2.9,7.74,-0.053,False
Radderhatti,Radderhatti,ATHNI,Belagavi,16.64166667,75.075,CGWB manual quarterly (NWDP),Dug well,Unconfined,13.7,0.02,104,1996,2024,7.73,4.3,11.41,5.29,6.12,-0.191,False
Raibag,Rayabag,RAYBAG,Belagavi,16.49166667,74.775,CGWB manual quarterly (NWDP),Bore well,,38.2,,70,1999,2023,6.47,5.52,14.19,4.22,9.97,-0.056,False
Rakshi,Raxi,HUKERI,Belagavi,16.23333333,74.65,CGWB manual quarterly (NWDP),Dug well,,10.15,,91,1996,2019,4.84,5.2,5.51,4.3,1.21,-0.046,False
Ramdurg,Ramdurg,RAMDURG,Belagavi,15.93333333,75.30277778,CGWB manual quarterly (NWDP),Bore well,Semi-confined,28.45,,74,1999,2024,9.6,9.04,10.33,8.56,1.77,0.104,False
Ramdurg1,Ramdurg,RAMDURG,Belagavi,15.88333333,75.35,CGWB manual quarterly (NWDP),Dug well,Unconfined,16.0,,104,1996,2024,11.83,12.37,12.94,10.93,2.01,0.131,False
Ramdurg_1,-,-,Belagavi,15.93,75.3,CGWB manual quarterly (NWDP),,,,,1,2023,2023,11.45,11.45,,11.45,,,False
Rayabag1,Rayabag,RAYBAG,Belagavi,16.5,74.76666667,CGWB manual quarterly (NWDP),Dug well,Unconfined,10.8,0.02,92,1996,2023,5.7,5.63,9.26,5.1,4.16,0.146,False
Raybag,Raybag,RAYBAG,Belagavi,16.49166667,74.775,CGWB manual quarterly (NWDP),Bore well,,38.2,,1,2015,2015,12.24,12.24,12.24,,,,False
Rupnal,Rupnal,CHIKODI,Belagavi,16.475,74.63333333,CGWB manual quarterly (NWDP),Dug well,Unconfined,12.77,0.02,106,1996,2024,6.44,2.36,7.88,5.63,2.25,-0.237,False
Rustumpur,Rustumpur,GOKAK,Belagavi,16.09444444,74.675,CGWB manual quarterly (NWDP),,,,,4,2002,2005,4.49,4.49,,5.06,,,False
Sadalga,Sadalgi,CHIKODI,Belagavi,16.57083333,74.54166667,CGWB manual quarterly (NWDP),,,,,60,1999,2018,9.74,9.8,10.19,9.71,0.48,-0.065,False
Salahalli,Salahalli,RAMDURG,Belagavi,16.09166667,75.23333333,CGWB manual quarterly (NWDP),Dug well,Unconfined,11.0,,64,2005,2024,6.07,4.72,7.88,4.84,3.04,0.017,False
Sangankeri,Sangankeri,GOKAK,Belagavi,16.20833333,74.85,CGWB manual quarterly (NWDP),Dug well,Unconfined,7.5,,72,2005,2024,1.69,1.47,4.06,1.2,2.86,0.012,False
Sankeshwar,Sankeshwar,HUKERI,Belagavi,16.25833333,74.48333333,CGWB manual quarterly (NWDP),,,,,107,1996,2024,3.57,2.79,4.21,3.25,0.96,-0.056,False
Sarapur,Sarapur,HUKERI,Belagavi,16.28888889,74.66805556,CGWB manual quarterly (NWDP),Dug well,,11.07,,26,2013,2019,2.78,2.62,4.05,2.38,1.67,0.138,False
Saundathi,Sampgaon,SAMPGAON,Belagavi,15.80833333,74.85833333,CGWB manual quarterly (NWDP),Bore well,,40.65,,42,2000,2015,24.2,33.58,27.92,21.53,6.39,1.915,False
Saundatti,Saundatti,PARASGAD,Belagavi,15.75555556,75.25138889,CGWB manual quarterly (NWDP),Dug well,Unconfined,18.84,0.023,109,1996,2024,4.4,2.85,5.69,3.55,2.14,-0.032,False
Shirguppi,Shirguppi,ATHNI,Belagavi,16.61666667,74.70555556,CGWB manual quarterly (NWDP),,,,,9,1999,2002,14.23,14.2,16.96,12.05,4.91,,False
Sindhikurbet,Sindhikurbet,GOKAK,Belagavi,16.21416667,74.79305556,CGWB manual quarterly (NWDP),Dug well,Unconfined,11.1,,41,2013,2024,6.05,5.8,9.03,4.38,4.65,-0.046,False
Sondalaga,Saundalga,CHIKODI,Belagavi,16.475,74.6,CGWB manual quarterly (NWDP),Bore well,,50.4,,64,1999,2023,10.43,8.1,13.93,9.21,4.72,0.089,False
Sopadla,Soppadla,PARASGAD,Belagavi,15.99166667,75.05,CGWB manual quarterly (NWDP),Dug well,Unconfined,18.36,,104,1996,2024,6.72,2.81,8.4,5.11,3.29,-0.183,False
Soundalga1,Saundalga,CHIKODI,Belagavi,16.51666667,74.51666667,CGWB manual quarterly (NWDP),Dug well,Unconfined,10.35,0.02,105,1996,2024,4.58,4.88,6.72,3.33,3.39,-0.03,False
Sulebhavi,Sulebhavi,BELGAUM,Belagavi,15.89472222,74.65972222,CGWB manual quarterly (NWDP),Dug well,Unconfined,14.0,,43,2012,2024,3.19,2.12,5.2,2.85,2.35,-0.294,False
Sutagatti,Sutagatti,BELGAUM,Belagavi,16.06666667,74.52083333,CGWB manual quarterly (NWDP),,,,,106,1996,2024,9.5,7.23,13.49,6.8,6.69,-0.138,False
Sutagatti1,Sutagatti,SAMPGAON,Belagavi,15.875,74.70833333,CGWB manual quarterly (NWDP),Dug well,Unconfined,17.5,0.023,108,1996,2024,7.76,6.92,10.46,6.05,4.41,-0.025,False
Telsang,Telsang,ATHNI,Belagavi,16.79166667,75.3375,CGWB manual quarterly (NWDP),Dug well,,5.8,,38,2005,2015,3.42,3.9,4.34,2.33,2.01,0.057,False
Uchagaon,Uchagaon,BELGAUM,Belagavi,15.79166667,74.46805556,CGWB manual quarterly (NWDP),Dug well,Unconfined,18.8,0.023,99,1996,2024,6.13,6.11,14.44,3.74,10.7,0.077,False
Vantamuri,Vantamuri,BELGAUM,Belagavi,16.02722222,74.5325,CGWB manual quarterly (NWDP),Dug well,Unconfined,3.68,,39,2013,2024,0.57,0.48,0.87,0.33,0.54,-0.027,False
Watre,Watre,KHANAPUR,Belagavi,16.05083333,75.18777778,CGWB manual quarterly (NWDP),Dug well,Unconfined,13.75,,41,2013,2024,8.08,8.09,12.27,7.4,4.87,-0.024,False
YADAWAD,YADAWAD,GOKAK,Belagavi,16.23333333,75.175,CGWB manual quarterly (NWDP),Dug well,,14.35,,8,2005,2013,11.18,8.99,13.75,8.2,5.55,-0.487,False
Yadgud,Yadgud,HUKERI,Belagavi,16.325,74.6,CGWB manual quarterly (NWDP),Dug well,Unconfined,21.86,,90,1996,2023,14.76,7.61,19.05,11.5,7.55,-0.073,False
Yaraganavi,Yaraganavi,PARASGAD,Belagavi,16.01638889,74.99777778,CGWB manual quarterly (NWDP),Dug well,Unconfined,14.87,,37,2013,2023,9.12,4.96,12.65,7.43,5.22,-0.766,False
Yargatti,Yargatti,PARASGAD,Belagavi,15.95833333,75.02916667,CGWB manual quarterly (NWDP),Bore well,,40.65,,18,1999,2019,35.11,8.61,29.56,39.26,-9.7,-0.474,False
Yebaratti,Yebaratti,RAYBAG,Belagavi,16.43333333,74.79166667,CGWB manual quarterly (NWDP),Dug well,Unconfined,17.0,0.02,102,1996,2024,7.67,5.34,10.01,6.19,3.82,0.056,False
Yedrav,Yedrav,RAYBAG,Belagavi,16.51666667,74.76666667,CGWB manual quarterly (NWDP),Dug well,Unconfined,13.5,0.02,100,1996,2024,6.02,5.3,8.47,4.8,3.67,0.073,False
Yeli Munoli,Yeli Munoli,HUKERI,Belagavi,16.26916667,74.58083333,CGWB manual quarterly (NWDP),Dug well,Unconfined,10.42,,42,2013,2024,4.41,2.51,6.68,3.07,3.61,-0.483,False
Achalu,Achalu,RAMANAGARAM,Bengaluru Rural,12.7,77.29444444,CGWB manual quarterly (NWDP),,,,,13,1996,2008,4.19,4.85,4.13,4.15,-0.02,0.064,False
Alahalli,Alahalli,KANAKAPURA,Bengaluru Rural,12.39166667,77.48333333,CGWB manual quarterly (NWDP),,,,,9,2000,2005,2.52,-0.6,3.53,0.82,2.71,-0.713,False
Aralalu,Aralalu,KANAKAPURA,Bengaluru Rural,12.52194444,77.42861111,CGWB manual quarterly (NWDP),Dug well,Unconfined,11.65,,39,2013,2024,2.79,1.93,4.16,1.76,2.4,-0.231,False
Arasinakunte,Arasinakunte,DEVANHALLI,Bengaluru Rural,13.2,77.7,CGWB manual quarterly (NWDP),,,,,30,1998,2012,10.89,11.71,11.28,10.42,0.86,0.162,False
Attingere,Attingere,MAGADI,Bengaluru Rural,12.875,77.28333333,CGWB manual quarterly (NWDP),,,,,52,1996,2013,10.75,12.7,11.93,9.84,2.09,0.287,False
Avathi,Avathi,DEVANHALLI,Bengaluru Rural,13.34166667,77.775,CGWB manual quarterly (NWDP),Dug well,Unconfined,14.38,,53,2007,2024,10.16,6.04,10.7,9.39,1.31,-0.423,False
Bachanahati,Bachanahati,MAGADI,Bengaluru Rural,12.95277778,77.30277778,CGWB manual quarterly (NWDP),Bore well,,60.0,,2,2005,2005,6.76,6.76,7.49,,,,False
Bachenahatti,Bachanahati,MAGADI,Bengaluru Rural,12.95277778,77.30277778,CGWB manual quarterly (NWDP),Bore well,,60.0,,4,2012,2014,8.0,8.0,8.25,6.04,2.21,,False
Bairanahalli Cross,Bairanahalli Cross,MAGADI,Bengaluru Rural,12.95638889,77.22361111,CGWB manual quarterly (NWDP),Dug well,Unconfined,9.0,,32,2014,2024,3.41,2.84,4.3,2.32,1.98,-0.138,False
Bairasandra,Bairasandra,DEVANHALLI,Bengaluru Rural,13.28277778,77.61472222,CGWB manual quarterly (NWDP),Dug well,Unconfined,13.0,,24,2016,2024,6.34,6.32,6.77,6.89,-0.12,0.256,False
Banavadi,Banavadi,MAGADI,Bengaluru Rural,13.11666667,77.25833333,CGWB manual quarterly (NWDP),Dug well,Unconfined,20.0,0.023,102,1996,2024,4.66,2.9,5.92,3.72,2.2,-0.048,False
Bhairapur Tippur,Bhairapur Thippur,DODBALLAPUR,Bengaluru Rural,12.35833333,77.44166667,CGWB manual quarterly (NWDP),Dug well,,8.8,,22,2012,2021,6.2,7.9,5.96,6.09,-0.13,0.252,False
Bidadi,Bidadi,RAMANAGARAM,Bengaluru Rural,12.8,77.4375,CGWB manual quarterly (NWDP),Bore well,Semi-confined,50.0,,76,1999,2024,12.82,12.2,13.77,10.42,3.35,0.245,False
Bidadi1,Bidadi,RAMANAGARAM,Bengaluru Rural,12.8,77.39444444,CGWB manual quarterly (NWDP),,,,,21,1996,2001,4.29,3.63,5.88,1.99,3.89,-0.66,False
Channapatna,Channapatna,CHANNAPATNA,Bengaluru Rural,12.64166667,77.2,CGWB manual quarterly (NWDP),Bore well,,59.5,,18,1999,2016,9.38,23.49,16.54,7.83,8.71,1.86,False
Channapatna-A,Channapatna,CHANNAPATNA,Bengaluru Rural,12.66666667,77.2,CGWB manual quarterly (NWDP),Dug well,Unconfined,11.36,,52,1997,2024,3.55,1.48,3.56,3.15,0.41,-0.226,False
Channenahalli,Channenahalli,CHANNAPATNA,Bengaluru Rural,12.66666667,77.25,CGWB manual quarterly (NWDP),Bore well,Semi-confined,80.0,,68,2000,2021,32.78,36.74,33.15,32.04,1.11,0.718,False
Dasarahalli,Dasarahalli,HOSKOTE,Bengaluru Rural,13.0375,77.85,CGWB manual quarterly (NWDP),,,,,4,2006,2010,18.79,18.79,18.79,18.79,0.0,,False
Devanahalli A,Devanahalli A,DEVANHALLI,Bengaluru Rural,13.25,77.7,CGWB manual quarterly (NWDP),Dug well,Unconfined,23.0,,40,2013,2024,15.25,10.46,16.75,13.41,3.34,-0.985,False
Devanhalli,Devanhalli,DEVANHALLI,Bengaluru Rural,13.25,77.725,CGWB manual quarterly (NWDP),Bore well,Semi-confined,60.0,,86,1999,2024,21.61,19.77,21.93,21.88,0.05,0.162,False
Devanhalli1,Devanhalli,DEVANHALLI,Bengaluru Rural,13.25,77.7,CGWB manual quarterly (NWDP),Dug well,Unconfined,23.0,,35,1996,2015,9.61,13.4,9.48,8.64,0.84,-0.167,False
Devanhalli_1,-,-,Bengaluru Rural,13.25,77.72,CGWB manual quarterly (NWDP),,,,,1,2023,2023,17.25,17.25,,17.25,,,False
Dodballapur,Dodballapur,DODBALLAPUR,Bengaluru Rural,13.28694444,77.53833333,CGWB manual quarterly (NWDP),Dug well,Unconfined,15.1,,43,2013,2024,3.69,2.42,6.31,1.95,4.36,-0.455,False
Dodballapur1,Dodballapur,DODBALLAPUR,Bengaluru Rural,13.30833333,77.54166667,CGWB manual quarterly (NWDP),Bore well,Semi-confined,70.0,,86,1999,2024,23.88,12.11,28.59,21.05,7.54,-0.238,False
Dodballapur1_1,-,-,Bengaluru Rural,13.3083,77.5417,CGWB manual quarterly (NWDP),Bore well,Semi-confined,70.0,,1,2024,2024,17.76,17.76,,,,,False
Doddabelavengala,Doddabelavengala,DODBALLAPUR,Bengaluru Rural,13.29166667,77.42472222,CGWB manual quarterly (NWDP),,,,,5,2006,2013,12.12,12.12,12.12,,,,False
Doddalahalli,Doddalahalli,KANAKAPURA,Bengaluru Rural,12.4,77.39166667,CGWB manual quarterly (NWDP),Dug well,,15.2,,12,2007,2013,14.99,15.0,15.0,15.0,0.0,0.008,False
Doddalamarapalya,Doddalamarapalya,MAGADI,Bengaluru Rural,12.91666667,77.34166667,CGWB manual quarterly (NWDP),,,,,11,2007,2013,13.62,13.62,13.62,13.62,0.0,-0.0,False
Ganaldoddi,Ganalu,KANAKAPURA,Bengaluru Rural,12.61111111,77.38888889,CGWB manual quarterly (NWDP),Dug well,Unconfined,10.0,,98,1996,2024,3.23,3.0,3.86,2.34,1.52,0.025,False
Gangenapura,Gangenapura,NELAMANGALA,Bengaluru Rural,13.17583333,77.21194444,CGWB manual quarterly (NWDP),Dug well,Unconfined,10.5,,39,2013,2024,3.78,3.61,5.91,2.56,3.35,-0.063,False
Gollahalli,Gollahalli,DODBALLAPUR,Bengaluru Rural,13.36388889,77.52111111,CGWB manual quarterly (NWDP),Dug well,Unconfined,15.36,,78,1996,2023,9.97,6.84,10.84,8.71,2.13,-0.157,False
Gowdagere,Gowdagere,CHANNAPATNA,Bengaluru Rural,12.725,77.10833333,CGWB manual quarterly (NWDP),,,,,2,1996,1997,8.98,8.98,,8.97,,,False
Gudemaranahalli,Gudemaranahalli,MAGADI,Bengaluru Rural,13.04166667,77.26388889,CGWB manual quarterly (NWDP),Dug well,Unconfined,14.7,,91,1996,2021,10.51,10.43,11.53,9.39,2.14,0.036,False
Gundumgere,Gundumgere,DODBALLAPUR,Bengaluru Rural,13.43888889,77.46111111,CGWB manual quarterly (NWDP),,,,,1,1997,1997,10.84,10.84,,,,,False
Harohalli,Harohalli,KANAKAPURA,Bengaluru Rural,12.68333333,77.46666667,CGWB manual quarterly (NWDP),Bore well,Semi-confined,60.0,,75,1999,2024,11.46,7.17,12.85,9.55,3.3,-0.078,False
Harohalli A,Harohalli A,KANAKAPURA,Bengaluru Rural,12.68194444,77.475,CGWB manual quarterly (NWDP),Dug well,Unconfined,7.0,,31,2014,2023,2.41,1.48,2.75,2.4,0.35,-0.167,False
Harohalli1,Harohalli,KANAKAPURA,Bengaluru Rural,12.68333333,77.48333333,CGWB manual quarterly (NWDP),Dug well,,8.12,,68,1996,2024,2.82,4.94,3.68,2.29,1.39,0.052,False
Hegganur,Hegganur,KANAKAPURA,Bengaluru Rural,12.33333333,77.45,CGWB manual quarterly (NWDP),Dug well,Unconfined,20.0,,102,1996,2024,3.22,2.3,3.41,2.97,0.44,0.079,False
Hejjala,Hejjala,RAMANAGARAM,Bengaluru Rural,12.85,77.41666667,CGWB manual quarterly (NWDP),Dug well,,12.5,,50,1996,2016,9.1,3.99,10.46,7.29,3.17,0.183,False
Helagalli,Helagalli,KANAKAPURA,Bengaluru Rural,12.36638889,77.41055556,CGWB manual quarterly (NWDP),Dug well,Unconfined,9.0,,36,2013,2024,2.89,1.16,3.78,2.34,1.44,-0.407,False
Honganur,Honganur,CHANNAPATNA,Bengaluru Rural,12.6,77.20833333,CGWB manual quarterly (NWDP),Dug well,,10.1,,6,1997,2019,6.62,2.85,9.35,9.35,0.0,-0.002,False
Hosakote,Hosakote,HOSKOTE,Bengaluru Rural,13.075,77.775,CGWB manual quarterly (NWDP),Bore well,Semi-confined,66.0,,63,2007,2024,32.23,26.23,33.82,31.13,2.69,-0.894,False
Hoskote,Hoskote,HOSKOTE,Bengaluru Rural,13.06666667,77.8,CGWB manual quarterly (NWDP),,,,,3,2006,2010,10.58,10.58,10.58,,,,False
Huskur,Huskur,HOSKOTE,Bengaluru Rural,13.05833333,77.775,CGWB manual quarterly (NWDP),,,,,2,1998,1999,7.33,7.33,,6.96,,,False
Jadigenahalli,Jadigenahalli,HOSKOTE,Bengaluru Rural,13.03333333,77.86111111,CGWB manual quarterly (NWDP),,,,,28,1996,2009,6.09,6.84,6.94,4.67,2.27,0.123,False
Jalamangala,Jalamangala,RAMANAGARAM,Bengaluru Rural,12.81666667,77.22083333,CGWB manual quarterly (NWDP),Bore well,Semi-confined,52.0,,73,2000,2024,11.74,7.48,12.96,10.86,2.1,0.002,False
Jalamangala A,Jalamangala A,RAMANAGARAM,Bengaluru Rural,12.82,77.22027778,CGWB manual quarterly (NWDP),Dug well,Unconfined,9.5,,40,2013,2024,4.49,3.18,6.36,2.93,3.43,-0.374,False
Jyotipura,Jyotipura,DEVANHALLI,Bengaluru Rural,13.26666667,77.68472222,CGWB manual quarterly (NWDP),,,,,25,1998,2012,9.86,10.73,10.05,9.82,0.23,0.234,False
Kadashivanahalli,Kadashivanahalli,KANAKAPURA,Bengaluru Rural,12.49611111,77.58833333,CGWB manual quarterly (NWDP),Dug well,Unconfined,10.0,,29,2013,2023,5.42,3.22,6.94,3.02,3.92,-0.271,False
Kadugodi,Kadugodi,HOSKOTE,Bengaluru Rural,12.99166667,77.79166667,CGWB manual quarterly (NWDP),Bore well,,60.0,,58,2000,2017,27.86,45.92,27.11,28.04,-0.93,1.988,False
Kailancha,Kailancha,RAMANAGARAM,Bengaluru Rural,12.66666667,77.45,CGWB manual quarterly (NWDP),Dug well,Unconfined,9.5,,23,2013,2023,3.56,2.67,5.07,2.7,2.37,-0.295,False
Kalegowdanadoddi,Kalegowdanadoddi,RAMANAGARAM,Bengaluru Rural,12.8175,77.22277778,CGWB manual quarterly (NWDP),Dug well,Unconfined,9.0,,39,2013,2024,5.92,4.02,6.88,5.29,1.59,-0.448,False
Kanakapura,Kanakapura,KANAKAPURA,Bengaluru Rural,12.55833333,77.425,CGWB manual quarterly (NWDP),Bore well,Semi-confined,50.0,,77,1999,2024,4.95,4.05,5.88,3.87,2.01,-0.047,False
Kanakapura1,Kanakapura,KANAKAPURA,Bengaluru Rural,12.56666667,77.43333333,CGWB manual quarterly (NWDP),Dug well,,7.3,,81,1996,2023,3.84,2.81,4.79,2.74,2.05,0.0,False
Kanakapura_1,-,-,Bengaluru Rural,12.5583,77.425,CGWB manual quarterly (NWDP),Bore well,Semi-confined,50.0,,1,2023,2023,6.26,6.26,,,,,False
Kanasvadi,Kanasvadi,DODBALLAPUR,Bengaluru Rural,13.1875,77.47083333,CGWB manual quarterly (NWDP),Bore well,Semi-confined,60.0,,82,2000,2024,36.45,26.69,37.89,35.0,2.89,-0.182,False
Kanasvadi_1,-,-,Bengaluru Rural,13.1875,77.4708,CGWB manual quarterly (NWDP),Bore well,Semi-confined,60.0,,2,2023,2024,25.15,25.15,,,,,False
Kanikanahalli,Kanikanahalli,DODBALLAPUR,Bengaluru Rural,13.36666667,77.38333333,CGWB manual quarterly (NWDP),Dug well,,10.91,,32,1996,2012,7.73,8.43,8.54,7.04,1.5,0.15,False
Kankapura,Kankapura,KANAKAPURA,Bengaluru Rural,12.56666667,77.43333333,CGWB manual quarterly (NWDP),Dug well,,7.3,,3,2016,2024,5.17,5.51,4.92,,,,False
Kannamangala,Kannamangala,CHANNAPATNA,Bengaluru Rural,12.71666667,77.20833333,CGWB manual quarterly (NWDP),Dug well,,8.3,,31,1996,2023,5.47,29.25,10.9,2.89,8.01,0.426,False
Kengel,Kengel,CHANNAPATNA,Bengaluru Rural,12.68666667,77.235,CGWB manual quarterly (NWDP),Dug well,Unconfined,10.0,,34,2013,2023,2.21,1.7,2.34,1.76,0.58,-0.124,False
Kodagurki,Kodagurki,DEVANHALLI,Bengaluru Rural,13.26666667,77.71666667,CGWB manual quarterly (NWDP),Dug well,,9.4,,62,1996,2020,6.27,1.99,6.78,5.54,1.24,-0.095,False
Kodagurki A,Kodagurki A,DEVANHALLI,Bengaluru Rural,13.29972222,77.70027778,CGWB manual quarterly (NWDP),Dug well,Unconfined,8.0,,39,2014,2024,3.75,2.78,6.11,2.5,3.61,-0.216,False
Kodihalli,Kodihalli,KANAKAPURA,Bengaluru Rural,12.43361111,77.36111111,CGWB manual quarterly (NWDP),Dug well,,12.0,,2,2013,2013,11.0,11.0,10.8,,,,False
Kottahalli,Kotahalli,KANAKAPURA,Bengaluru Rural,12.56666667,77.46666667,CGWB manual quarterly (NWDP),Dug well,Unconfined,10.25,,88,1996,2024,5.23,2.45,7.33,3.79,3.54,0.026,False
Kudalur,Kudalur,MAGADI,Bengaluru Rural,13.06527778,77.26666667,CGWB manual quarterly (NWDP),,,,,1,1996,1996,6.75,6.75,,6.75,,,False
Kuduru,Kuduru,MAGADI,Bengaluru Rural,13.10833333,77.16666667,CGWB manual quarterly (NWDP),,,,,2,1996,2005,10.07,9.15,,,,,False
Kuduru Pz_1,-,-,Bengaluru Rural,13.1083,77.1625,CGWB manual quarterly (NWDP),Bore well,Semi-confined,60.0,,3,2023,2024,14.33,14.33,,13.83,,,False
Kuduru pz,Kuduru,MAGADI,Bengaluru Rural,13.10833333,77.1625,CGWB manual quarterly (NWDP),Bore well,Semi-confined,60.0,,34,2012,2023,28.77,19.05,31.63,27.53,4.1,-2.297,False
Kuduru1,Kuduru,MAGADI,Bengaluru Rural,13.10833333,77.1625,CGWB manual quarterly (NWDP),Bore well,Semi-confined,60.0,,3,2005,2019,20.14,3.9,16.75,,,,False
Kylancha,Kylancha,KANAKAPURA,Bengaluru Rural,12.66666667,77.45,CGWB manual quarterly (NWDP),Dug well,Unconfined,9.5,,72,1996,2023,3.27,1.85,4.53,1.79,2.74,0.004,False
Madhure_1,-,DODBALLAPUR,Bengaluru Rural,13.19,77.46,CGWB manual quarterly (NWDP),,,,,2,2023,2023,34.82,34.82,35.65,,,,False
Madhure_3,-,-,Bengaluru Rural,13.1947,77.4556,CGWB manual quarterly (NWDP),,,,,3,2023,2024,31.31,31.31,,29.56,,,False
Magadi1,Magadi,MAGADI,Bengaluru Rural,12.95833333,77.23333333,CGWB manual quarterly (NWDP),Bore well,Semi-confined,46.5,,79,1999,2024,13.76,8.86,15.53,11.62,3.91,0.07,False
Magadi1_1,-,-,Bengaluru Rural,12.9583,77.2333,CGWB manual quarterly (NWDP),Bore well,Semi-confined,46.5,,2,2023,2023,12.4,12.4,,12.5,,,False
Magadi2,Magadi,MAGADI,Bengaluru Rural,12.97222222,77.19027778,CGWB manual quarterly (NWDP),Dug well,Unconfined,13.0,0.023,106,1996,2024,5.32,2.28,6.85,3.85,3.0,-0.145,False
Mahadevapura,Mahadevapura,NELAMANGALA,Bengaluru Rural,13.06666667,77.31666667,CGWB manual quarterly (NWDP),Dug well,Unconfined,15.0,,95,1996,2024,5.46,4.01,6.76,4.05,2.71,-0.148,False
Mahimanahalli,Mahimanahalli,KANAKAPURA,Bengaluru Rural,12.39166667,77.40833333,CGWB manual quarterly (NWDP),,,,,5,1996,2001,8.7,8.9,12.52,,,,False
Mainayakana Hosahali,Mylanayakanahalli,CHANNAPATNA,Bengaluru Rural,12.6,77.11666667,CGWB manual quarterly (NWDP),Dug well,,9.04,,40,1996,2011,5.65,7.31,6.27,4.97,1.3,0.256,False
Malagalu,Malagalu,CHANNAPATNA,Bengaluru Rural,12.57833333,77.19138889,CGWB manual quarterly (NWDP),Dug well,Unconfined,10.0,,24,2017,2024,1.48,1.64,1.82,1.11,0.71,0.081,False
Maralebekuppe,Maralebekuppe,KANAKAPURA,Bengaluru Rural,12.43333333,77.41666667,CGWB manual quarterly (NWDP),,,,,20,1996,2008,8.88,3.65,10.05,8.27,1.78,-0.542,False
Mathikere,Mathikere,RAMANAGARAM,Bengaluru Rural,12.83333333,77.21666667,CGWB manual quarterly (NWDP),,,,,7,1997,2010,6.29,5.87,,7.65,,-0.042,False
Mugabala,Mugabala,HOSKOTE,Bengaluru Rural,13.11666667,77.90138889,CGWB manual quarterly (NWDP),,,,,26,1996,2011,4.92,6.25,5.34,4.24,1.1,0.264,False
Naikanahalli,Naikanahalli,KANAKAPURA,Bengaluru Rural,12.45,77.33333333,CGWB manual quarterly (NWDP),Dug well,Unconfined,30.0,,19,2012,2024,11.53,11.62,12.26,11.03,1.23,-0.001,False
Nayakanahalli,Nayakanahalli,KANAKAPURA,Bengaluru Rural,12.45,77.33333333,CGWB manual quarterly (NWDP),Dug well,Unconfined,30.0,,82,1996,2022,10.37,9.49,10.76,9.49,1.27,-0.042,False
Nelamangala,Nelamangala,NELAMANGALA,Bengaluru Rural,13.1,77.3875,CGWB manual quarterly (NWDP),,,,,17,1996,2000,8.69,8.37,10.32,7.49,2.83,,False
Nullahalli,Nullahalli,KANAKAPURA,Bengaluru Rural,12.38777778,77.38888889,CGWB manual quarterly (NWDP),Dug well,Unconfined,14.0,,36,2013,2024,7.68,5.28,8.42,5.87,2.55,-0.462,False
Nunnuru,Nunnuru,CHANNAPATNA,Bengaluru Rural,12.50833333,77.16666667,CGWB manual quarterly (NWDP),Dug well,Unconfined,14.5,,85,1996,2024,6.1,2.53,6.83,4.57,2.26,-0.2,False
Panayan Palya,Panayan Palya,MAGADI,Bengaluru Rural,13.03861111,77.25888889,CGWB manual quarterly (NWDP),Dug well,Unconfined,15.0,,40,2013,2024,6.17,4.04,7.59,4.53,3.06,-0.522,False
Rajaghatta,Rajaghatta,DODBALLAPUR,Bengaluru Rural,13.30833333,77.59333333,CGWB manual quarterly (NWDP),,,,,2,1996,1996,15.36,15.36,15.39,,,,False
Ramanagara,Ramanagara,RAMANAGARAM,Bengaluru Rural,12.71972222,77.27555556,CGWB manual quarterly (NWDP),Dug well,Unconfined,13.0,,38,2013,2023,9.14,7.13,9.91,7.24,2.67,-0.195,False
Ramanagaram,Ramanagaram,RAMANAGARAM,Bengaluru Rural,12.71666667,77.28333333,CGWB manual quarterly (NWDP),,,,,3,1997,2013,7.09,8.45,8.45,6.61,1.84,,False
Rudrapura Chadrappa Circle,Rudrapura Chadrappa Circle,MAGADI,Bengaluru Rural,12.91666667,77.83333333,CGWB manual quarterly (NWDP),Dug well,Unconfined,8.4,,54,2007,2023,3.4,2.99,4.04,2.92,1.12,-0.182,False
S.B.Doddi,S.B.Doddi,RAMANAGARAM,Bengaluru Rural,12.73416667,77.29861111,CGWB manual quarterly (NWDP),Dug well,Unconfined,8.0,,42,2013,2024,4.75,3.43,5.56,3.85,1.71,-0.278,False
S.S.Ghati,S.S.Ghati,DODBALLAPUR,Bengaluru Rural,13.40694444,77.53166667,CGWB manual quarterly (NWDP),Dug well,,8.0,,9,2012,2015,5.23,5.23,5.45,4.69,0.76,,False
Sakregollahalli,-,DODBALLAPUR,Bengaluru Rural,13.32,77.39,CGWB manual quarterly (NWDP),,,,,4,2023,2024,23.66,23.66,25.16,24.22,0.94,,False
Shivagange,Shivagange,NELAMANGALA,Bengaluru Rural,13.16805556,77.225,CGWB manual quarterly (NWDP),Bore well,Semi-confined,75.0,,83,1999,2024,6.06,5.97,7.32,5.14,2.18,-0.038,False
Shivagange1,Shivagange,NELAMANGALA,Bengaluru Rural,13.18888889,77.22777778,CGWB manual quarterly (NWDP),Dug well,Unconfined,17.0,0.023,109,1996,2024,6.74,2.96,7.9,5.78,2.12,-0.2,False
Siddanayakanahalli,Siddanayakanahalli,DODBALLAPUR,Bengaluru Rural,13.29166667,77.54166667,CGWB manual quarterly (NWDP),Dug well,,17.5,,98,1996,2023,10.15,6.24,10.85,9.28,1.57,0.051,False
Siddanayakanahalli A,Siddanayakanahalli A,DODBALLAPUR,Bengaluru Rural,13.29833333,77.55222222,CGWB manual quarterly (NWDP),Dug well,Unconfined,16.3,,11,2013,2024,10.15,7.2,11.62,8.6,3.02,-0.405,False
Solur,Solur,MAGADI,Bengaluru Rural,13.06666667,77.25,CGWB manual quarterly (NWDP),Bore well,Semi-confined,60.0,,60,1999,2024,20.78,12.49,22.21,20.23,1.98,-0.464,False
Sompura,Sompura,NELAMANGALA,Bengaluru Rural,13.225,77.24166667,CGWB manual quarterly (NWDP),,,,,23,1996,2002,12.57,12.57,13.47,11.67,1.8,-0.081,False
Subraya Nagenahalli,Subraya Nagenahalli,DODBALLAPUR,Bengaluru Rural,13.40694444,77.53166667,CGWB manual quarterly (NWDP),Dug well,,8.0,,32,1996,2005,3.74,4.63,3.34,3.68,-0.34,0.136,False
Suggaunahalli,Suggaunahalli,RAMANAGARAM,Bengaluru Rural,12.8,77.32222222,CGWB manual quarterly (NWDP),Dug well,Unconfined,12.0,,79,1996,2024,6.64,7.21,7.29,6.04,1.25,0.178,False
Talacha Kuppe,Talacha Kuppe,MAGADI,Bengaluru Rural,12.95972222,77.29,CGWB manual quarterly (NWDP),Dug well,Unconfined,9.0,,42,2013,2024,4.8,4.51,5.37,3.82,1.55,-0.075,False
Thammarasanahalli,Thammarasanahalli,HOSKOTE,Bengaluru Rural,13.1875,77.83611111,CGWB manual quarterly (NWDP),,,,,3,1996,1999,10.7,10.7,,10.46,,,False
Thavarekere,Thavarekere,HOSKOTE,Bengaluru Rural,13.12222222,77.88611111,CGWB manual quarterly (NWDP),,,,,5,1996,1999,5.54,5.18,,4.1,,,False
Thippasandra,Thippasandra,MAGADI,Bengaluru Rural,13.0625,77.12916667,CGWB manual quarterly (NWDP),Dug well,,9.25,,44,1996,2012,5.07,4.68,6.69,3.48,3.21,-0.014,False
Thippur,Thippur,KANAKAPURA,Bengaluru Rural,12.35833333,77.44166667,CGWB manual quarterly (NWDP),Dug well,,8.8,,37,1996,2006,5.36,6.26,6.65,3.11,3.54,0.025,False
Ukkada,Ukkada,MAGADI,Bengaluru Rural,12.92972222,77.25583333,CGWB manual quarterly (NWDP),Dug well,Unconfined,13.0,,33,2013,2024,5.36,4.48,5.91,3.88,2.03,-0.308,False
Uyyamballi,Uyyamballi,KANAKAPURA,Bengaluru Rural,12.35,77.43333333,CGWB manual quarterly (NWDP),Dug well,Unconfined,20.0,,84,1996,2023,9.44,9.92,10.76,7.67,3.09,0.229,False
Veerasagara,Veerasagara,MAGADI,Bengaluru Rural,13.16777778,77.20138889,CGWB manual quarterly (NWDP),Dug well,Unconfined,10.0,,34,2013,2024,5.35,4.61,6.04,5.65,0.39,0.132,False
Vishwanathapura,Vishwanathapura,DEVANHALLI,Bengaluru Rural,13.275,77.65,CGWB manual quarterly (NWDP),Dug well,Unconfined,13.46,0.023,109,1996,2024,5.51,3.98,6.04,4.64,1.4,-0.083,False
Yalachahalli,Yalachahalli,HOSKOTE,Bengaluru Rural,13.075,77.80277778,CGWB manual quarterly (NWDP),,,,,1,2002,2002,3.53,3.53,,,,,False
Yalachavadi,Yalachavadi,KANAKAPURA,Bengaluru Rural,12.56666667,77.58333333,CGWB manual quarterly (NWDP),,,,,6,1996,2002,6.63,10.07,11.2,4.02,7.18,0.615,False
Yentiganahalli,Yentiganahalli,NELAMANGALA,Bengaluru Rural,13.0625,77.34583333,CGWB manual quarterly (NWDP),Bore well,Semi-confined,70.0,,81,1999,2024,15.04,12.84,19.1,12.74,6.36,-0.095,False
Yentiganahalli_1,-,-,Bengaluru Rural,13.0625,77.3458,CGWB manual quarterly (NWDP),Bore well,Semi-confined,70.0,,1,2024,2024,12.75,12.75,,,,,False
Yeramgere,Yeramgere,KANAKAPURA,Bengaluru Rural,12.36666667,77.56666667,CGWB manual quarterly (NWDP),Dug well,,20.0,,4,1996,2020,4.77,10.0,,1.69,,,False
ADUGODI,Adugodi,BANGALORE SOUTH,Bengaluru Urban,12.94361111,77.60916667,CGWB manual quarterly (NWDP),Bore well,Semi-confined,60.0,,5,2023,2024,6.42,6.42,4.3,5.1,-0.8,,True
Adugodi,Adugodi,BANGALORE SOUTH,Bengaluru Urban,12.94444444,77.7,CGWB manual quarterly (NWDP),Bore well,Semi-confined,58.45,,57,2006,2024,2.84,3.69,3.0,2.59,0.41,0.15,True
Anekal,Anekal,ANEKAL,Bengaluru Urban,12.70833333,77.7,CGWB manual quarterly (NWDP),Bore well,Semi-confined,54.35,,77,2000,2024,19.4,16.76,20.81,18.06,2.75,0.136,True
Anekal1,Anekal,ANEKAL,Bengaluru Urban,12.71666667,77.7,CGWB manual quarterly (NWDP),Dug well,Unconfined,10.47,,66,1996,2013,6.2,9.03,7.12,5.89,1.23,0.318,True
Bang Uni Ars Ls,Bang Uni Ars Ls,BANGALORE SOUTH,Bengaluru Urban,12.75277778,77.51111111,CGWB manual quarterly (NWDP),Bore well,Semi-confined,50.0,,45,2006,2024,22.33,15.51,26.05,18.96,7.09,-0.637,True
Bang Uni Ars Us,Bang Uni Ars Us,BANGALORE SOUTH,Bengaluru Urban,12.75277778,77.51388889,CGWB manual quarterly (NWDP),Bore well,,50.0,,5,2006,2023,15.67,20.65,,17.54,,,True
Bangalore i,Bangalore i,BANGALORE SOUTH,Bengaluru Urban,12.91805556,77.58472222,CGWB manual quarterly (NWDP),Dug well,Unconfined,9.0,,101,1996,2024,3.17,2.85,3.04,2.78,0.26,-0.01,True
Bangalore ii,Bangalore ii,BANGALORE SOUTH,Bengaluru Urban,12.9225,77.57916667,CGWB manual quarterly (NWDP),Dug well,Unconfined,13.15,0.023,105,1996,2024,4.41,3.68,5.67,3.09,2.58,0.005,True
Bangalore-iii,Bangalore-iii,BANGALORE NORTH,Bengaluru Urban,12.9725,77.57666667,CGWB manual quarterly (NWDP),Dug well,,11.3,,66,1996,2023,2.96,10.02,2.64,2.62,0.02,0.05,True
Bangalore-iv,Bangalore-iv,BANGALORE NORTH,Bengaluru Urban,12.94416667,77.55833333,CGWB manual quarterly (NWDP),Dug well,Unconfined,13.6,0.023,105,1996,2024,2.47,2.35,2.74,2.04,0.7,-0.004,True
Basavanagudi,Basavanagudi,BANGALORE NORTH,Bengaluru Urban,12.94861111,77.57194444,CGWB manual quarterly (NWDP),Dug well,Unconfined,9.1,,39,2012,2024,4.27,4.11,4.26,4.1,0.16,0.03,True
Begihalli,Begihalli,ANEKAL,Bengaluru Urban,12.79583333,77.60694444,CGWB manual quarterly (NWDP),Dug well,Unconfined,6.6,,98,1996,2024,2.36,0.55,3.19,1.39,1.8,-0.097,True
Begur,Begur,BANGALORE SOUTH,Bengaluru Urban,12.88333333,77.62138889,CGWB manual quarterly (NWDP),Dug well,Unconfined,10.0,,34,2012,2023,6.81,8.01,6.13,6.76,-0.63,0.494,True
Bhaktipura,Bhaktipura,ANEKAL,Bengaluru Urban,12.75,77.75,CGWB manual quarterly (NWDP),Dug well,Unconfined,12.0,,32,2013,2023,6.58,4.32,7.91,5.28,2.63,-0.377,True
Bommasandra,Bommasandra,ANEKAL,Bengaluru Urban,12.80833333,77.675,CGWB manual quarterly (NWDP),Bore well,,73.0,,34,2000,2014,15.28,2.27,15.4,15.9,-0.5,-0.645,True
Cgwb Workshop,Cgwb Workshop,ANEKAL,Bengaluru Urban,12.81416667,77.66555556,CGWB manual quarterly (NWDP),Bore well,Semi-confined,200.0,,21,2014,2022,1.83,2.04,2.07,1.69,0.38,-0.005,True
Chandapura,Chandapura,ANEKAL,Bengaluru Urban,12.79722222,77.71972222,CGWB manual quarterly (NWDP),,,,,1,1997,1997,5.6,5.6,,,,,True
Chandasipalya,Chandasipalya,BANGALORE SOUTH,Bengaluru Urban,12.97916667,77.41944444,CGWB manual quarterly (NWDP),Dug well,Unconfined,17.0,,64,2007,2024,6.25,5.08,7.6,4.81,2.79,-0.107,True
Chennamankere Achkattu,Chennamankere Achkattu,BANGALORE NORTH,Bengaluru Urban,12.92833333,77.55638889,CGWB manual quarterly (NWDP),Dug well,Unconfined,5.12,,40,2012,2024,2.54,2.22,2.94,2.09,0.85,-0.049,True
Chikkabanavara,Chikkabanavara,BANGALORE NORTH,Bengaluru Urban,13.08194444,77.50555556,CGWB manual quarterly (NWDP),,,,,13,1997,2013,5.96,7.8,5.77,4.53,1.24,0.23,True
Cubbon Park,Cubbon Park Pz,BANGALORE SOUTH,Bengaluru Urban,12.97416667,77.59388889,CGWB manual quarterly (NWDP),Bore well,Semi-confined,116.16,,15,2015,2023,3.82,2.3,2.94,5.34,-2.4,-0.882,True
Dasanapura,Dasanapura,BANGALORE NORTH,Bengaluru Urban,13.075,77.4375,CGWB manual quarterly (NWDP),Bore well,Semi-confined,60.0,,68,2000,2024,26.65,20.4,26.6,26.03,0.57,-0.161,True
Dasanapura_1,-,-,Bengaluru Urban,13.08,77.44,CGWB manual quarterly (NWDP),,,,,2,2023,2024,21.26,21.26,,,,,True
Doddakallasandra,Doddakallasandra,BANGALORE NORTH,Bengaluru Urban,13.1875,77.5,CGWB manual quarterly (NWDP),,,,,28,1996,2008,16.58,22.59,17.33,16.59,0.74,0.126,True
Gollahalli,Gollahalli,BANGALORE NORTH,Bengaluru Urban,12.86305556,77.56555556,CGWB manual quarterly (NWDP),Dug well,Unconfined,9.35,,40,2012,2024,1.67,1.82,1.68,1.21,0.47,0.04,True
Gottigere,Gottigere,BANGALORE SOUTH,Bengaluru Urban,12.85555556,77.58888889,CGWB manual quarterly (NWDP),Dug well,,8.5,,5,2007,2023,2.59,1.23,1.65,,,,True
Gottigere A,Gottigere A,BANGALORE SOUTH,Bengaluru Urban,12.85833333,77.59166667,CGWB manual quarterly (NWDP),Dug well,Unconfined,18.0,,43,2012,2024,1.65,2.4,3.16,1.35,1.81,0.055,True
Gottikere,Gottikere,BANGALORE SOUTH,Bengaluru Urban,12.85833333,77.59166667,CGWB manual quarterly (NWDP),Dug well,Unconfined,18.0,,31,1996,2003,4.89,5.06,6.06,4.0,2.06,0.032,True
Gsi Pz,Gsi Pz,BANGALORE SOUTH,Bengaluru Urban,12.91027778,77.56805556,CGWB manual quarterly (NWDP),Bore well,Semi-confined,200.2,,40,2013,2024,14.32,17.52,14.32,12.87,1.45,0.62,True
Haragadde-A,Haragadde,ANEKAL,Bengaluru Urban,12.76166667,77.65944444,CGWB manual quarterly (NWDP),Dug well,Unconfined,11.35,,55,1996,2024,6.67,3.79,8.33,6.17,2.16,-0.183,True
Hebbal2,Hebbal,BANGALORE NORTH,Bengaluru Urban,13.04166667,77.575,CGWB manual quarterly (NWDP),Bore well,,77.0,0.023,101,1996,2024,19.17,34.7,19.87,15.42,4.45,1.407,True
Hebbal2,Hebbal,BANGALORE NORTH,Bengaluru Urban,13.04166667,77.58333333,CGWB manual quarterly (NWDP),Dug well,Unconfined,11.2,,63,2005,2024,4.22,9.18,5.25,2.82,2.43,0.121,True
Hebbal2_1,-,BANGALORE NORTH,Bengaluru Urban,13.04,77.58,CGWB manual quarterly (NWDP),,,,,1,2023,2023,0.72,0.72,,,,,True
Hebbal2_2,-,-,Bengaluru Urban,13.04,77.57,CGWB manual quarterly (NWDP),,,,,1,2023,2023,54.7,54.7,,,,,True
Hesaraghatta,Hesaraghatta,BANGALORE NORTH,Bengaluru Urban,13.14166667,77.45833333,CGWB manual quarterly (NWDP),Bore well,,60.0,,76,2000,2023,23.45,17.98,22.55,22.47,0.08,0.19,True
Hesaraghatta Pz,-,-,Bengaluru Urban,13.13,77.48,CGWB manual quarterly (NWDP),,,,,2,2023,2024,14.32,14.32,,,,,True
Hessarghatta,Hessarghatta,BANGALORE NORTH,Bengaluru Urban,13.125,77.47777778,CGWB manual quarterly (NWDP),Tube well,Confined,25.0,,11,1996,2023,19.62,15.2,17.59,23.35,-5.76,-0.322,True
Hsr Layout,Hsr Layout,BANGALORE SOUTH,Bengaluru Urban,12.91888889,77.65277778,CGWB manual quarterly (NWDP),Dug well,Unconfined,10.6,,36,2015,2024,2.31,2.46,2.49,2.14,0.35,0.064,True
Hunsemaranahalli(A),Hunsemaranahalli,BANGALORE NORTH,Bengaluru Urban,13.14166667,77.63333333,CGWB manual quarterly (NWDP),Dug well,,12.78,,5,2007,2013,2.86,1.2,8.56,1.01,7.55,,True
IIM Bannerughatta,Iim Bannerughatta,BANGALORE SOUTH,Bengaluru Urban,12.89361111,77.59944444,CGWB manual quarterly (NWDP),Bore well,Semi-confined,108.52,,30,2015,2024,19.73,18.2,19.98,14.85,5.13,0.224,True
Indian Institute Of Science,Indian Institute Of Science,BANGALORE NORTH,Bengaluru Urban,13.0275,77.56944444,CGWB manual quarterly (NWDP),Bore well,Semi-confined,162.5,,29,2014,2022,29.76,24.38,32.34,23.67,8.67,-1.307,True
Indiranagar,Indiranagar,BANGALORE NORTH,Bengaluru Urban,12.97083333,77.6375,CGWB manual quarterly (NWDP),Bore well,Semi-confined,80.0,,70,2001,2024,8.7,8.96,9.07,7.7,1.37,0.109,True
Jakkur Pz,Jakkur Pz,BANGALORE NORTH,Bengaluru Urban,13.09527778,77.60583333,CGWB manual quarterly (NWDP),Bore well,,139.08,,19,2014,2020,2.8,2.97,2.57,3.7,-1.13,0.146,True
Jayanagar,Jayanagar,BANGALORE SOUTH,Bengaluru Urban,12.86666667,77.58333333,CGWB manual quarterly (NWDP),Bore well,Semi-confined,45.0,,78,1999,2024,8.01,7.61,9.04,6.99,2.05,0.051,True
Jayanagar_1,-,-,Bengaluru Urban,12.87,77.58,CGWB manual quarterly (NWDP),,,,,1,2023,2023,10.02,10.02,,,,,True
Jigani,Jigani,ANEKAL,Bengaluru Urban,12.91111111,77.56777778,CGWB manual quarterly (NWDP),Dug well,Unconfined,7.55,,36,2013,2024,3.02,2.32,3.75,2.09,1.66,-0.167,True
Jnanabharathi,Jnanabharathi,BANGALORE SOUTH,Bengaluru Urban,12.93611111,77.51111111,CGWB manual quarterly (NWDP),Bore well,,70.0,,24,2006,2023,26.97,11.39,26.41,26.05,0.36,-0.558,True
Kannamangala,Kannamangala OwII,BANGALORE SOUTH,Bengaluru Urban,13.025,77.76111111,CGWB manual quarterly (NWDP),Bore well,Semi-confined,60.0,,1,2016,2016,59.4,59.4,59.4,,,,True
Kannamangala pz,Kannamangala OwII,BANGALORE SOUTH,Bengaluru Urban,13.025,77.76111111,CGWB manual quarterly (NWDP),Bore well,Semi-confined,60.0,,39,2007,2024,42.44,29.87,41.32,42.66,-1.34,-0.189,True
Kannamangala_2,-,-,Bengaluru Urban,13.0326,77.7581,CGWB manual quarterly (NWDP),,,,,2,2023,2024,32.3,32.3,,,,,True
Kengeri1,Kengeri,BANGALORE SOUTH,Bengaluru Urban,12.90833333,77.48333333,CGWB manual quarterly (NWDP),Dug well,,8.4,,27,1996,2013,3.19,7.95,3.68,2.06,1.62,0.228,True
Kodigehalli,Kodigehalli,BANGALORE NORTH,Bengaluru Urban,13.05972222,77.57694444,CGWB manual quarterly (NWDP),Dug well,Unconfined,6.5,,39,2012,2024,3.94,3.77,3.98,3.87,0.11,-0.032,True
Kumaraswamy Layout,Kumaraswamy Layout,BANGALORE SOUTH,Bengaluru Urban,12.91138889,77.5675,CGWB manual quarterly (NWDP),Dug well,,20.7,,4,2013,2013,12.07,12.07,16.11,9.38,6.73,,True
Lalbagh Garden_1,-,-,Bengaluru Urban,12.95,77.59,CGWB manual quarterly (NWDP),,,,,1,2023,2023,6.23,6.23,,6.23,,,True
Lalbagh garden,Lalbagh garden,BANGALORE NORTH,Bengaluru Urban,12.95166667,77.58555556,CGWB manual quarterly (NWDP),Bore well,Semi-confined,60.0,,73,2001,2024,3.69,5.4,3.5,3.24,0.26,0.226,True
Malleswaram,Malleswaram,BANGALORE NORTH,Bengaluru Urban,13.00416667,77.5725,CGWB manual quarterly (NWDP),Dug well,Unconfined,7.0,,37,2012,2024,3.61,3.61,3.55,3.77,-0.22,-0.017,True
Nimhans,Nimhans,BANGALORE NORTH,Bengaluru Urban,12.93861111,77.59222222,CGWB manual quarterly (NWDP),Bore well,Semi-confined,100.88,,29,2015,2024,9.14,9.29,9.38,7.63,1.75,0.1,True
Puttanahalli,Puttanahalli,BANGALORE NORTH,Bengaluru Urban,13.13611111,77.61944444,CGWB manual quarterly (NWDP),,,,,7,1996,1998,6.08,6.08,8.26,3.84,4.42,,True
Rachenahalli,Rachenahalli,BANGALORE NORTH,Bengaluru Urban,13.0975,77.60944444,CGWB manual quarterly (NWDP),Bore well,,100.8,,11,2014,2017,14.44,13.66,14.82,29.62,-14.8,,True
Rajajinagara,Rajajinagara,BANGALORE NORTH,Bengaluru Urban,12.98194444,77.55555556,CGWB manual quarterly (NWDP),Dug well,Unconfined,4.5,,39,2012,2024,2.18,2.38,2.3,2.02,0.28,0.041,True
Sarjapura,Sarjapura,ANEKAL,Bengaluru Urban,12.85833333,77.78333333,CGWB manual quarterly (NWDP),Bore well,,60.0,,46,2000,2018,34.19,59.32,35.68,31.24,4.44,2.056,True
Seva Kshetra Hospital Banshankari Ii,-,BANGALORE SOUTH,Bengaluru Urban,12.92277778,77.56888889,CGWB manual quarterly (NWDP),Dug well,Unconfined,18.0,,32,2015,2024,8.25,5.96,8.35,6.77,1.58,-0.283,True
Singasandra,Singasandra,BANGALORE SOUTH,Bengaluru Urban,12.86805556,77.65,CGWB manual quarterly (NWDP),Bore well,Semi-confined,73.7,,79,2000,2024,19.44,17.54,21.28,15.88,5.4,0.434,True
Sonnenahalli,Sonnenahalli,BANGALORE NORTH,Bengaluru Urban,13.16666667,77.56666667,CGWB manual quarterly (NWDP),,,,,36,1996,2013,10.01,12.02,10.94,9.44,1.5,0.23,True
Thalaghattapura1,Thalaghattapura,BANGALORE SOUTH,Bengaluru Urban,12.86666667,77.52777778,CGWB manual quarterly (NWDP),,,,,9,1996,2000,22.03,19.55,19.54,22.92,-3.38,,True
Thalaghattapurapz,Thalaghattapura,BANGALORE SOUTH,Bengaluru Urban,12.86944444,77.53888889,CGWB manual quarterly (NWDP),Bore well,Semi-confined,50.0,,57,2007,2024,9.49,5.81,11.7,8.24,3.46,-0.342,True
Ulsoor,Ulsoor,BANGALORE NORTH,Bengaluru Urban,12.98194444,77.62916667,CGWB manual quarterly (NWDP),Dug well,,4.9,,30,2013,2024,2.78,2.96,2.87,2.55,0.32,0.021,True
Varathur,Varathur,BANGALORE SOUTH,Bengaluru Urban,12.93333333,77.74166667,CGWB manual quarterly (NWDP),Bore well,Semi-confined,54.0,,76,2000,2024,25.5,32.02,25.39,24.25,1.14,0.862,True
Vasanthnagara,Vasanthnagara,BANGALORE NORTH,Bengaluru Urban,12.99277778,77.59611111,CGWB manual quarterly (NWDP),Dug well,Unconfined,2.12,,35,2012,2024,0.95,1.45,0.84,1.04,-0.2,0.109,True
Vasanthpura,Vasanthpura,BANGALORE SOUTH,Bengaluru Urban,12.895,77.55305556,CGWB manual quarterly (NWDP),Dug well,Unconfined,12.9,,39,2012,2024,5.03,4.95,5.56,4.29,1.27,-0.057,True
Vijayanagar Hosahalli,Vijayanagar Hosahalli,BANGALORE SOUTH,Bengaluru Urban,12.96,77.57694444,CGWB manual quarterly (NWDP),Dug well,,30.0,,5,2012,2015,22.84,22.84,29.25,7.6,21.65,,True
Wilson Garden,Wilson Garden,BANGALORE NORTH,Bengaluru Urban,12.94888889,77.59694444,CGWB manual quarterly (NWDP),Dug well,,6.7,,36,2012,2024,3.04,3.19,3.21,2.68,0.53,0.158,True
Yelahanka,Yelahanka,BANGALORE NORTH,Bengaluru Urban,13.10833333,77.6,CGWB manual quarterly (NWDP),Bore well,,65.0,,74,1999,2024,23.68,14.36,24.45,23.1,1.35,-0.386,True
Yelahanka1,Yelahanka,BANGALORE NORTH,Bengaluru Urban,13.09166667,77.6,CGWB manual quarterly (NWDP),Dug well,,11.0,,65,1996,2024,5.02,15.99,5.74,3.73,2.01,0.172,True
Alandi,Alandi,BHALKI,Bidar,18.13333333,77.25083333,CGWB manual quarterly (NWDP),,,,,32,1996,2009,8.28,10.07,10.46,7.87,2.59,0.329,False
Andur,Andura,BIDAR,Bidar,17.90694444,77.41944444,CGWB manual quarterly (NWDP),Dug well,Unconfined,22.0,,102,1996,2024,10.67,8.1,14.76,8.75,6.01,-0.053,False
Aurad,Aurad,AURAD,Bidar,18.25,77.45,CGWB manual quarterly (NWDP),Bore well,Semi-confined,92.5,,14,1998,2023,4.49,3.86,5.77,3.5,2.27,-0.028,False
Aurad1,Aurad,AURAD,Bidar,18.25,77.45,CGWB manual quarterly (NWDP),Bore well,Semi-confined,92.5,,40,2012,2024,4.37,3.9,5.43,3.79,1.64,-0.018,False
Bagdal,Bagdal,BIDAR,Bidar,17.75,77.41666667,CGWB manual quarterly (NWDP),Bore well,Semi-confined,92.5,,60,2002,2021,9.55,10.65,13.48,7.17,6.31,-0.279,False
Bagdal_1,-,-,Bidar,17.75,77.4167,CGWB manual quarterly (NWDP),Bore well,Semi-confined,92.5,,1,2023,2023,5.92,5.92,,,,,False
Bagdel1,Bagdal,BIDAR,Bidar,17.83333333,77.33333333,CGWB manual quarterly (NWDP),Dug well,Unconfined,16.5,,83,1996,2024,11.47,7.32,14.61,9.18,5.43,-0.115,False
Balehalli,Balehalli,BIDAR,Bidar,17.89166667,77.32916667,CGWB manual quarterly (NWDP),Dug well,Unconfined,13.2,,52,2007,2023,8.61,5.11,11.91,6.63,5.28,-0.037,False
Basarapur,Basirapur,HOMNABAD,Bidar,18.23861111,77.20305556,CGWB manual quarterly (NWDP),Dug well,Unconfined,15.98,,29,2013,2022,10.87,9.65,15.31,8.92,6.39,0.015,False
Basavakalyan,Basavakalyan,BASAVAKALYAN,Bidar,17.9,76.91666667,CGWB manual quarterly (NWDP),Bore well,Semi-confined,76.0,,74,1998,2024,16.7,15.63,19.82,14.73,5.09,-0.009,False
Basavakalyan_2,-,-,Bidar,17.9,76.9167,CGWB manual quarterly (NWDP),Bore well,Semi-confined,76.0,,1,2023,2023,17.75,17.75,,17.75,,,False
Belura,Belura,BASAVAKALYAN,Bidar,18.02222222,77.01388889,CGWB manual quarterly (NWDP),Bore well,,46.75,,1,2016,2016,30.55,30.55,,,,,False
Belura1,Belura,BASAVAKALYAN,Bidar,17.86666667,76.975,CGWB manual quarterly (NWDP),,,,,24,1996,2007,6.78,7.78,9.73,5.58,4.15,0.171,False
Bhalki,Bhalki,BHALKI,Bidar,18.1,77.28333333,CGWB manual quarterly (NWDP),Bore well,Semi-confined,98.6,,74,1998,2024,14.39,19.48,16.58,11.94,4.64,0.247,False
Bhalki1,Bhalki,BHALKI,Bidar,18.1,77.28333333,CGWB manual quarterly (NWDP),Bore well,Semi-confined,98.6,,43,2012,2024,7.27,6.37,9.68,6.93,2.75,-0.007,False
Bhatambra,Bhatambra,BHALKI,Bidar,18.06666667,77.15,CGWB manual quarterly (NWDP),Dug well,Unconfined,15.5,,104,1996,2024,8.63,7.0,13.16,6.02,7.14,0.048,False
Bidar,Bidar,BIDAR,Bidar,17.91333333,77.52361111,CGWB manual quarterly (NWDP),Bore well,,91.0,,68,1998,2020,8.54,10.67,10.85,7.02,3.83,-0.054,False
Bidar1,Bidar,BIDAR,Bidar,17.91333333,77.52361111,CGWB manual quarterly (NWDP),Bore well,,91.0,,42,2012,2024,11.49,6.15,14.24,10.18,4.06,-1.208,False
Bitgiri OW,-,-,Bidar,17.68202778,76.74363889,CGWB manual quarterly (NWDP),,,,,2,2024,2024,43.51,43.51,,,,,False
Borala,Borala,AURAD,Bidar,18.21138889,77.425,CGWB manual quarterly (NWDP),Dug well,Unconfined,5.3,,35,2014,2024,2.42,2.48,3.37,2.28,1.09,0.017,False
Borgi,Borgi,AURAD,Bidar,18.03111111,77.04027778,CGWB manual quarterly (NWDP),Dug well,Unconfined,6.96,,41,2013,2024,3.15,2.83,4.25,2.4,1.85,-0.018,False
Changler,Changler,HOMNABAD,Bidar,17.625,77.41666667,CGWB manual quarterly (NWDP),Bore well,Semi-confined,80.3,,66,1999,2021,14.64,17.64,19.65,11.72,7.93,0.021,False
Changler1,Changler,HOMNABAD,Bidar,17.63333333,77.4,CGWB manual quarterly (NWDP),Dug well,Unconfined,21.87,,71,1996,2021,15.74,14.88,18.68,14.44,4.24,0.05,False
Chickpet A,Chickpet,BIDAR,Bidar,17.935,77.51416667,CGWB manual quarterly (NWDP),Dug well,Unconfined,6.47,,36,2014,2024,1.57,1.29,3.32,0.99,2.33,-0.075,False
Chintaki,Chintaki,AURAD,Bidar,18.20416667,77.54166667,CGWB manual quarterly (NWDP),,,,,9,2001,2013,13.1,46.05,29.58,11.02,18.56,3.304,False
Chintaki1,Chintaki,AURAD,Bidar,18.23333333,77.53333333,CGWB manual quarterly (NWDP),,,,,27,1996,2013,5.37,5.95,7.88,4.52,3.36,0.097,False
Chitgoppa,Chitgoppa,HOMNABAD,Bidar,17.69166667,77.20833333,CGWB manual quarterly (NWDP),,,,,11,2000,2013,22.24,91.8,42.02,14.4,27.62,6.441,False
Chitgoppa1,Chitgoppa,HOMNABAD,Bidar,17.71666667,77.23333333,CGWB manual quarterly (NWDP),Dug well,,25.0,,29,1996,2016,15.63,13.5,17.89,14.19,3.7,0.074,False
Donegaon,Dongaon Makta,AURAD,Bidar,18.29166667,77.25055556,CGWB manual quarterly (NWDP),Dug well,,6.2,,72,1996,2023,1.36,2.19,2.06,1.02,1.04,-0.003,False
Dongargaon,Dangorgaon,AURAD,Bidar,18.25833333,77.25833333,CGWB manual quarterly (NWDP),Dug well,Unconfined,12.25,,103,1996,2024,4.09,2.44,8.19,2.25,5.94,-0.086,False
Dubalgundi,Dubalgundi,HOMNABAD,Bidar,17.85833333,77.19444444,CGWB manual quarterly (NWDP),,,,,12,2000,2013,16.43,46.05,25.62,12.07,13.55,2.811,False
Dublagundi,Dublagundi,HOMNABAD,Bidar,17.85,77.2,CGWB manual quarterly (NWDP),Dug well,,18.72,,66,1996,2014,12.82,11.61,15.58,10.65,4.93,-0.119,False
Ekamba,Ekamba,AURAD,Bidar,18.28055556,77.37222222,CGWB manual quarterly (NWDP),Dug well,Unconfined,7.0,,63,2007,2024,2.25,1.53,3.42,1.82,1.6,-0.067,False
Ghatboral,Ghatboral,HOMNABAD,Bidar,17.88611111,77.09444444,CGWB manual quarterly (NWDP),Dug well,Unconfined,25.48,,101,1996,2024,7.49,3.21,10.24,6.57,3.67,-0.151,False
Halbarga,Halbarga,BHALKI,Bidar,17.99166667,77.325,CGWB manual quarterly (NWDP),Dug well,Unconfined,9.5,,6,2001,2013,13.98,46.75,27.91,6.24,21.67,3.237,False
Halburga1,Halbarga,BHALKI,Bidar,17.99166667,77.325,CGWB manual quarterly (NWDP),Dug well,Unconfined,9.5,,40,2012,2024,6.5,5.39,8.53,4.95,3.58,-0.191,False
Hallikhed,Hallikhed,HOMNABAD,Bidar,17.84583333,77.2625,CGWB manual quarterly (NWDP),Dug well,,23.0,,13,2002,2013,20.07,46.75,27.12,15.82,11.3,2.693,False
Hallikhed A,Hallikhed,HOMNABAD,Bidar,17.84583333,77.26527778,CGWB manual quarterly (NWDP),Dug well,Unconfined,21.9,,17,2017,2024,11.65,8.5,16.86,9.96,6.9,-1.924,False
Hallikhed1,Hallikhed,HOMNABAD,Bidar,17.84583333,77.2625,CGWB manual quarterly (NWDP),Dug well,,23.0,,27,2012,2022,14.36,8.07,18.16,12.19,5.97,-0.714,False
Handikera Wadi,Handikera Wadi,HOMNABAD,Bidar,17.87777778,77.40222222,CGWB manual quarterly (NWDP),Dug well,Unconfined,20.94,,38,2013,2024,9.85,6.49,14.87,6.31,8.56,-0.524,False
Helsi,Halsi Lekmadevi,BHALKI,Bidar,18.06666667,77.16666667,CGWB manual quarterly (NWDP),Dug well,Unconfined,7.55,,103,1996,2024,3.94,2.5,5.69,2.88,2.81,-0.008,False
Homnabad,Homnabad,HOMNABAD,Bidar,17.77333333,77.13138889,CGWB manual quarterly (NWDP),Dug well,,22.5,,71,1998,2024,16.24,14.95,19.24,14.01,5.23,-0.167,False
Homnabad-A,Homnabad,HOMNABAD,Bidar,17.77333333,77.13138889,CGWB manual quarterly (NWDP),Dug well,,22.5,,12,2012,2018,17.64,17.02,20.83,15.68,5.15,-0.495,False
Homnabad_1,-,-,Bidar,17.7733,77.1314,CGWB manual quarterly (NWDP),Dug well,,22.5,,2,2023,2024,14.31,14.31,,15.0,,,False
Hulsoor,Hulsoor,BASAVAKALYAN,Bidar,18.02222222,77.01388889,CGWB manual quarterly (NWDP),Bore well,,46.75,,47,2001,2021,14.54,18.76,30.12,5.74,24.38,0.533,False
Hulsoor1,Hulsoor,BASAVAKALYAN,Bidar,18.025,77.00833333,CGWB manual quarterly (NWDP),,,,,37,1996,2009,6.77,6.69,11.03,4.77,6.26,0.048,False
Islampur,Islampur,BASAVAKALYAN,Bidar,17.77888889,77.01722222,CGWB manual quarterly (NWDP),Dug well,Unconfined,20.2,,33,2015,2024,11.08,9.66,14.96,8.86,6.1,-0.543,False
Janawada,Janawada,BIDAR,Bidar,18.01666667,77.53333333,CGWB manual quarterly (NWDP),,,,,9,1999,2013,10.54,47.05,19.83,5.13,14.7,3.252,False
Janawada A,Janawada,BIDAR,Bidar,18.0,77.47972222,CGWB manual quarterly (NWDP),Dug well,Unconfined,13.0,,34,2014,2024,8.01,7.49,10.42,7.62,2.8,-0.042,False
K.Hallikhed,K.Hallikhed,BASAVAKALYAN,Bidar,17.67916667,77.05416667,CGWB manual quarterly (NWDP),,,,,35,1996,2005,4.26,4.77,6.42,2.92,3.5,0.163,False
Kamalnagar,Kamalnagar,AURAD,Bidar,18.25,77.2,CGWB manual quarterly (NWDP),Dug well,Unconfined,13.0,,107,1996,2024,3.2,2.32,4.84,2.34,2.5,-0.05,False
Kamthana,Kamthana,BIDAR,Bidar,17.86666667,77.41666667,CGWB manual quarterly (NWDP),Dug well,,18.63,,91,1996,2024,10.88,8.91,12.56,10.09,2.47,-0.078,False
Kandikheri,Kandikheri,AURAD,Bidar,18.23972222,77.36861111,CGWB manual quarterly (NWDP),Dug well,Unconfined,6.48,,42,2013,2024,3.85,2.91,5.06,2.95,2.11,-0.188,False
Kappargaon,Kappargaon,HOMNABAD,Bidar,17.775,77.22222222,CGWB manual quarterly (NWDP),,,,,4,2000,2013,26.32,45.0,40.32,10.85,29.47,,False
Kappargaon1,Kappargaon,HOMNABAD,Bidar,17.76666667,77.23333333,CGWB manual quarterly (NWDP),,,,,10,1996,2005,12.57,12.84,14.0,11.2,2.8,0.109,False
Khanapur2,Khanapur,BIDAR,Bidar,17.86805556,77.37083333,CGWB manual quarterly (NWDP),Dug well,Unconfined,18.81,,100,1996,2024,14.39,12.58,16.56,13.47,3.09,-0.005,False
Kotgialwadi,Kotgiyal,BHALKI,Bidar,18.06666667,77.25833333,CGWB manual quarterly (NWDP),Dug well,,7.5,,81,1996,2018,2.77,3.31,4.55,1.91,2.64,0.037,False
Kushnoor,Kushnoor,AURAD,Bidar,18.15,77.33333333,CGWB manual quarterly (NWDP),Dug well,,16.0,,76,1996,2017,9.27,8.26,12.42,7.75,4.67,0.109,False
Manik nagar,Manik nagar,HOMNABAD,Bidar,17.77916667,77.09583333,CGWB manual quarterly (NWDP),Dug well,,92.85,,50,1996,2015,8.04,7.14,10.68,7.29,3.39,-0.14,False
Mannaekhalli,Mannaekhalli,HOMNABAD,Bidar,17.7375,77.38472222,CGWB manual quarterly (NWDP),Bore well,,92.5,,2,2013,2020,54.42,16.35,92.5,,,,False
Mannaekhalli1,Mannaekhalli,HOMNABAD,Bidar,17.7375,77.38472222,CGWB manual quarterly (NWDP),Bore well,,92.5,,71,1996,2015,10.3,11.04,11.73,9.5,2.23,0.039,False
Matala,Matala,BASAVAKALYAN,Bidar,17.83333333,76.86666667,CGWB manual quarterly (NWDP),Dug well,Unconfined,19.5,,102,1996,2024,9.61,7.87,14.04,7.32,6.72,-0.011,False
Meenkhere,Meenkhere,BIDAR,Bidar,17.7,77.4,CGWB manual quarterly (NWDP),Dug well,,14.42,,57,1996,2015,10.85,12.36,13.4,9.92,3.48,0.197,False
Menekhalli,Menekhalli,HOMNABAD,Bidar,17.72388889,77.37472222,CGWB manual quarterly (NWDP),Dug well,Unconfined,17.15,,32,2014,2024,7.07,4.49,14.36,5.93,8.43,-0.843,False
Morambi,Morambi,BHALKI,Bidar,17.99166667,77.09166667,CGWB manual quarterly (NWDP),,,,,16,1996,2011,6.05,4.12,9.82,5.41,4.41,-0.359,False
Mudbi,Mudbi,BASAVAKALYAN,Bidar,17.73333333,76.925,CGWB manual quarterly (NWDP),Bore well,,43.7,,11,1998,2020,9.02,2.85,16.79,6.14,10.65,0.685,False
Mudbi1,Mudbi,BASAVAKALYAN,Bidar,17.73333333,76.925,CGWB manual quarterly (NWDP),Bore well,,43.7,,41,2012,2024,2.57,1.74,3.76,1.93,1.83,-0.178,False
Mustapur,Mustapur,AURAD,Bidar,18.17083333,77.475,CGWB manual quarterly (NWDP),,,,,21,1996,2003,5.55,5.76,7.32,5.03,2.29,0.161,False
Nagur,Nagur,AURAD,Bidar,18.15611111,77.48583333,CGWB manual quarterly (NWDP),Dug well,Unconfined,8.1,,35,2014,2024,4.21,3.11,6.23,3.25,2.98,-0.236,False
Nirna,Nirna,HOMNABAD,Bidar,17.7,77.31666667,CGWB manual quarterly (NWDP),Dug well,Unconfined,16.58,,108,1996,2024,6.69,4.33,10.2,5.25,4.95,-0.127,False
Rajeshwar,Rajeshwar,BASAVAKALYAN,Bidar,17.80833333,77.05,CGWB manual quarterly (NWDP),Dug well,Unconfined,19.71,,103,1996,2024,8.71,4.03,12.92,6.2,6.72,-0.147,False
Rajeswari,-,-,Bidar,17.7892,77.0347,CGWB manual quarterly (NWDP),,,,,2,2024,2024,12.68,12.68,,,,,False
Rajola,Rajola,HOMNABAD,Bidar,17.85,77.05666667,CGWB manual quarterly (NWDP),Dug well,Unconfined,15.5,,32,2015,2024,9.67,8.2,12.21,8.43,3.78,-0.469,False
Rajola,Rajola,BASAVAKALYAN,Bidar,17.85,77.05833333,CGWB manual quarterly (NWDP),Bore well,,142.0,,1,2020,2020,13.9,13.9,,,,,False
Rampur,Basirapur,HOMNABAD,Bidar,18.23861111,77.20305556,CGWB manual quarterly (NWDP),Dug well,Unconfined,15.98,,37,2013,2024,3.71,2.71,5.99,2.01,3.98,-0.261,False
Rampur,Rampur,AURAD,Bidar,18.23972222,77.36861111,CGWB manual quarterly (NWDP),Dug well,Unconfined,6.48,,6,2013,2023,2.32,1.45,,2.6,,-0.041,False
Saigaon,Saigaon,BHALKI,Bidar,18.08527778,77.09333333,CGWB manual quarterly (NWDP),Dug well,Unconfined,6.4,,108,1996,2024,2.69,2.25,4.18,1.99,2.19,-0.033,False
Sangam,Sangam,AURAD,Bidar,18.16666667,77.24722222,CGWB manual quarterly (NWDP),,,,,8,2000,2013,12.46,46.05,21.53,6.23,15.3,3.231,False
Santepur,Santhpur,AURAD,Bidar,18.30416667,77.41944444,CGWB manual quarterly (NWDP),Dug well,Unconfined,8.8,,103,1996,2024,4.03,2.77,6.94,2.4,4.54,-0.074,False
Soldapka,Soldapka,BASAVAKALYAN,Bidar,17.78694444,76.93277778,CGWB manual quarterly (NWDP),Dug well,Unconfined,10.0,,40,2013,2024,4.94,3.72,7.27,3.34,3.93,-0.232,False
Toglur,-,-,Bidar,17.9741,77.0529,CGWB manual quarterly (NWDP),,,,,2,2024,2024,4.61,4.61,,,,,False
Tulbhug,-,-,Bidar,17.87630556,76.88180556,CGWB manual quarterly (NWDP),,,,,2,2024,2024,7.88,7.88,,,,,False
Waddarga,Wadderga,BASAVAKALYAN,Bidar,17.74166667,76.78333333,CGWB manual quarterly (NWDP),Dug well,,8.25,,14,1996,2024,5.88,7.1,9.29,3.5,5.79,0.019,False
Wadegaon,Wadgaon Deshmukh,AURAD,Bidar,18.12222222,77.51805556,CGWB manual quarterly (NWDP),Dug well,Unconfined,9.0,,101,1996,2024,4.88,3.96,7.25,3.74,3.51,-0.027,False
Wagdel,Wagdel,BIDAR,Bidar,17.75833333,77.46805556,CGWB manual quarterly (NWDP),,,,,2,1997,2000,14.64,14.64,14.42,,,,False
Yarandagi,Yarandagi,BASAVAKALYAN,Bidar,17.78722222,76.93305556,CGWB manual quarterly (NWDP),Dug well,Unconfined,12.0,,39,2013,2024,6.03,8.45,6.69,6.05,0.64,0.738,False
Yarandi,-,-,Bidar,17.78322222,76.92944444,CGWB manual quarterly (NWDP),,,,,2,2024,2024,25.18,25.18,,,,,False
Agara,Agara,YELANDUR,Chamarajanagara,12.11666667,77.075,CGWB manual quarterly (NWDP),Dug well,,9.94,,96,1996,2024,3.43,2.56,4.22,2.64,1.58,0.14,False
Alur,Alur,CHAMARAJANAGAR,Chamarajanagara,11.96388889,76.99722222,CGWB manual quarterly (NWDP),Dug well,,7.75,,33,1996,2019,5.81,7.25,6.0,5.64,0.36,0.153,False
Ankanasettypura,Ankanasettypura,CHAMARAJANAGAR,Chamarajanagara,11.85,76.96666667,CGWB manual quarterly (NWDP),Dug well,,19.5,,47,1997,2015,16.57,18.7,16.66,16.12,0.54,0.451,False
Attugulipura,Attugulipura,CHAMARAJANAGAR,Chamarajanagara,11.81666667,77.0125,CGWB manual quarterly (NWDP),,,,,13,1997,2013,12.99,15.25,14.52,11.32,3.2,0.377,False
Bandipur,Bandipur,GUNDLUPET,Chamarajanagara,11.66666667,76.63333333,CGWB manual quarterly (NWDP),,,,,22,1996,2010,7.81,9.46,8.24,8.81,-0.57,0.101,False
Begur,Begur,GUNDLUPET,Chamarajanagara,11.9375,76.67083333,CGWB manual quarterly (NWDP),Dug well,Unconfined,13.78,,93,1997,2024,5.92,6.0,5.7,5.29,0.41,0.041,False
Bheemanabeedu,Bheemanabeedu,GUNDLUPET,Chamarajanagara,11.78611111,76.61805556,CGWB manual quarterly (NWDP),Dug well,,9.17,,51,1996,2015,7.54,8.1,8.23,5.82,2.41,0.08,False
Chamarajanagar,Chamarajanagar,CHAMARAJANAGAR,Chamarajanagara,11.91666667,76.93333333,CGWB manual quarterly (NWDP),Bore well,Semi-confined,50.0,,78,1999,2024,13.57,10.19,15.5,12.08,3.42,0.033,False
Chamarajanagar1,Chamarajanagar,CHAMARAJANAGAR,Chamarajanagara,11.925,76.94027778,CGWB manual quarterly (NWDP),,,,,30,1996,2003,4.43,4.13,4.49,3.89,0.6,-0.055,False
Chamarajanagar_1,-,-,Chamarajanagara,11.9167,76.9333,CGWB manual quarterly (NWDP),Bore well,Semi-confined,50.0,,1,2023,2023,13.37,13.37,,,,,False
Devalapura,Devalapura,GUNDLUPET,Chamarajanagara,11.84166667,76.81666667,CGWB manual quarterly (NWDP),Dug well,Unconfined,12.93,0.023,104,1996,2024,2.86,2.82,2.89,2.05,0.84,-0.014,False
Devarahalli,Devarahalli,GUNDLUPET,Chamarajanagara,11.74722222,76.61666667,CGWB manual quarterly (NWDP),Dug well,,19.0,,34,2013,2023,16.44,14.24,15.58,15.0,0.58,-0.363,False
Gundlupet,Gundlupet,GUNDLUPET,Chamarajanagara,11.8,76.68611111,CGWB manual quarterly (NWDP),Bore well,Semi-confined,60.0,,80,1999,2024,39.34,34.52,40.44,38.7,1.74,0.037,False
Gundlupet1,Gundlupet,GUNDLUPET,Chamarajanagara,11.80833333,76.6875,CGWB manual quarterly (NWDP),Dug well,,45.5,,8,1996,2019,18.72,3.1,21.56,,,-0.799,False
Hangala,Hangala,GUNDLUPET,Chamarajanagara,11.74583333,76.65,CGWB manual quarterly (NWDP),,,,,62,1996,2015,6.89,11.2,7.5,6.37,1.13,0.371,False
Hanur,Hanur,KOLLEGAL,Chamarajanagara,12.09166667,77.30555556,CGWB manual quarterly (NWDP),Dug well,Unconfined,22.0,,40,2012,2024,11.42,9.34,11.75,10.48,1.27,-0.813,False
Honnegowdanahalli,Honnegowdanahalli,GUNDLUPET,Chamarajanagara,11.76,76.62194444,CGWB manual quarterly (NWDP),Dug well,Unconfined,14.0,,41,2013,2024,5.73,4.63,6.69,4.59,2.1,-0.274,False
Hosa Anigalli,Hosa Anigalli,KOLLEGAL,Chamarajanagara,12.16527778,77.11805556,CGWB manual quarterly (NWDP),Dug well,,10.98,,38,2007,2020,7.57,8.65,9.46,6.26,3.2,0.288,False
Kalagatahandi,Kalagatahandi,GUNDLUPET,Chamarajanagara,11.78055556,76.575,CGWB manual quarterly (NWDP),Dug well,,14.5,,20,2013,2019,10.7,10.66,10.58,10.41,0.17,0.054,False
Kekan Halla,Kekan Halla,GUNDLUPET,Chamarajanagara,11.63333333,76.64166667,CGWB manual quarterly (NWDP),Dug well,Unconfined,10.4,,50,2009,2024,4.12,3.48,5.55,3.45,2.1,-0.142,False
Kollegal,Kollegal,KOLLEGAL,Chamarajanagara,12.1625,77.10833333,CGWB manual quarterly (NWDP),Bore well,Semi-confined,51.5,,77,2001,2024,8.84,7.78,10.65,6.45,4.2,0.041,False
Kollegal1,Kollegal,KOLLEGAL,Chamarajanagara,12.16666667,77.11666667,CGWB manual quarterly (NWDP),Dug well,,10.98,,35,1996,2024,6.11,8.62,9.09,3.84,5.25,0.226,False
Kollegal_2,-,-,Chamarajanagara,12.1625,77.1083,CGWB manual quarterly (NWDP),Bore well,Semi-confined,51.5,,1,2023,2023,0.8,0.8,,0.8,,,False
Kollegala,Kollegala,KOLLEGAL,Chamarajanagara,12.14916667,77.09333333,CGWB manual quarterly (NWDP),Dug well,,10.0,,13,2012,2019,7.25,6.86,8.57,6.4,2.17,-0.341,False
Kombutuki,Kombutuki,KOLLEGAL,Chamarajanagara,11.98333333,77.56666667,CGWB manual quarterly (NWDP),Dug well,Unconfined,20.0,,60,2007,2024,2.53,2.38,3.09,1.72,1.37,0.005,False
Kunthur,Kunthur,KOLLEGAL,Chamarajanagara,12.125,77.03555556,CGWB manual quarterly (NWDP),Dug well,Unconfined,12.02,0.023,105,1996,2024,3.28,3.26,5.68,1.83,3.85,0.094,False
Kurubaradoddi,Kumbaradoddi,KOLLEGAL,Chamarajanagara,12.0375,77.35416667,CGWB manual quarterly (NWDP),Dug well,Unconfined,12.08,,58,2007,2024,4.02,2.75,3.83,3.23,0.6,0.072,False
Kurubarahundi,Kurubarahundi,GUNDLUPET,Chamarajanagara,11.93194444,76.60944444,CGWB manual quarterly (NWDP),Dug well,Unconfined,10.72,,36,2014,2024,4.55,2.46,6.45,3.73,2.72,-0.65,False
Lokkanahalli,Lokkanahalli,KOLLEGAL,Chamarajanagara,12.02083333,77.25,CGWB manual quarterly (NWDP),,,,,3,2006,2013,12.65,12.65,12.65,,,,False
Maddur,Maddur,YELANDUR,Chamarajanagara,12.07777778,77.06666667,CGWB manual quarterly (NWDP),Dug well,Unconfined,9.98,,98,1996,2024,5.98,5.82,7.1,4.81,2.29,-0.033,False
Maddur1,Maddur,GUNDLUPET,Chamarajanagara,11.77777778,76.55,CGWB manual quarterly (NWDP),Dug well,Unconfined,16.5,,101,1996,2024,5.8,2.74,7.78,4.1,3.68,-0.289,False
Mahadeshwarabetta,Mahadeshwarabetta,KOLLEGAL,Chamarajanagara,12.03055556,77.5875,CGWB manual quarterly (NWDP),Dug well,Unconfined,9.7,,67,2002,2024,3.75,3.8,4.72,2.43,2.29,-0.013,False
Managala,Managala,KOLLEGAL,Chamarajanagara,12.09166667,77.38333333,CGWB manual quarterly (NWDP),Dug well,,14.53,,20,2000,2013,13.02,10.6,11.22,13.32,-2.1,-0.38,False
Managala1,Managala,CHAMARAJANAGAR,Chamarajanagara,11.99166667,76.95833333,CGWB manual quarterly (NWDP),,,,,15,1996,2003,9.7,8.86,10.15,9.57,0.58,-0.392,False
Martalli,Martalli,KOLLEGAL,Chamarajanagara,12.08333333,77.55,CGWB manual quarterly (NWDP),Dug well,,16.0,,4,2000,2005,4.56,5.28,4.86,3.7,1.16,,False
Metitiruvu,Metutara,KOLLEGAL,Chamarajanagara,11.99166667,77.49722222,CGWB manual quarterly (NWDP),Dug well,Unconfined,17.64,,30,2008,2024,10.29,6.84,10.07,9.66,0.41,-0.479,False
Mudhalli,Mudhalli,CHAMARAJANAGAR,Chamarajanagara,11.91666667,76.98333333,CGWB manual quarterly (NWDP),,,,,3,2011,2013,19.0,19.0,19.0,,,,False
Mudhuvanahalli,Mudhuvanahalli,KOLLEGAL,Chamarajanagara,12.15222222,77.15,CGWB manual quarterly (NWDP),Dug well,,9.0,,94,1996,2024,2.86,1.74,4.15,1.69,2.46,-0.007,False
Palanimele,Palanimele,KOLLEGAL,Chamarajanagara,12.00555556,77.40833333,CGWB manual quarterly (NWDP),Dug well,Unconfined,11.0,,36,2013,2024,7.96,7.77,8.09,7.4,0.69,-0.071,False
Ramapura,Ramapura,KOLLEGAL,Chamarajanagara,12.00277778,77.40277778,CGWB manual quarterly (NWDP),Dug well,Unconfined,10.0,,37,2013,2024,3.9,2.21,4.71,1.93,2.78,-0.498,False
Santemarenahalli,Santemarenahalli,CHAMARAJANAGAR,Chamarajanagara,12.05,76.98333333,CGWB manual quarterly (NWDP),Bore well,Semi-confined,65.0,,81,1999,2024,25.94,15.18,27.49,23.73,3.76,-0.202,False
Santemarenahalli1,Santemarenahalli,CHAMARAJANAGAR,Chamarajanagara,12.04166667,76.98333333,CGWB manual quarterly (NWDP),,,,,2,1996,2000,8.97,7.67,,,,,False
Santemarenahalli_1,-,-,Chamarajanagara,12.05,76.9833,CGWB manual quarterly (NWDP),Bore well,Semi-confined,65.0,,1,2023,2023,16.08,16.08,,16.08,,,False
Shankardevalaya Betta,Shankardevalaya Betta,CHAMARAJANAGAR,Chamarajanagara,11.99166667,76.95833333,CGWB manual quarterly (NWDP),,,,,9,2013,2015,12.67,12.67,12.67,12.67,0.0,,False
Suthur,Suthur,CHAMARAJANAGAR,Chamarajanagara,12.01666667,77.04166667,CGWB manual quarterly (NWDP),,,,,8,1996,2013,6.06,5.75,6.6,,,-0.052,False
Terakanambi,Terakanambi,GUNDLUPET,Chamarajanagara,11.81666667,76.7875,CGWB manual quarterly (NWDP),,,,,17,1999,2013,7.88,8.4,7.47,8.4,-0.93,0.261,False
Thagarapura,Thagarapura,KOLLEGAL,Chamarajanagara,12.11944444,76.99166667,CGWB manual quarterly (NWDP),Dug well,Unconfined,11.0,,54,2007,2024,2.62,2.32,5.91,0.55,5.36,0.099,False
Uttaballi,Uttaballi,KOLLEGAL,Chamarajanagara,12.14722222,77.075,CGWB manual quarterly (NWDP),Dug well,Unconfined,10.5,,38,2013,2024,7.36,5.45,7.93,6.62,1.31,-0.212,False
Vadekakalla,Vadekakalla,KOLLEGAL,Chamarajanagara,12.08333333,77.55,CGWB manual quarterly (NWDP),Dug well,,16.0,,14,2012,2023,6.97,5.96,6.1,6.14,-0.04,-0.209,False
Yelandur,Yelandur,YELANDUR,Chamarajanagara,12.04166667,77.02916667,CGWB manual quarterly (NWDP),Bore well,Semi-confined,50.0,,78,2000,2024,5.92,5.47,6.46,5.47,0.99,0.119,False
Yelandur1,Yelandur,YELANDUR,Chamarajanagara,12.04444444,77.03333333,CGWB manual quarterly (NWDP),Dug well,,9.82,,74,1996,2017,6.08,7.54,6.89,5.17,1.72,0.009,False
Yelandur_1,-,-,Chamarajanagara,12.0417,77.0292,CGWB manual quarterly (NWDP),Bore well,Semi-confined,50.0,,1,2023,2023,6.77,6.77,,,,,False
Yellamala,Yellamala,YELANDUR,Chamarajanagara,12.09166667,77.36666667,CGWB manual quarterly (NWDP),,,,,3,2012,2013,11.92,11.92,11.92,11.92,0.0,,False
Yeriyuru,Yeriyuru,YELANDUR,Chamarajanagara,12.00555556,77.40833333,CGWB manual quarterly (NWDP),Dug well,Unconfined,11.0,,36,2013,2024,6.73,4.99,7.1,4.07,3.03,-0.152,False
Agalegundi,Agalegundi,KOPPA,Chikkamagaluru,13.38805556,75.33305556,CGWB manual quarterly (NWDP),Dug well,Unconfined,18.29,,31,2015,2024,7.29,7.19,9.92,7.02,2.9,-0.094,False
Agrahara,Agrahara,KADUR,Chikkamagaluru,13.43333333,76.0,CGWB manual quarterly (NWDP),Dug well,Unconfined,18.0,,59,2003,2024,16.38,10.92,15.75,14.74,1.01,-0.577,False
Ajjampur,Ajjampur,TARIKERE,Chikkamagaluru,13.73333333,76.0125,CGWB manual quarterly (NWDP),Bore well,Semi-confined,60.0,,80,1999,2024,10.72,8.29,12.2,10.01,2.19,-0.087,False
Ajjampur (A),Ajjampur (A),TARIKERE,Chikkamagaluru,13.74722222,76.00833333,CGWB manual quarterly (NWDP),Dug well,Unconfined,6.9,,71,2004,2024,2.22,3.02,3.1,1.67,1.43,-0.003,False
Ajjampura_1,-,-,Chikkamagaluru,13.7333,76.0125,CGWB manual quarterly (NWDP),Bore well,Semi-confined,60.0,,2,2023,2024,10.55,10.55,,,,,False
Aladagudde,Aladagudde,CHIKMAGALUR,Chikkamagaluru,13.27305556,75.72333333,CGWB manual quarterly (NWDP),Dug well,Unconfined,12.0,,41,2013,2024,5.87,4.26,7.86,4.78,3.08,-0.158,False
Aldur,Aldur,CHIKMAGALUR,Chikkamagaluru,13.24166667,75.65,CGWB manual quarterly (NWDP),Dug well,Unconfined,5.55,,45,1996,2024,4.77,12.48,8.26,3.39,4.87,0.294,False
Alduru A,Alduru A,CHIKMAGALUR,Chikkamagaluru,13.24027778,75.65,CGWB manual quarterly (NWDP),Dug well,,35.0,,51,2008,2024,14.6,11.61,18.29,13.47,4.82,-0.225,False
Alehalli,Alehalli,NARASIMHARAJAPURA,Chikkamagaluru,13.46805556,75.46111111,CGWB manual quarterly (NWDP),Dug well,Unconfined,12.0,,42,2012,2024,6.69,6.74,9.44,5.77,3.67,0.045,False
Antharagatta,Antharagatta,KADUR,Chikkamagaluru,13.725,76.11666667,CGWB manual quarterly (NWDP),Dug well,Unconfined,16.1,,94,1996,2022,7.47,4.9,8.46,5.8,2.66,0.01,False
Arenuru,Arenuru,CHIKMAGALUR,Chikkamagaluru,13.26388889,75.615,CGWB manual quarterly (NWDP),Dug well,,7.0,,38,2012,2024,2.97,2.87,3.73,2.72,1.01,0.101,False
Balehole,Balehole,MUDIGERE,Chikkamagaluru,13.26666667,75.4125,CGWB manual quarterly (NWDP),Dug well,Unconfined,11.28,,40,2012,2024,7.88,7.98,8.56,7.68,0.88,0.054,False
Balehonnur,Balehonnur,NARASIMHARAJAPURA,Chikkamagaluru,13.33472222,75.5,CGWB manual quarterly (NWDP),Dug well,Unconfined,13.0,,43,2012,2024,7.6,7.55,9.92,6.92,3.0,-0.009,False
Balehonnuru,B.Kanabur,NARASIMHARAJAPURA,Chikkamagaluru,13.35833333,75.46666667,CGWB manual quarterly (NWDP),Bore well,,50.0,,20,1999,2015,13.27,24.63,19.71,9.03,10.68,0.515,False
Baliganur,Balliganur,TARIKERE,Chikkamagaluru,13.61666667,75.83333333,CGWB manual quarterly (NWDP),,,,,33,1996,2013,14.4,15.09,15.15,13.66,1.49,0.118,False
Bankal,Bankal,MUDIGERE,Chikkamagaluru,13.13527778,75.54916667,CGWB manual quarterly (NWDP),Dug well,Unconfined,12.0,,39,2013,2024,3.73,3.93,5.1,3.08,2.02,0.017,False
Bannur_NRP,Bannur,NARASIMHARAJAPURA,Chikkamagaluru,13.33111111,75.49166667,CGWB manual quarterly (NWDP),Dug well,Unconfined,13.0,,40,2013,2024,7.03,6.23,7.65,6.8,0.85,-0.062,False
Bannur_ckm,Bannur,CHIKMAGALUR,Chikkamagaluru,13.26,75.63361111,CGWB manual quarterly (NWDP),Dug well,Unconfined,10.0,,37,2014,2024,3.12,2.58,4.43,2.32,2.11,-0.127,False
Begaru,Begar,SRINGERI,Chikkamagaluru,13.50416667,75.20833333,CGWB manual quarterly (NWDP),Dug well,Unconfined,15.2,,107,1996,2024,9.76,9.61,12.39,9.43,2.96,-0.003,False
Bhavikere,Bhavikere,TARIKERE,Chikkamagaluru,13.71666667,75.71111111,CGWB manual quarterly (NWDP),Dug well,Unconfined,14.55,,106,1996,2024,6.99,7.01,7.69,6.05,1.64,0.104,False
Bidaralli,Bidaralli,MUDIGERE,Chikkamagaluru,13.12222222,75.61611111,CGWB manual quarterly (NWDP),Dug well,Unconfined,16.0,,41,2013,2024,11.59,11.0,13.16,10.86,2.3,-0.052,False
Bijuvalli,Beejavalli,MUDIGERE,Chikkamagaluru,13.125,75.63333333,CGWB manual quarterly (NWDP),Bore well,Semi-confined,45.0,,70,1999,2024,2.68,2.58,4.4,2.42,1.98,-0.017,False
Bijuvalli_1,-,-,Chikkamagaluru,13.125,75.6333,CGWB manual quarterly (NWDP),Bore well,Semi-confined,45.0,,1,2023,2023,3.5,3.5,,,,,False
Bilagula,Bilagula,MUDIGERE,Chikkamagaluru,13.14833333,75.64611111,CGWB manual quarterly (NWDP),Dug well,Unconfined,18.0,,42,2013,2024,5.82,5.53,6.73,5.02,1.71,0.053,False
Bukkambudi,Bukkambudi,TARIKERE,Chikkamagaluru,13.82083333,75.99166667,CGWB manual quarterly (NWDP),Dug well,,13.25,,60,1996,2013,7.27,7.96,9.17,5.9,3.27,-0.059,False
Chackmakki,Chackmakki,MUDIGERE,Chikkamagaluru,13.14,75.56388889,CGWB manual quarterly (NWDP),Dug well,Unconfined,9.0,,42,2013,2024,3.6,3.55,4.69,2.83,1.86,0.062,False
Channapura,Channapura,TARIKERE,Chikkamagaluru,13.7,76.00277778,CGWB manual quarterly (NWDP),Dug well,Unconfined,11.8,,82,1996,2024,8.91,5.23,9.87,7.71,2.16,-0.09,False
Chikmagalur,Chikmagalur,CHIKMAGALUR,Chikkamagaluru,13.325,75.77916667,CGWB manual quarterly (NWDP),Bore well,Semi-confined,46.0,,80,1999,2024,7.2,2.14,8.78,5.63,3.15,-0.274,False
Chikmagalur Town,Chikmagalur Town,CHIKMAGALUR,Chikkamagaluru,13.32555556,75.78,CGWB manual quarterly (NWDP),Dug well,Unconfined,19.0,,34,2015,2024,2.62,2.55,2.98,2.32,0.66,0.007,False
Chikmagalur_1,-,-,Chikkamagaluru,13.325,75.7792,CGWB manual quarterly (NWDP),Bore well,Semi-confined,46.0,,2,2023,2023,2.2,2.2,,2.26,,,False
Devanur,Devanur,KADUR,Chikkamagaluru,13.42222222,76.09444444,CGWB manual quarterly (NWDP),,,,,32,2005,2013,12.05,11.21,11.87,11.0,0.87,-0.294,False
Doranalu,Doranalu,TARIKERE,Chikkamagaluru,13.67222222,75.82916667,CGWB manual quarterly (NWDP),,,,,47,1996,2013,6.51,7.72,10.08,4.57,5.51,-0.067,False
Gori Gundi,Gori Gundi,CHIKMAGALUR,Chikkamagaluru,13.35777778,75.53472222,CGWB manual quarterly (NWDP),Dug well,Unconfined,9.0,,33,2015,2024,4.82,4.69,6.6,3.94,2.66,-0.013,False
Gujjenahalli,Gujjenahalli,KADUR,Chikkamagaluru,13.56138889,76.17305556,CGWB manual quarterly (NWDP),Dug well,Unconfined,12.0,,32,2012,2024,7.07,3.97,11.1,4.33,6.77,-0.409,False
Halemudigere,Halemudigere,MUDIGERE,Chikkamagaluru,13.3,75.63333333,CGWB manual quarterly (NWDP),Dug well,Unconfined,11.0,,40,2013,2024,4.93,4.47,5.71,4.88,0.83,-0.044,False
Handi,Handi,CHIKMAGALUR,Chikkamagaluru,13.2,75.68333333,CGWB manual quarterly (NWDP),Dug well,Unconfined,14.25,,107,1996,2024,5.89,5.06,9.45,4.71,4.74,-0.069,False
Hariharapura,Hariharapura,KOPPA,Chikkamagaluru,13.525,75.3,CGWB manual quarterly (NWDP),Dug well,Unconfined,10.8,,105,1996,2024,7.08,6.92,8.73,7.0,1.73,-0.01,False
Herur,Herur,KOPPA,Chikkamagaluru,13.37666667,75.39972222,CGWB manual quarterly (NWDP),Dug well,Unconfined,12.0,,43,2012,2024,5.85,5.66,8.25,5.14,3.11,-0.033,False
Hire Bile,Hire Bile,MUDIGERE,Chikkamagaluru,13.2075,75.41916667,CGWB manual quarterly (NWDP),Dug well,Unconfined,10.0,,41,2012,2024,1.18,1.83,2.8,0.62,2.18,0.118,False
Hirenallur,Hirenallur,KADUR,Chikkamagaluru,13.6725,76.04111111,CGWB manual quarterly (NWDP),Dug well,Unconfined,13.0,,41,2012,2024,2.35,1.87,3.01,1.96,1.05,-0.085,False
Holekoppa,Holekoppa,SRINGERI,Chikkamagaluru,13.46083333,75.23055556,CGWB manual quarterly (NWDP),Dug well,Unconfined,14.0,,43,2012,2024,7.88,7.78,10.51,7.28,3.23,0.009,False
Horatti,Horatti,MUDIGERE,Chikkamagaluru,13.12944444,75.59,CGWB manual quarterly (NWDP),Dug well,Unconfined,18.29,,42,2012,2024,7.49,6.41,10.31,6.62,3.69,-0.207,False
Hornad,Hornad,MUDIGERE,Chikkamagaluru,13.27694444,75.34472222,CGWB manual quarterly (NWDP),Dug well,Unconfined,10.0,,33,2015,2024,2.92,3.13,4.43,2.46,1.97,0.028,False
Hukkunda,Hukkunda,CHIKMAGALUR,Chikkamagaluru,13.32472222,75.72666667,CGWB manual quarterly (NWDP),Dug well,Unconfined,15.0,,40,2013,2024,6.29,4.92,8.6,5.11,3.49,-0.206,False
Hunsehalli,Hunsehalli,CHIKMAGALUR,Chikkamagaluru,13.33083333,75.55694444,CGWB manual quarterly (NWDP),Dug well,Unconfined,12.0,,39,2013,2024,3.75,3.58,5.82,3.29,2.53,-0.016,False
Jakkanakki,Jakkanakki,NARASIMHARAJAPURA,Chikkamagaluru,13.25833333,75.29583333,CGWB manual quarterly (NWDP),Dug well,Unconfined,10.0,,41,2012,2024,6.3,6.01,7.87,6.03,1.84,0.016,False
Jannapura,Jannapura,MUDIGERE,Chikkamagaluru,13.13333333,75.5,CGWB manual quarterly (NWDP),Dug well,Unconfined,10.62,,70,2005,2024,7.41,8.14,9.37,6.87,2.5,0.058,False
Jayapura,Jayapura,KOPPA,Chikkamagaluru,13.39583333,75.375,CGWB manual quarterly (NWDP),Dug well,Unconfined,11.04,,103,1996,2024,7.94,8.12,8.19,8.06,0.13,0.0,False
Jn Bylu,Jn Bylu,MUDIGERE,Chikkamagaluru,13.09166667,75.66,CGWB manual quarterly (NWDP),Dug well,Unconfined,16.0,,39,2013,2024,8.55,7.39,11.7,7.45,4.25,-0.229,False
Kadubugere,Kadubugere,CHIKMAGALUR,Chikkamagaluru,13.36583333,75.51805556,CGWB manual quarterly (NWDP),Dug well,,15.0,,28,2013,2024,7.06,5.08,11.28,6.11,5.17,-0.16,False
Kadubugere A,-,CHIKMAGALUR,Chikkamagaluru,13.36555556,75.51777778,CGWB manual quarterly (NWDP),Dug well,Unconfined,36.7,,6,2018,2022,5.33,5.16,7.33,5.7,1.63,,False
Kadur_1,-,-,Chikkamagaluru,13.5583,76.0167,CGWB manual quarterly (NWDP),Bore well,Semi-confined,60.0,,4,2023,2024,14.18,14.18,,13.3,,,False
Kaduru,Kaduru,KADUR,Chikkamagaluru,13.55833333,76.01666667,CGWB manual quarterly (NWDP),Bore well,Semi-confined,60.0,,73,1999,2023,16.86,10.87,20.39,13.41,6.98,-0.097,False
Kaduru1,Kaduru,KADUR,Chikkamagaluru,13.56666667,76.08333333,CGWB manual quarterly (NWDP),,,,,16,1996,2001,2.72,2.41,2.99,2.53,0.46,-0.377,False
Kalanaikana Katte,Kalanaikana Katte,KOPPA,Chikkamagaluru,13.51805556,75.27138889,CGWB manual quarterly (NWDP),Dug well,Unconfined,14.0,,36,2014,2024,8.06,7.66,10.4,8.07,2.33,-0.104,False
Kalasa,Kalasa,MUDIGERE,Chikkamagaluru,13.23333333,75.35416667,CGWB manual quarterly (NWDP),Dug well,Unconfined,7.35,,105,1996,2024,3.57,3.39,4.21,3.47,0.74,-0.103,False
Kanati,Kanati,CHIKMAGALUR,Chikkamagaluru,13.30833333,75.58333333,CGWB manual quarterly (NWDP),Dug well,Unconfined,6.8,,69,2005,2024,1.5,1.69,1.99,1.27,0.72,-0.004,False
Karthikere,Karthikere,CHIKMAGALUR,Chikkamagaluru,13.29111111,75.80861111,CGWB manual quarterly (NWDP),Dug well,Unconfined,12.0,,40,2013,2024,3.92,2.67,4.09,3.58,0.51,-0.094,False
Kooduvalli,Kooduvalli,CHIKMAGALUR,Chikkamagaluru,13.26361111,75.68472222,CGWB manual quarterly (NWDP),Dug well,Unconfined,15.0,,41,2013,2024,9.15,7.95,10.57,8.54,2.03,-0.22,False
Koppa,Koppa,KOPPA,Chikkamagaluru,13.53333333,75.35,CGWB manual quarterly (NWDP),Dug well,Unconfined,8.0,,87,1996,2024,5.07,6.78,6.91,4.48,2.43,-0.006,False
Koppa A,-,KOPPA,Chikkamagaluru,13.53222222,75.36222222,CGWB manual quarterly (NWDP),Dug well,Unconfined,18.28,,9,2018,2022,8.25,7.95,6.6,8.74,-2.14,,False
Kottigehara,Kottigehara,MUDIGERE,Chikkamagaluru,13.125,75.50416667,CGWB manual quarterly (NWDP),Dug well,Unconfined,9.0,,39,2012,2024,4.52,3.26,5.16,4.39,0.77,-0.164,False
Kudregundi,Kudregundi,KOPPA,Chikkamagaluru,13.55,75.425,CGWB manual quarterly (NWDP),Dug well,Unconfined,11.5,,39,2012,2024,7.56,7.72,8.97,7.75,1.22,0.017,False
Kunkanadu,Kunkanadu,KADUR,Chikkamagaluru,13.59166667,76.25416667,CGWB manual quarterly (NWDP),,,,,2,2005,2011,8.4,9.4,9.4,,,,False
Lakkavalli,Lakkavalli,TARIKERE,Chikkamagaluru,13.69444444,75.65555556,CGWB manual quarterly (NWDP),Dug well,Unconfined,10.2,,77,1996,2024,1.85,2.11,2.26,1.47,0.79,-0.015,False
Lakkavalli A,Lakkavalli A,TARIKERE,Chikkamagaluru,13.70527778,75.65138889,CGWB manual quarterly (NWDP),Dug well,,10.0,,25,2014,2023,1.3,1.2,1.45,1.33,0.12,-0.009,False
Lingadahalli A,Lingadahalli A,TARIKERE,Chikkamagaluru,13.59166667,75.21944444,CGWB manual quarterly (NWDP),Dug well,,10.5,,15,2008,2012,7.32,7.53,9.01,6.62,2.39,,False
Machcheri,Machcheri,KADUR,Chikkamagaluru,13.38694444,76.07666667,CGWB manual quarterly (NWDP),Dug well,Unconfined,15.0,,41,2012,2024,3.47,2.56,4.85,2.37,2.48,-0.091,False
Magadi,Magadi,CHIKMAGALUR,Chikkamagaluru,13.26388889,75.84722222,CGWB manual quarterly (NWDP),Dug well,,12.5,,97,1996,2023,6.49,4.19,7.33,5.54,1.79,0.015,False
Magundi,Magundi,NARASIMHARAJAPURA,Chikkamagaluru,13.27277778,75.48138889,CGWB manual quarterly (NWDP),Dug well,Unconfined,12.0,,38,2013,2024,4.2,4.15,5.16,3.63,1.53,0.038,False
Mahalgodu,Mahalgodu,NARASIMHARAJAPURA,Chikkamagaluru,13.27638889,75.47166667,CGWB manual quarterly (NWDP),Dug well,Unconfined,6.5,,35,2014,2024,2.42,2.17,2.52,2.19,0.33,-0.021,False
Mallidevihalli,Mallidevihalli,KADUR,Chikkamagaluru,13.54916667,76.07055556,CGWB manual quarterly (NWDP),Dug well,Unconfined,10.0,,35,2014,2024,3.71,2.47,4.08,3.08,1.0,-0.107,False
Menase,Menase,KOPPA,Chikkamagaluru,13.41583333,75.27666667,CGWB manual quarterly (NWDP),Dug well,Unconfined,14.0,,34,2014,2024,8.77,8.25,11.78,8.43,3.35,-0.091,False
Moodavagilu,Moodavagilu,NARASIMHARAJAPURA,Chikkamagaluru,13.565,75.48916667,CGWB manual quarterly (NWDP),Dug well,Unconfined,8.0,,30,2015,2024,3.51,2.59,5.78,2.82,2.96,-0.316,False
Mudigere Hand Post,Mudigere Hand Post,MUDIGERE,Chikkamagaluru,13.12166667,75.62833333,CGWB manual quarterly (NWDP),Dug well,Unconfined,15.0,,35,2013,2024,10.42,10.06,13.02,9.66,3.36,-0.03,False
Mugthihalli,Mugthihalli,CHIKMAGALUR,Chikkamagaluru,13.28527778,75.74722222,CGWB manual quarterly (NWDP),Dug well,Unconfined,12.5,,30,2013,2021,2.78,2.13,2.19,2.41,-0.22,-0.111,False
Muthinakoppa,Muthinakoppa,NARASIMHARAJAPURA,Chikkamagaluru,13.7225,75.46777778,CGWB manual quarterly (NWDP),Dug well,Unconfined,14.0,,40,2012,2024,3.82,2.76,6.46,3.07,3.39,-0.158,False
Nalluru,Nalluru,KOPPA,Chikkamagaluru,13.47638889,75.21138889,CGWB manual quarterly (NWDP),Dug well,Unconfined,12.0,,34,2014,2024,3.38,3.06,6.23,2.48,3.75,-0.11,False
Narasimharajapura,Narasimharajapura,NARASIMHARAJAPURA,Chikkamagaluru,13.68333333,75.525,CGWB manual quarterly (NWDP),Bore well,Semi-confined,40.0,,65,1999,2024,10.24,6.31,14.13,8.12,6.01,-0.093,False
Narasimharajapura A,-,NARASIMHARAJAPURA,Chikkamagaluru,13.6075,75.5025,CGWB manual quarterly (NWDP),Dug well,Unconfined,30.48,,12,2018,2023,4.5,3.74,8.54,3.64,4.9,-0.866,False
Narasimharajapura1,Narasimharajapura,NARASIMHARAJAPURA,Chikkamagaluru,13.6,75.5,CGWB manual quarterly (NWDP),Dug well,Unconfined,13.41,,89,1996,2024,4.98,5.19,7.09,4.22,2.87,0.107,False
Narve,Narve,KOPPA,Chikkamagaluru,13.48333333,75.33333333,CGWB manual quarterly (NWDP),Dug well,Unconfined,9.43,,39,2012,2024,5.22,5.16,6.44,4.94,1.5,-0.029,False
Rampura,Rampura,CHIKMAGALUR,Chikkamagaluru,13.3,75.76666667,CGWB manual quarterly (NWDP),Dug well,Unconfined,13.37,,14,2012,2021,10.89,12.21,12.65,11.26,1.39,0.352,False
Rangenahalli,Rangenahalli,TARIKERE,Chikkamagaluru,13.70666667,75.69722222,CGWB manual quarterly (NWDP),Dug well,Unconfined,10.0,,40,2013,2024,1.92,1.12,3.02,1.01,2.01,-0.103,False
Sakrepatna,Sakrepatna,KADUR,Chikkamagaluru,13.43055556,75.91666667,CGWB manual quarterly (NWDP),Dug well,Unconfined,8.6,,99,1996,2024,3.53,2.51,4.11,2.9,1.21,0.047,False
Samse,Samse,KOPPA,Chikkamagaluru,13.36666667,75.3,CGWB manual quarterly (NWDP),Dug well,Unconfined,7.17,,103,1996,2024,3.18,3.96,3.87,2.97,0.9,0.008,False
Seegodu,Seegodu,NARASIMHARAJAPURA,Chikkamagaluru,13.34361111,75.445,CGWB manual quarterly (NWDP),Dug well,Unconfined,14.0,,35,2014,2024,9.0,8.8,11.57,7.81,3.76,-0.036,False
Seethapura,Seethapura,TARIKERE,Chikkamagaluru,13.71777778,75.82194444,CGWB manual quarterly (NWDP),Dug well,Unconfined,11.0,,37,2013,2024,1.6,2.1,1.22,1.58,-0.36,0.074,False
Shankarapura,Shankarapura,NARASIMHARAJAPURA,Chikkamagaluru,13.71472222,75.46472222,CGWB manual quarterly (NWDP),Dug well,Unconfined,12.5,,40,2013,2024,6.94,6.17,8.55,6.39,2.16,-0.085,False
Shanuvalli,Shanuvalli,KOPPA,Chikkamagaluru,13.51083333,75.2375,CGWB manual quarterly (NWDP),Dug well,Unconfined,8.65,,36,2014,2024,4.24,4.25,5.43,3.77,1.66,-0.024,False
Shettikoppa,Shettikoppa,NARASIMHARAJAPURA,Chikkamagaluru,13.66666667,75.49166667,CGWB manual quarterly (NWDP),Dug well,Unconfined,11.5,,39,2012,2024,6.38,5.14,9.86,5.47,4.39,-0.238,False
Shivane,Shivane,TARIKERE,Chikkamagaluru,13.81666667,76.05416667,CGWB manual quarterly (NWDP),Dug well,Unconfined,20.7,,86,1996,2023,12.86,8.09,15.49,10.55,4.94,-0.292,False
Sokke,Sokke,TARIKERE,Chikkamagaluru,13.7125,75.96666667,CGWB manual quarterly (NWDP),Dug well,Unconfined,12.88,,60,1996,2024,8.72,5.22,11.11,6.92,4.19,-0.129,False
Sringeri,Sringeri,SRINGERI,Chikkamagaluru,13.425,75.25833333,CGWB manual quarterly (NWDP),Bore well,Semi-confined,30.0,,76,1999,2024,2.43,2.39,3.12,2.25,0.87,-0.006,False
Sringeri1,Sringeri,SRINGERI,Chikkamagaluru,13.4,75.25,CGWB manual quarterly (NWDP),Dug well,Unconfined,7.79,,99,1996,2024,3.94,3.65,6.19,3.3,2.89,-0.025,False
Sringeri_1,-,-,Chikkamagaluru,13.425,75.2583,CGWB manual quarterly (NWDP),Bore well,Semi-confined,30.0,,2,2023,2024,3.03,3.03,,,,,False
Station Thuglapura,Station Thuglapura,TARIKERE,Chikkamagaluru,13.71638889,75.74638889,CGWB manual quarterly (NWDP),Dug well,,15.0,,3,2013,2019,6.93,10.95,,,,,False
Sutha Echeker,Sutha Echeker,NARASIMHARAJAPURA,Chikkamagaluru,13.57888889,75.46305556,CGWB manual quarterly (NWDP),Dug well,Unconfined,12.0,,36,2013,2024,7.7,7.07,10.6,6.93,3.67,-0.091,False
Tarikere,Tarikere,TARIKERE,Chikkamagaluru,13.66666667,75.75,CGWB manual quarterly (NWDP),Dug well,Unconfined,11.0,,71,1996,2024,6.69,3.71,8.54,5.66,2.88,-0.102,False
Thali Halla,Thali Halla,CHIKMAGALUR,Chikkamagaluru,13.32666667,75.72638889,CGWB manual quarterly (NWDP),Dug well,Unconfined,12.0,,34,2012,2023,9.06,8.11,10.41,8.18,2.23,-0.057,False
Thodlu Karegadde,Thodlu Karegadde,MUDIGERE,Chikkamagaluru,13.21138889,75.34388889,CGWB manual quarterly (NWDP),Dug well,Unconfined,7.0,,29,2015,2024,3.23,3.03,3.93,3.5,0.43,-0.067,False
Uppalli,Uppalli,CHIKMAGALUR,Chikkamagaluru,13.33555556,76.02916667,CGWB manual quarterly (NWDP),Dug well,Unconfined,13.0,,37,2012,2024,5.61,4.63,7.78,4.51,3.27,-0.162,False
Vasthare,Vasthare,CHIKMAGALUR,Chikkamagaluru,13.25,75.70833333,CGWB manual quarterly (NWDP),Dug well,Unconfined,9.5,,102,1996,2024,3.68,4.14,5.16,2.95,2.21,0.025,False
Aimangala,Aimangala,HIRIYUR,Chitradurga,14.08333333,76.53333333,CGWB manual quarterly (NWDP),Bore well,,55.0,,38,2000,2013,18.23,23.01,18.55,15.01,3.54,0.391,False
Aimangala1,Aimangala,HIRIYUR,Chitradurga,14.13333333,76.53333333,CGWB manual quarterly (NWDP),Dug well,,19.8,,44,1998,2015,17.23,18.21,17.95,15.98,1.97,0.094,False
Aladhahalli_EW,-,-,Chitradurga,13.7212,76.201,CGWB manual quarterly (NWDP),,,,,1,2024,2024,8.61,8.61,,,,,False
Arehalli,Arehalli,HOLALKERE,Chitradurga,14.03333333,76.11666667,CGWB manual quarterly (NWDP),Dug well,Unconfined,12.7,0.018,104,1996,2024,5.68,3.46,6.74,4.27,2.47,-0.203,False
Ashok Siddapura-A,Ashok Siddapura-A,MOLAKALMURU,Chitradurga,14.80972222,76.79305556,CGWB manual quarterly (NWDP),Dug well,,10.0,,14,2012,2019,8.5,10.0,8.95,7.89,1.06,0.335,False
Asoka Siddapura,Asoka Siddapura,MOLAKALMURU,Chitradurga,14.80972222,76.79305556,CGWB manual quarterly (NWDP),Dug well,,10.0,,5,2007,2023,10.22,5.66,10.34,,,,False
Asoka Siddapura_1,-,-,Chitradurga,14.8097,76.7931,CGWB manual quarterly (NWDP),Dug well,,10.0,,2,2023,2023,5.41,5.41,,5.8,,,False
Avinatti_EW,-,-,Chitradurga,13.96535,76.2017,CGWB manual quarterly (NWDP),,,,,1,2024,2024,25.69,25.69,,,,,False
Belagur,Belagur,HOSDURGA,Chitradurga,13.62638889,76.29305556,CGWB manual quarterly (NWDP),Dug well,Unconfined,9.91,,36,2013,2024,6.01,3.24,6.99,4.77,2.22,-0.391,False
Bharamanaikanadurga,Bharamanaikanadurga,HOLALKERE,Chitradurga,14.18055556,76.13333333,CGWB manual quarterly (NWDP),Dug well,Unconfined,11.0,,31,2013,2022,8.88,8.73,9.75,7.93,1.82,0.071,False
Bhyrapura,Bhyrapura,MOLAKALMURU,Chitradurga,14.78333333,76.725,CGWB manual quarterly (NWDP),,,,,33,1996,2013,9.64,10.93,10.62,8.67,1.95,0.159,False
Biruvara,Biruvara,CHITRADURGA,Chitradurga,14.29305556,76.30138889,CGWB manual quarterly (NWDP),Dug well,Unconfined,17.0,,36,2013,2022,12.68,11.13,14.7,11.43,3.27,-0.35,False
Bommagondanakere,Bommagondanakere,MOLAKALMURU,Chitradurga,14.66666667,76.75,CGWB manual quarterly (NWDP),,,,,2,1996,1997,11.51,11.51,,12.03,,,False
Bommenanahalli,Bommenanahalli,CHITRADURGA,Chitradurga,14.21916667,76.26166667,CGWB manual quarterly (NWDP),Dug well,Unconfined,32.0,,34,2015,2024,2.81,4.14,2.66,1.83,0.83,0.409,False
Budnahatti,Budnahatti,CHALLAKERE,Chitradurga,14.36666667,76.65,CGWB manual quarterly (NWDP),,,,,1,2005,2005,12.72,12.72,,,,,False
Chitradurga,Chitradurga,CHITRADURGA,Chitradurga,14.21666667,76.4,CGWB manual quarterly (NWDP),Bore well,,63.0,,52,2000,2017,4.88,2.87,6.22,3.64,2.58,-0.501,False
Chitradurga1,Chitradurga,CHITRADURGA,Chitradurga,14.21666667,76.4,CGWB manual quarterly (NWDP),Bore well,,63.0,,40,2012,2024,1.55,2.1,1.44,0.97,0.47,0.136,False
Dharmapura,Dharmapura,HIRIYUR,Chitradurga,14.06666667,76.65,CGWB manual quarterly (NWDP),,,,,14,1996,2013,9.14,9.87,9.54,8.72,0.82,0.159,False
Doddachellur,Doddachellur,CHALLAKERE,Chitradurga,14.18472222,76.88055556,CGWB manual quarterly (NWDP),Bore well,Semi-confined,80.0,,70,2000,2024,12.63,5.44,15.53,10.59,4.94,0.123,False
Doddachellur1,Doddachellur,CHALLAKERE,Chitradurga,14.17916667,76.88333333,CGWB manual quarterly (NWDP),Dug well,,12.0,,46,1996,2023,7.98,6.2,9.31,6.88,2.43,0.135,False
Dodderi,Dodderi,CHALLAKERE,Chitradurga,14.3,76.70833333,CGWB manual quarterly (NWDP),Dug well,,10.0,,37,1999,2013,7.95,7.37,7.6,8.13,-0.53,0.088,False
Dogganal,Dogganal,HOLALKERE,Chitradurga,14.03194444,76.07361111,CGWB manual quarterly (NWDP),Dug well,Unconfined,11.5,,42,2013,2024,4.27,4.1,5.39,2.85,2.54,0.188,False
Dummi,Dummi,HOLALKERE,Chitradurga,14.05,76.08333333,CGWB manual quarterly (NWDP),Dug well,Unconfined,16.5,0.018,108,1996,2024,5.0,2.59,6.56,3.34,3.22,-0.278,False
Dyvarnahalli,Dyvarnahalli,CHALLAKERE,Chitradurga,14.28333333,76.75,CGWB manual quarterly (NWDP),Dug well,,10.74,,72,1996,2015,5.69,9.99,6.05,5.12,0.93,0.304,False
Eswaragere,Eswaragere,HIRIYUR,Chitradurga,14.025,76.74166667,CGWB manual quarterly (NWDP),Dug well,Unconfined,12.17,,76,1996,2022,6.05,10.18,7.48,4.27,3.21,0.168,False
Gangasamudra,Gangasamudra,HOLALKERE,Chitradurga,13.93333333,76.13333333,CGWB manual quarterly (NWDP),Dug well,Unconfined,11.0,,93,1996,2024,4.1,3.53,5.09,2.75,2.34,-0.01,False
Garaga,Garaga,HOSDURGA,Chitradurga,13.63,76.35111111,CGWB manual quarterly (NWDP),Dug well,Unconfined,19.0,,27,2015,2024,7.82,4.41,7.76,4.96,2.8,-0.991,False
Gatti hosahalli,Gatti hosahalli,HOSDURGA,Chitradurga,13.9,76.3125,CGWB manual quarterly (NWDP),Dug well,Unconfined,10.17,,95,1996,2024,5.91,5.17,8.02,4.18,3.84,0.012,False
Giddaobanahalli,Giddaobanahalli,HIRIYUR,Chitradurga,14.05,76.575,CGWB manual quarterly (NWDP),,,,,21,1996,2013,3.8,5.31,5.26,2.77,2.49,0.094,False
Gutikatte,Gutikatte,HOSDURGA,Chitradurga,13.85333333,76.22777778,CGWB manual quarterly (NWDP),Dug well,Unconfined,13.04,,57,2007,2024,8.74,6.02,10.23,6.9,3.33,-0.179,False
Hagnikatti,Hagnikatti,HOLALKERE,Chitradurga,13.93194444,76.21527778,CGWB manual quarterly (NWDP),,,,,18,2007,2013,9.93,10.29,10.46,9.05,1.41,0.039,False
Halehalli,Halehalli,HOLALKERE,Chitradurga,14.07916667,76.24722222,CGWB manual quarterly (NWDP),Dug well,,14.47,,19,2006,2020,10.53,3.25,11.61,8.46,3.15,-0.394,False
Halehalli,Muthugadur,HOLALKERE,Chitradurga,14.225,76.15,CGWB manual quarterly (NWDP),,,,,29,1996,2013,8.37,13.09,10.93,6.51,4.42,0.251,False
Hampanur,Hampanur,CHITRADURGA,Chitradurga,14.35138889,76.16388889,CGWB manual quarterly (NWDP),Dug well,Unconfined,19.7,,100,1996,2024,10.46,6.0,12.95,8.69,4.26,-0.194,False
Hanagal,Hanagal,MOLAKALMURU,Chitradurga,14.73194444,76.70277778,CGWB manual quarterly (NWDP),,,,,50,1996,2013,6.6,7.63,7.96,5.0,2.96,0.186,False
Hanumali,Hanumali,HOLALKERE,Chitradurga,13.99722222,76.08472222,CGWB manual quarterly (NWDP),Dug well,Unconfined,13.8,,40,2013,2024,6.33,4.89,7.96,4.43,3.53,-0.217,False
Hartikote,Hartikote,HIRIYUR,Chitradurga,14.05,76.55,CGWB manual quarterly (NWDP),Dug well,Unconfined,15.65,0.018,100,1996,2024,7.55,4.87,8.79,6.31,2.48,-0.03,False
Hegalakere cross,Hegalakere cross,HOSDURGA,Chitradurga,13.74166667,76.325,CGWB manual quarterly (NWDP),Dug well,,15.93,,67,1996,2015,11.33,14.76,12.31,10.19,2.12,0.128,False
Heggare,Heggare,HOSDURGA,Chitradurga,13.60416667,76.44027778,CGWB manual quarterly (NWDP),Dug well,,10.3,,15,2013,2023,7.4,3.82,8.27,6.31,1.96,-0.386,False
Hiriyur,Hiriyur,HIRIYUR,Chitradurga,13.95,76.60277778,CGWB manual quarterly (NWDP),Dug well,,7.5,,14,1998,2012,3.99,4.25,3.46,3.57,-0.11,0.089,False
Holalkere,Holalkere,HOLALKERE,Chitradurga,14.08333333,76.18333333,CGWB manual quarterly (NWDP),Dug well,,8.05,,44,1996,2023,4.47,7.96,5.33,3.34,1.99,0.02,False
Holalkere PZ,Holalkere,HOLALKERE,Chitradurga,14.15416667,76.33333333,CGWB manual quarterly (NWDP),Bore well,Semi-confined,60.0,,42,2012,2024,9.06,7.32,9.91,7.57,2.34,0.042,False
Hosa Kudavinkatte,Hosa Kudavinkatte,HOSDURGA,Chitradurga,13.8625,76.30138889,CGWB manual quarterly (NWDP),Dug well,Unconfined,13.0,,34,2013,2024,7.29,7.08,8.52,5.55,2.97,0.027,False
Hosadurga Road R.S,-,-,Chitradurga,13.86,76.14,CGWB manual quarterly (NWDP),,,,,5,2023,2024,11.91,11.91,11.5,12.4,-0.9,,False
Hosadurga Rs,Hosadurga Rs,HOSDURGA,Chitradurga,13.8625,76.13611111,CGWB manual quarterly (NWDP),Dug well,Unconfined,16.05,,35,2013,2024,8.4,4.64,10.63,5.23,5.4,-0.697,False
Hosakere,Hosakere,HIRIYUR,Chitradurga,14.11666667,76.88333333,CGWB manual quarterly (NWDP),,,,,4,1996,2011,5.27,0.87,8.0,9.65,-1.65,,False
Hosdurga,Hosdurga,HOSDURGA,Chitradurga,13.78333333,76.28333333,CGWB manual quarterly (NWDP),Dug well,,12.0,,97,1996,2024,5.92,3.06,6.75,5.1,1.65,-0.035,False
Janukonda,Janukonda,CHITRADURGA,Chitradurga,14.16666667,76.325,CGWB manual quarterly (NWDP),Dug well,,8.18,,43,1996,2015,5.46,3.39,6.14,4.55,1.59,-0.085,False
Javanagondanahalli,Javanagondanahalli,HIRIYUR,Chitradurga,13.83611111,76.74722222,CGWB manual quarterly (NWDP),Dug well,,9.72,,49,1996,2013,6.67,8.18,7.06,5.81,1.25,0.177,False
Kallavvana Nagatihalli,Kallavvana Nagatihalli,CHITRADURGA,Chitradurga,14.17694444,76.1525,CGWB manual quarterly (NWDP),Dug well,Unconfined,14.5,,33,2015,2024,6.69,5.17,8.3,5.35,2.95,-0.094,False
Kolahal,Kolahal,CHITRADURGA,Chitradurga,14.35,76.20833333,CGWB manual quarterly (NWDP),,,,,4,1998,2009,11.74,11.52,11.52,11.96,-0.44,,False
Kumminghatta,Kumminghatta,HOSDURGA,Chitradurga,13.98166667,76.29583333,CGWB manual quarterly (NWDP),Dug well,Unconfined,15.0,,28,2014,2024,7.01,4.23,10.88,2.17,8.71,-0.646,False
Madatkeri,Madatkeri,HOSDURGA,Chitradurga,13.8875,76.38666667,CGWB manual quarterly (NWDP),,,,,20,2007,2013,7.45,8.95,8.47,6.79,1.68,0.746,False
Madderu,Madderu,HOLALKERE,Chitradurga,14.04166667,76.25833333,CGWB manual quarterly (NWDP),Dug well,,12.15,,32,1996,2013,8.26,8.62,9.21,8.62,0.59,0.047,False
Maskal,Maskal,HIRIYUR,Chitradurga,13.985,76.65,CGWB manual quarterly (NWDP),Dug well,Unconfined,5.7,,85,1996,2024,4.44,3.85,4.57,4.22,0.35,0.007,False
Metikurke,Metikurke,HIRIYUR,Chitradurga,14.00277778,76.58333333,CGWB manual quarterly (NWDP),,,,,19,1999,2013,9.39,10.72,10.66,8.79,1.87,0.249,False
Molakalmuru,Molakalmuru,MOLAKALMURU,Chitradurga,14.48333333,76.75,CGWB manual quarterly (NWDP),Dug well,Unconfined,10.3,,77,1996,2024,3.59,2.6,3.85,2.76,1.09,0.005,False
Muthugaduru,Muttuguduru,HOLALKERE,Chitradurga,14.21944444,76.11666667,CGWB manual quarterly (NWDP),Bore well,,67.0,,82,1999,2024,13.4,8.85,14.91,11.55,3.36,-0.176,False
Muthugaduru_1,-,-,Chitradurga,14.22,76.12,CGWB manual quarterly (NWDP),,,,,1,2023,2023,7.52,7.52,,,,,False
Muttuguduru,Muttuguduru,HOLALKERE,Chitradurga,14.21944444,76.11666667,CGWB manual quarterly (NWDP),Bore well,,67.0,,37,2012,2024,11.26,9.31,12.64,8.73,3.91,-0.29,False
Naikanahatti,Naikanahatti,CHALLAKERE,Chitradurga,14.46666667,76.54722222,CGWB manual quarterly (NWDP),Bore well,Semi-confined,67.0,,69,1999,2023,20.98,18.44,21.22,20.63,0.59,0.062,False
Naikanahatti1,Naikanahatti,CHALLAKERE,Chitradurga,14.48333333,76.53333333,CGWB manual quarterly (NWDP),Dug well,,9.13,,1,2009,2009,8.23,8.23,,,,,False
Naikanahatti_1,-,-,Chitradurga,14.47,76.55,CGWB manual quarterly (NWDP),,,,,1,2024,2024,21.26,21.26,,,,,False
Narsipura,Narsipura,HOSDURGA,Chitradurga,13.89166667,76.30833333,CGWB manual quarterly (NWDP),Dug well,,10.39,,31,2007,2016,4.88,6.95,6.69,3.05,3.64,0.569,False
Pandarahalli pz,Pandarahalli,CHITRADURGA,Chitradurga,14.15416667,76.33333333,CGWB manual quarterly (NWDP),Bore well,Semi-confined,60.0,,48,2007,2022,23.54,20.49,25.21,22.35,2.86,0.814,False
Parasuramapura,Parasuramapura,CHALLAKERE,Chitradurga,14.25,76.88333333,CGWB manual quarterly (NWDP),,,,,13,1997,2013,10.96,13.1,13.1,11.82,1.28,0.21,False
Purlehalli,Purlehalli,CHALLAKERE,Chitradurga,14.275,76.78333333,CGWB manual quarterly (NWDP),,,,,37,1996,2013,8.19,9.09,8.77,7.56,1.21,0.175,False
R.Gollarahalli,R.Gollarahalli,HOLALKERE,Chitradurga,13.92638889,76.18472222,CGWB manual quarterly (NWDP),Dug well,Unconfined,15.0,,30,2012,2022,5.39,2.8,7.04,4.32,2.72,-0.054,False
R.Nulenur,R.Nulenur,HOLALKERE,Chitradurga,14.025,76.125,CGWB manual quarterly (NWDP),Dug well,Unconfined,8.5,0.018,102,1996,2024,3.9,7.46,6.73,2.32,4.41,0.079,False
Ramgiri,Ramgiri,HOLALKERE,Chitradurga,13.95277778,76.12361111,CGWB manual quarterly (NWDP),Dug well,Unconfined,25.0,,42,2012,2024,3.14,4.16,3.03,1.99,1.04,0.19,False
Rampura(c.durga),Rampura(c.durga),MOLAKALMURU,Chitradurga,14.75,76.75,CGWB manual quarterly (NWDP),,,,,20,1996,2013,12.99,16.86,15.51,10.87,4.64,0.44,False
Rayapura,Rayapura,MOLAKALMURU,Chitradurga,14.70555556,76.69027778,CGWB manual quarterly (NWDP),Bore well,Semi-confined,50.0,,72,1999,2024,17.0,11.63,19.04,12.78,6.26,0.555,False
Sanikere,Sanikere,CHALLAKERE,Chitradurga,14.18333333,76.675,CGWB manual quarterly (NWDP),Bore well,Semi-confined,50.0,,70,1999,2022,19.21,9.89,20.3,14.96,5.34,0.413,False
Sanikere1,Sanikere,CHALLAKERE,Chitradurga,14.2,76.65833333,CGWB manual quarterly (NWDP),Dug well,,17.0,,41,1996,2013,11.74,10.71,12.07,11.28,0.79,0.17,False
Shivaganga,Shivaganga,HOLALKERE,Chitradurga,14.06666667,76.25,CGWB manual quarterly (NWDP),,,,,24,1999,2013,9.81,59.38,16.72,6.27,10.45,2.595,False
Shivganga,Shivaganga,HOLALKERE,Chitradurga,14.40583333,76.43222222,CGWB manual quarterly (NWDP),Dug well,,14.9,,23,2015,2024,7.5,6.6,8.13,7.07,1.06,-0.21,False
Siddapura,Siddapura,CHITRADURGA,Chitradurga,14.26527778,76.19444444,CGWB manual quarterly (NWDP),Dug well,Unconfined,18.8,,38,2013,2024,15.16,13.64,15.63,12.91,2.72,-0.098,False
Siddapura(Asoka),Asoka Siddapura,MOLAKALMURU,Chitradurga,14.80833333,76.79166667,CGWB manual quarterly (NWDP),Bore well,,60.0,,62,1999,2022,9.13,9.21,8.73,9.28,-0.55,0.343,False
Siddavvanadurga,Siddavvanadurga,CHITRADURGA,Chitradurga,14.35833333,76.31666667,CGWB manual quarterly (NWDP),Dug well,Unconfined,12.23,0.023,101,1996,2024,3.43,2.4,4.45,2.2,2.25,-0.09,False
Sooravvanahalli,Sooravvanahalli,MOLAKALMURU,Chitradurga,14.63333333,76.6,CGWB manual quarterly (NWDP),,,,,2,2012,2013,15.55,15.55,,15.55,,,False
Sooravvanahalli pz,Sooravvanahalli pz,MOLAKALMURU,Chitradurga,14.63333333,76.6,CGWB manual quarterly (NWDP),,,,,27,1996,2005,12.03,13.17,12.88,10.4,2.48,-0.195,False
Sriramapura(C.durga),Sriramapura(C.durga),HOSDURGA,Chitradurga,13.62083333,76.42777778,CGWB manual quarterly (NWDP),Dug well,,12.3,,48,1996,2013,7.8,7.8,8.8,6.07,2.73,-0.193,False
Srirampura A,Srirampura A,HOSDURGA,Chitradurga,13.62083333,76.42916667,CGWB manual quarterly (NWDP),Dug well,,9.1,,14,2011,2015,8.72,9.1,8.33,9.1,-0.77,,False
Talikatte,Talikatte,HOLALKERE,Chitradurga,13.95555556,76.0875,CGWB manual quarterly (NWDP),Dug well,Unconfined,10.7,,34,2013,2022,7.46,5.12,8.74,6.28,2.46,-0.322,False
Talya,Talya,HOLALKERE,Chitradurga,14.025,76.275,CGWB manual quarterly (NWDP),Dug well,Unconfined,11.62,,86,1996,2024,2.81,2.57,3.47,2.44,1.03,-0.024,False
Vaddikere,Vaddikere,HIRIYUR,Chitradurga,14.11666667,76.6,CGWB manual quarterly (NWDP),Dug well,Unconfined,17.0,,102,1996,2024,8.87,7.29,10.41,7.23,3.18,-0.027,False
Vanivilasapura,Vanivilasapura,HIRIYUR,Chitradurga,13.89166667,76.49166667,CGWB manual quarterly (NWDP),,,,,4,1998,1999,6.37,6.37,7.05,5.88,1.17,,False
Vanivilasapura,Vanivilasapura,HIRIYUR,Chitradurga,13.9,76.49444444,CGWB manual quarterly (NWDP),Bore well,Semi-confined,80.0,,58,1999,2022,29.31,25.31,29.91,25.28,4.63,0.925,False
Vijapura,Vijapura,CHITRADURGA,Chitradurga,14.29166667,76.28333333,CGWB manual quarterly (NWDP),Dug well,Unconfined,17.0,,70,1996,2022,14.9,13.02,15.73,14.16,1.57,-0.07,False
Yaraballi,Yaraballi,HIRIYUR,Chitradurga,14.1,76.65,CGWB manual quarterly (NWDP),,,,,19,2000,2013,10.74,11.15,11.15,10.68,0.47,0.062,False
Adantadka,Adantadka,BELTANGADI,Dakshina Kannada,12.84861111,75.26305556,CGWB manual quarterly (NWDP),Dug well,Unconfined,11.75,,40,2013,2024,7.32,7.45,9.68,7.05,2.63,0.029,False
Addhole,Addhole,PUTTUR,Dakshina Kannada,12.92916667,75.5125,CGWB manual quarterly (NWDP),Dug well,Unconfined,6.25,,36,2014,2024,3.63,3.77,4.72,3.05,1.67,0.075,False
Adyar,Adya,MANGALORE,Dakshina Kannada,12.98055556,74.83333333,CGWB manual quarterly (NWDP),Dug well,Unconfined,7.43,0.023,106,1996,2024,3.33,2.34,3.9,3.27,0.63,-0.056,False
Ajjavra,Ajjavra,SULYA,Dakshina Kannada,12.55222222,75.33972222,CGWB manual quarterly (NWDP),Dug well,Unconfined,9.7,,36,2014,2024,5.73,5.94,7.95,5.16,2.79,0.069,False
Alandangadi,Alandangadi,BELTANGADI,Dakshina Kannada,13.04166667,75.21666667,CGWB manual quarterly (NWDP),Dug well,Unconfined,13.0,0.023,107,1996,2024,4.83,4.42,7.17,4.37,2.8,0.005,False
Alankar,Alankar,PUTTUR,Dakshina Kannada,12.775,75.35555556,CGWB manual quarterly (NWDP),Dug well,,12.05,,78,1996,2022,6.08,4.35,7.88,6.04,1.84,0.011,False
Allety Mevinadka,Allety Mevinadka,SULYA,Dakshina Kannada,12.53277778,75.37944444,CGWB manual quarterly (NWDP),Dug well,Unconfined,9.5,,36,2014,2024,5.76,6.74,6.81,5.93,0.88,0.168,False
Aranthodu,Aranthodu,SULYA,Dakshina Kannada,12.52083333,75.475,CGWB manual quarterly (NWDP),Dug well,Unconfined,20.0,0.023,100,1996,2024,11.38,10.59,14.26,10.52,3.74,-0.049,False
Arasa Katte,Arasa Katte,BELTANGADI,Dakshina Kannada,13.11194444,75.16138889,CGWB manual quarterly (NWDP),Dug well,,10.0,,12,2012,2024,4.99,6.0,4.94,4.52,0.42,0.141,False
Athoor Koyla,Athoor Koyla,PUTTUR,Dakshina Kannada,12.79166667,75.325,CGWB manual quarterly (NWDP),Dug well,Unconfined,11.5,,40,2013,2024,7.41,7.63,8.74,7.53,1.21,0.126,False
Badanaje Macharu,Badanaje Macharu,BELTANGADI,Dakshina Kannada,12.96083333,75.32444444,CGWB manual quarterly (NWDP),Dug well,Unconfined,14.0,,37,2014,2024,8.07,8.01,11.9,6.95,4.95,-0.009,False
Bajpe,Bajpe,MANGALORE,Dakshina Kannada,12.9825,74.88611111,CGWB manual quarterly (NWDP),Dug well,Unconfined,14.0,,35,2014,2024,7.92,7.08,9.6,8.13,1.47,-0.195,False
Bajthru Valalu,Bajthru Valalu,PUTTUR,Dakshina Kannada,12.84861111,75.31083333,CGWB manual quarterly (NWDP),Dug well,,8.0,,19,2013,2023,5.13,7.5,6.55,4.46,2.09,0.402,False
Bala,Bala,MANGALORE,Dakshina Kannada,12.98138889,74.82444444,CGWB manual quarterly (NWDP),Dug well,Unconfined,13.0,,40,2012,2024,7.84,7.81,9.86,7.15,2.71,-0.062,False
Ballalu,Ballalu,BELTANGADI,Dakshina Kannada,12.93666667,75.33,CGWB manual quarterly (NWDP),Dug well,Unconfined,13.0,,38,2013,2024,6.91,6.79,8.88,6.54,2.34,0.045,False
Balpa,Balpa,SULYA,Dakshina Kannada,12.675,75.53333333,CGWB manual quarterly (NWDP),Dug well,Unconfined,12.57,0.023,102,1996,2024,8.01,7.65,10.48,7.49,2.99,-0.021,False
Balya,Balya,PUTTUR,Dakshina Kannada,12.77138889,75.42305556,CGWB manual quarterly (NWDP),Dug well,Unconfined,9.0,,36,2014,2024,4.29,4.22,6.43,3.87,2.56,0.077,False
Bantra(Mardala),Bantra,PUTTUR,Dakshina Kannada,12.7425,75.50805556,CGWB manual quarterly (NWDP),Dug well,Unconfined,7.62,,33,2014,2024,3.95,3.82,5.56,3.66,1.9,0.066,False
Bantwal,Bantwal,BANTVAL,Dakshina Kannada,12.9,75.04166667,CGWB manual quarterly (NWDP),Bore well,Semi-confined,50.0,,81,1999,2024,13.6,12.78,15.14,13.08,2.06,0.021,False
Bantwal1,Bantwal,BANTVAL,Dakshina Kannada,12.88333333,75.03333333,CGWB manual quarterly (NWDP),Dug well,Unconfined,10.6,0.023,108,1996,2024,4.22,4.41,5.15,4.08,1.07,0.012,False
Bellare,Bellare,SULYA,Dakshina Kannada,12.66666667,75.39444444,CGWB manual quarterly (NWDP),Dug well,Unconfined,16.5,0.023,106,1996,2024,8.6,9.64,11.01,8.01,3.0,0.114,False
Belthangadi,Belthangadi,BELTANGADI,Dakshina Kannada,12.99166667,75.29166667,CGWB manual quarterly (NWDP),Bore well,Semi-confined,50.0,0.023,83,1999,2024,5.13,5.0,7.15,4.25,2.9,-0.008,False
Belthangadi1,Belthangadi,BELTANGADI,Dakshina Kannada,13.0,75.28333333,CGWB manual quarterly (NWDP),Dug well,Unconfined,11.03,0.023,108,1996,2024,5.39,5.61,7.67,4.57,3.1,0.013,False
Bilinele,Bilinele,PUTTUR,Dakshina Kannada,12.71527778,75.5625,CGWB manual quarterly (NWDP),Dug well,Unconfined,10.0,,42,2012,2024,4.39,4.43,6.51,3.82,2.69,0.066,False
Bollangadi,Bollangadi,BANTVAL,Dakshina Kannada,12.85805556,75.05666667,CGWB manual quarterly (NWDP),Dug well,Unconfined,9.2,,42,2013,2024,4.17,4.27,6.52,3.26,3.26,0.038,False
Bore Gudde,Bore Gudde,MANGALORE,Dakshina Kannada,13.13055556,75.09388889,CGWB manual quarterly (NWDP),Dug well,Unconfined,15.0,,38,2014,2024,8.97,8.14,10.97,8.82,2.15,-0.223,False
Chowdichar-A,Chowdichar-A,SULYA,Dakshina Kannada,12.68611111,75.26388889,CGWB manual quarterly (NWDP),Dug well,Unconfined,10.5,,72,2005,2024,7.65,7.78,9.38,7.41,1.97,0.022,False
Dharmasthala,Dharmasthala,BELTANGADI,Dakshina Kannada,12.95416667,75.38333333,CGWB manual quarterly (NWDP),Dug well,Unconfined,15.0,,27,1996,2020,7.96,4.2,11.29,6.04,5.25,0.038,False
Dharmasthala A,Dharmasthala A,BELTANGADI,Dakshina Kannada,12.95111111,75.37944444,CGWB manual quarterly (NWDP),Dug well,,7.62,,21,2014,2019,2.88,2.95,4.03,2.93,1.1,,False
Elathur,Elathur,MANGALORE,Dakshina Kannada,13.09583333,74.81472222,CGWB manual quarterly (NWDP),Dug well,Unconfined,15.0,,33,2014,2024,6.13,6.8,7.36,5.57,1.79,0.251,False
Garadi,Garadi,MANGALORE,Dakshina Kannada,13.00305556,74.9575,CGWB manual quarterly (NWDP),Dug well,Unconfined,14.7,,40,2013,2024,8.73,9.1,10.99,8.31,2.68,0.014,False
Gerukatte,Gerukatte,PUTTUR,Dakshina Kannada,12.95166667,75.26222222,CGWB manual quarterly (NWDP),Dug well,Unconfined,11.7,,38,2013,2024,6.5,6.83,9.15,6.31,2.84,0.084,False
Goonadka,Goonadka,SULYA,Dakshina Kannada,12.51416667,75.49805556,CGWB manual quarterly (NWDP),Dug well,Unconfined,6.5,,41,2012,2024,1.74,2.04,2.26,1.39,0.87,0.016,False
Haleangady,Haleangady,MANGALORE,Dakshina Kannada,13.04166667,74.79583333,CGWB manual quarterly (NWDP),Dug well,Unconfined,9.86,0.023,105,1996,2024,4.71,4.79,6.94,4.06,2.88,-0.007,False
Hirebandadi,Hirebandadi,PUTTUR,Dakshina Kannada,12.81333333,75.29805556,CGWB manual quarterly (NWDP),Dug well,Unconfined,6.3,,33,2012,2023,3.72,4.26,4.68,3.4,1.28,0.101,False
Jalsur,Jalsur,SULYA,Dakshina Kannada,12.59166667,75.34583333,CGWB manual quarterly (NWDP),Dug well,Unconfined,12.1,0.023,107,1996,2024,6.38,6.68,8.27,6.25,2.02,-0.014,False
KOtekar,Kotekar,MANGALORE,Dakshina Kannada,12.78333333,74.8625,CGWB manual quarterly (NWDP),Dug well,,10.0,,9,2006,2013,17.33,29.67,25.47,4.43,21.04,4.496,False
Kabaka,Kabaka,BANTVAL,Dakshina Kannada,12.78583333,75.15361111,CGWB manual quarterly (NWDP),Dug well,Unconfined,9.5,,42,2013,2024,5.98,6.5,7.65,6.21,1.44,0.096,False
Kadaba,Kadaba,PUTTUR,Dakshina Kannada,12.74166667,75.46666667,CGWB manual quarterly (NWDP),Dug well,Unconfined,9.7,,106,1996,2024,4.58,4.28,7.32,3.65,3.67,-0.039,False
Kalladka,Kalladka,BANTVAL,Dakshina Kannada,12.84166667,75.06666667,CGWB manual quarterly (NWDP),Dug well,Unconfined,11.2,0.023,99,1996,2024,5.82,4.85,12.74,3.95,8.79,0.021,False
Kalleri,Kalleri,PUTTUR,Dakshina Kannada,12.87805556,75.24361111,CGWB manual quarterly (NWDP),Dug well,Unconfined,17.0,,37,2014,2024,9.84,9.08,12.38,9.44,2.94,-0.181,False
Kallugundi,Kallugundi,SULYA,Dakshina Kannada,12.5025,75.53416667,CGWB manual quarterly (NWDP),Dug well,Unconfined,8.05,,39,2013,2024,1.75,1.96,2.49,1.25,1.24,0.071,False
Kanayana,Kanayana,PUTTUR,Dakshina Kannada,12.74444444,75.50083333,CGWB manual quarterly (NWDP),Dug well,Unconfined,14.6,,36,2014,2024,8.12,9.19,10.31,7.58,2.73,0.286,False
Kankanadi,Kankanadi,MANGALORE,Dakshina Kannada,12.86944444,74.87916667,CGWB manual quarterly (NWDP),Dug well,,14.16,,30,2005,2015,7.82,6.71,8.24,8.21,0.03,-0.314,False
Kateel,Kateel,MANGALORE,Dakshina Kannada,13.04444444,74.87027778,CGWB manual quarterly (NWDP),Dug well,Unconfined,5.5,,37,2014,2024,2.67,3.83,3.04,1.87,1.17,0.328,False
Kaval Maduru,Kaval Maduru,BANTVAL,Dakshina Kannada,12.93277778,75.13611111,CGWB manual quarterly (NWDP),Dug well,Unconfined,11.5,,38,2014,2024,6.5,6.43,8.42,6.4,2.02,-0.012,False
Kavu,Kavu,PUTTUR,Dakshina Kannada,12.6475,75.27444444,CGWB manual quarterly (NWDP),Dug well,Unconfined,10.1,,42,2013,2024,4.12,4.16,4.36,3.96,0.4,0.028,False
Kelagina Ogga,Kelagina Ogga,BANTVAL,Dakshina Kannada,12.91944444,75.09305556,CGWB manual quarterly (NWDP),Dug well,Unconfined,10.0,,39,2013,2024,4.72,4.13,6.46,4.51,1.95,-0.025,False
Kenchanekere,Kenchanekere,MANGALORE,Dakshina Kannada,13.07222222,74.8125,CGWB manual quarterly (NWDP),Dug well,Unconfined,10.2,,38,2013,2024,4.57,4.76,6.6,3.76,2.84,0.082,False
Kenjaru,Kenjaru,MANGALORE,Dakshina Kannada,12.95083333,74.8675,CGWB manual quarterly (NWDP),Dug well,Unconfined,7.7,,38,2014,2024,5.95,5.94,6.58,6.09,0.49,-0.003,False
Kesargadde,Kesargadde,MANGALORE,Dakshina Kannada,13.11194444,74.99638889,CGWB manual quarterly (NWDP),Dug well,Unconfined,5.2,,38,2014,2024,1.83,1.92,3.3,1.36,1.94,0.052,False
Kinni Kambala,Kinni Kambala,MANGALORE,Dakshina Kannada,12.96805556,74.92777778,CGWB manual quarterly (NWDP),Dug well,Unconfined,15.3,,38,2014,2024,10.69,10.42,12.77,10.27,2.5,-0.114,False
Kinnigoli,Kinnigoli,MANGALORE,Dakshina Kannada,13.06444444,74.85416667,CGWB manual quarterly (NWDP),Dug well,Unconfined,17.0,,42,2012,2024,12.45,12.42,15.2,12.02,3.18,-0.001,False
Kokkada,Kokkada,BELTANGADI,Dakshina Kannada,12.86027778,75.41222222,CGWB manual quarterly (NWDP),Dug well,Unconfined,12.2,,36,2014,2024,5.46,5.75,7.9,5.09,2.81,0.106,False
Kotekar,Kotekar,MANGALORE,Dakshina Kannada,12.78333333,74.8625,CGWB manual quarterly (NWDP),Dug well,,10.0,,3,2014,2023,7.51,8.66,,7.05,,,False
Kotekar Dw,Kotekar Dw,MANGALORE,Dakshina Kannada,12.78472222,74.85972222,CGWB manual quarterly (NWDP),Dug well,Unconfined,17.0,,37,2013,2024,9.02,8.77,12.48,8.18,4.3,-0.051,False
Kudtha Muger,Kudtha Muger,PUTTUR,Dakshina Kannada,12.77583333,75.04833333,CGWB manual quarterly (NWDP),Dug well,Unconfined,7.55,,37,2014,2024,4.65,4.71,5.74,4.55,1.19,0.02,False
Kudupadaru,Kudupadaru,BANTVAL,Dakshina Kannada,12.71666667,75.11111111,CGWB manual quarterly (NWDP),Dug well,Unconfined,13.36,0.023,105,1996,2024,8.17,7.56,10.71,7.58,3.13,-0.014,False
Kukeadi,Kukeadi,BELTANGADI,Dakshina Kannada,12.99972222,75.17,CGWB manual quarterly (NWDP),Dug well,Unconfined,13.0,,37,2014,2024,6.2,5.49,8.09,6.6,1.49,-0.106,False
MUlki,Mulki,MANGALORE,Dakshina Kannada,13.08611111,74.79444444,CGWB manual quarterly (NWDP),Bore well,,50.0,,57,2006,2023,9.74,8.52,13.14,9.81,3.33,-0.046,False
MUlki_1,-,MANGALORE,Dakshina Kannada,13.09,74.79,CGWB manual quarterly (NWDP),,,,,3,2023,2023,12.3,12.3,14.46,,,,False
Madavu,Madavu,PUTTUR,Dakshina Kannada,12.68472222,75.3125,CGWB manual quarterly (NWDP),Dug well,Unconfined,12.83,,72,2005,2024,8.09,8.25,9.79,7.71,2.08,-0.017,False
Mangalore Attawara,Mangalore Attawara,MANGALORE,Dakshina Kannada,12.86138889,74.84722222,CGWB manual quarterly (NWDP),Dug well,Unconfined,13.25,,40,2013,2024,5.9,5.86,6.23,5.78,0.45,-0.014,False
Mangalore Bandaru,Mangalore Bandaru,MANGALORE,Dakshina Kannada,12.86305556,74.83222222,CGWB manual quarterly (NWDP),Dug well,Unconfined,9.0,,37,2013,2024,2.03,2.31,2.31,1.89,0.42,0.11,False
Mangalore Jappu,Mangalore Jappu,MANGALORE,Dakshina Kannada,12.85083333,74.84944444,CGWB manual quarterly (NWDP),Dug well,Unconfined,19.8,,42,2013,2024,7.49,7.5,9.16,7.34,1.82,0.018,False
Mangalore Kankanadi,Mangalore Kankanadi,MANGALORE,Dakshina Kannada,12.85416667,74.84305556,CGWB manual quarterly (NWDP),Dug well,Unconfined,18.2,,41,2013,2024,2.88,3.44,3.3,2.69,0.61,0.103,False
Mangalore Lalbhag,Mangalore Lalbhag,MANGALORE,Dakshina Kannada,12.86138889,74.84722222,CGWB manual quarterly (NWDP),Dug well,Unconfined,13.25,,31,2013,2024,8.25,9.52,10.99,8.15,2.84,0.265,False
Mani,Mani,BANTVAL,Dakshina Kannada,12.91666667,75.12083333,CGWB manual quarterly (NWDP),Dug well,Unconfined,12.5,,71,2005,2024,7.46,8.73,8.52,7.39,1.13,0.074,False
Mannikara,Mannikara,PUTTUR,Dakshina Kannada,12.67972222,75.33416667,CGWB manual quarterly (NWDP),Dug well,Unconfined,8.07,,38,2014,2024,4.89,5.24,6.54,4.95,1.59,0.056,False
Mittur,Mittur,BANTVAL,Dakshina Kannada,12.8,75.14166667,CGWB manual quarterly (NWDP),Dug well,Unconfined,10.0,0.023,105,1996,2024,4.54,3.89,5.76,4.96,0.8,-0.012,False
Mukka,Mukka,MANGALORE,Dakshina Kannada,13.02944444,74.78527778,CGWB manual quarterly (NWDP),Dug well,Unconfined,6.0,,40,2013,2024,3.28,4.12,4.02,3.38,0.64,0.193,False
Mulki,Mulki,MANGALORE,Dakshina Kannada,13.08527778,74.79305556,CGWB manual quarterly (NWDP),Dug well,Unconfined,16.0,,62,2007,2024,9.36,8.02,12.05,9.0,3.05,-0.08,False
Mulki_3,-,-,Dakshina Kannada,13.0861,74.7944,CGWB manual quarterly (NWDP),Bore well,,50.0,,1,2024,2024,11.14,11.14,,,,,False
Nayanaadu,Nayanaadu,BANTVAL,Dakshina Kannada,12.97083333,75.15055556,CGWB manual quarterly (NWDP),Dug well,Unconfined,10.0,,41,2012,2024,5.3,5.38,7.36,4.95,2.41,0.02,False
Nelliadka,Nelliadka,PUTTUR,Dakshina Kannada,12.80833333,75.38333333,CGWB manual quarterly (NWDP),Dug well,Unconfined,9.0,,100,1996,2022,5.54,4.98,6.6,5.53,1.07,-0.025,False
Nellyadi,Nellyadi,PUTTUR,Dakshina Kannada,12.83611111,75.40555556,CGWB manual quarterly (NWDP),Dug well,Unconfined,8.76,,75,1996,2024,2.94,2.74,4.53,1.3,3.23,-0.035,False
Nidigal,Nidigal,BELTANGADI,Dakshina Kannada,13.03055556,75.38027778,CGWB manual quarterly (NWDP),Dug well,Unconfined,8.85,,37,2014,2024,4.37,4.63,5.71,4.27,1.44,0.092,False
Nidle,Nidle,BELTANGADI,Dakshina Kannada,12.95416667,75.38333333,CGWB manual quarterly (NWDP),Dug well,Unconfined,15.0,,43,2012,2024,9.43,9.15,11.83,8.99,2.84,-0.038,False
Padangadi,Padangadi,BELTANGADI,Dakshina Kannada,12.91555556,75.22805556,CGWB manual quarterly (NWDP),Dug well,Unconfined,10.68,,36,2014,2024,5.75,6.01,8.44,5.3,3.14,0.01,False
Padil,Padil,MANGALORE,Dakshina Kannada,12.86944444,74.88472222,CGWB manual quarterly (NWDP),Dug well,Unconfined,14.2,,37,2014,2024,9.61,9.39,11.62,8.9,2.72,0.007,False
Pakshikere,Pakshikere,MANGALORE,Dakshina Kannada,13.05055556,74.82583333,CGWB manual quarterly (NWDP),Dug well,Unconfined,14.0,,37,2014,2024,6.21,5.57,9.7,5.01,4.69,-0.137,False
Panambur Beach,Panambur Beach,MANGALORE,Dakshina Kannada,12.93888889,74.80722222,CGWB manual quarterly (NWDP),Dug well,Unconfined,6.0,,42,2013,2024,2.91,3.04,3.36,2.77,0.59,-0.003,False
Panja,Panja,SULYA,Dakshina Kannada,12.67861111,75.48694444,CGWB manual quarterly (NWDP),Dug well,,8.25,,53,2005,2019,4.13,4.28,5.84,3.6,2.24,-0.026,False
Perar,Perar,MANGALORE,Dakshina Kannada,12.98083333,74.91611111,CGWB manual quarterly (NWDP),Dug well,Unconfined,18.0,,40,2013,2024,10.67,10.94,13.69,9.65,4.04,0.077,False
Permude,Permude,MANGALORE,Dakshina Kannada,13.00361111,74.88111111,CGWB manual quarterly (NWDP),Dug well,Unconfined,17.0,,41,2013,2024,10.92,10.78,14.01,10.4,3.61,-0.015,False
Pullotu Addahole,Pullotu Addahole,PUTTUR,Dakshina Kannada,13.18416667,74.93305556,CGWB manual quarterly (NWDP),Dug well,,10.0,,28,2013,2023,3.62,4.68,4.89,3.54,1.35,0.033,False
Punjalkatte,Punjalkatte,BANTVAL,Dakshina Kannada,12.95,75.1625,CGWB manual quarterly (NWDP),Dug well,Unconfined,15.0,,68,2005,2024,9.12,9.5,12.92,8.64,4.28,0.046,False
Puttur,Puttur,PUTTUR,Dakshina Kannada,12.75833333,75.19583333,CGWB manual quarterly (NWDP),Bore well,Semi-confined,50.0,,83,1999,2024,15.25,15.04,18.29,14.45,3.84,0.04,False
Puttur1,Puttur,PUTTUR,Dakshina Kannada,12.76666667,75.2,CGWB manual quarterly (NWDP),Dug well,Unconfined,14.5,0.023,99,1996,2024,9.64,9.53,12.7,9.55,3.15,0.018,False
Sampaje,Sampaje,SULYA,Dakshina Kannada,12.66527778,75.54222222,CGWB manual quarterly (NWDP),Dug well,Unconfined,7.7,,67,2005,2024,5.05,5.18,5.6,4.88,0.72,0.007,False
Shiradi,Shiradi,PUTTUR,Dakshina Kannada,12.84166667,75.53333333,CGWB manual quarterly (NWDP),Bore well,Semi-confined,50.0,,66,1999,2024,6.22,6.26,7.64,5.92,1.72,0.006,False
Shiradi A,Shiradi A,PUTTUR,Dakshina Kannada,12.89583333,75.5125,CGWB manual quarterly (NWDP),Dug well,Unconfined,11.5,,36,2014,2024,7.06,7.59,8.55,6.49,2.06,0.037,False
Shiradi_1,-,-,Dakshina Kannada,12.8417,75.5333,CGWB manual quarterly (NWDP),Bore well,Semi-confined,50.0,,1,2023,2023,7.22,7.22,,,,,False
Shirtadi,Shirtadi,MANGALORE,Dakshina Kannada,13.09083333,75.08277778,CGWB manual quarterly (NWDP),Dug well,Unconfined,14.0,,37,2014,2024,8.3,8.24,11.33,7.95,3.38,-0.098,False
Sonnagiri,Sonnagiri,SULYA,Dakshina Kannada,12.59194444,75.39583333,CGWB manual quarterly (NWDP),Dug well,Unconfined,7.3,,37,2014,2024,4.52,4.95,5.96,4.38,1.58,0.125,False
St.Perne,St.Perne,BANTVAL,Dakshina Kannada,12.82583333,75.195,CGWB manual quarterly (NWDP),Dug well,,10.0,,21,2014,2024,4.24,5.4,5.64,4.16,1.48,0.374,False
Subashnagar,Subashnagar,BANTVAL,Dakshina Kannada,12.85583333,75.02027778,CGWB manual quarterly (NWDP),Dug well,Unconfined,7.5,,35,2014,2024,4.48,4.65,6.44,4.4,2.04,0.021,False
Subramanya,Subramanya,SULYA,Dakshina Kannada,12.66666667,75.6125,CGWB manual quarterly (NWDP),Bore well,Semi-confined,50.0,,58,1999,2024,5.51,5.96,7.4,5.16,2.24,0.031,False
Subramanya1,Subramanya,SULYA,Dakshina Kannada,12.66666667,75.61944444,CGWB manual quarterly (NWDP),Dug well,Unconfined,9.0,0.023,108,1996,2024,4.7,5.58,5.7,4.72,0.98,0.048,False
Sullia,Sullia,SULYA,Dakshina Kannada,12.56666667,75.4,CGWB manual quarterly (NWDP),Dug well,Unconfined,11.5,,97,1996,2024,5.12,4.68,6.37,4.9,1.47,0.054,False
Sulya,Sulya,SULYA,Dakshina Kannada,12.55333333,75.38388889,CGWB manual quarterly (NWDP),Bore well,Semi-confined,50.0,,59,2006,2024,12.02,12.07,13.1,11.95,1.15,0.06,False
Sulya_1,-,-,Dakshina Kannada,12.5533,75.3839,CGWB manual quarterly (NWDP),Bore well,Semi-confined,50.0,,1,2023,2023,12.22,12.22,,,,,False
Sunkadakatte Ithoor,Sunkadakatte Ithoor,PUTTUR,Dakshina Kannada,12.73472222,75.53888889,CGWB manual quarterly (NWDP),Dug well,Unconfined,12.0,,41,2013,2024,6.2,6.61,7.29,6.29,1.0,0.103,False
Surathkal,Surathkal,MANGALORE,Dakshina Kannada,12.99444444,74.8,CGWB manual quarterly (NWDP),Dug well,Unconfined,12.57,,102,1996,2024,8.65,9.29,9.22,8.8,0.42,-0.011,False
Surya,Surya,BELTANGADI,Dakshina Kannada,13.00138889,75.425,CGWB manual quarterly (NWDP),Dug well,Unconfined,13.0,,36,2014,2023,3.79,2.81,5.66,3.28,2.38,-0.247,False
Talapady,Talapady,MANGALORE,Dakshina Kannada,12.7625,74.875,CGWB manual quarterly (NWDP),Dug well,Unconfined,11.25,0.023,106,1996,2024,4.71,6.41,6.18,4.38,1.8,0.08,False
Thingaldi,Thingaldi,PUTTUR,Dakshina Kannada,12.67916667,75.27916667,CGWB manual quarterly (NWDP),Dug well,Unconfined,10.0,,38,2014,2024,6.22,6.59,7.54,6.18,1.36,0.069,False
Ujire,Ujire,BELTANGADI,Dakshina Kannada,12.67055556,75.56916667,CGWB manual quarterly (NWDP),Dug well,Unconfined,11.0,,39,2013,2024,3.08,2.66,4.86,2.27,2.59,-0.056,False
Ukkuda,Ukkuda,BANTVAL,Dakshina Kannada,12.74166667,75.10555556,CGWB manual quarterly (NWDP),Dug well,Unconfined,8.0,,41,2013,2024,5.05,5.15,6.02,5.18,0.84,0.063,False
Ullal,Ullal,MANGALORE,Dakshina Kannada,12.825,74.875,CGWB manual quarterly (NWDP),Dug well,,5.18,,42,1996,2019,2.14,3.92,2.67,2.05,0.62,0.009,False
Ullal Beach,Ullal Beach,MANGALORE,Dakshina Kannada,12.81805556,74.83944444,CGWB manual quarterly (NWDP),Dug well,Unconfined,5.0,,40,2013,2024,3.54,4.31,3.64,3.54,0.1,0.174,False
Ullal-A,Ullal-A,MANGALORE,Dakshina Kannada,12.85,74.86111111,CGWB manual quarterly (NWDP),Dug well,,11.0,,46,2006,2020,3.26,3.63,5.66,2.17,3.49,-0.002,False
Uppinanagady,Uppinanagady,PUTTUR,Dakshina Kannada,12.83333333,75.25416667,CGWB manual quarterly (NWDP),Dug well,,8.15,,82,1996,2017,3.7,3.74,5.79,2.89,2.9,-0.018,False
Veerkambha,Veerkambha,BANTVAL,Dakshina Kannada,12.81722222,75.08194444,CGWB manual quarterly (NWDP),Dug well,Unconfined,8.7,,37,2014,2024,4.76,4.92,7.38,4.26,3.12,0.024,False
Venur,Venur,BELTANGADI,Dakshina Kannada,13.01111111,75.14444444,CGWB manual quarterly (NWDP),Dug well,Unconfined,14.0,0.023,105,1996,2024,7.11,7.36,9.45,6.72,2.73,0.009,False
Vinobanagar,Vinobanagar,SULYA,Dakshina Kannada,12.58944444,75.36,CGWB manual quarterly (NWDP),Dug well,Unconfined,9.45,,24,2014,2022,7.8,7.86,8.7,7.45,1.25,0.147,False
Vittal,Vittal,BANTVAL,Dakshina Kannada,12.76666667,75.10833333,CGWB manual quarterly (NWDP),Bore well,Semi-confined,90.0,,80,1999,2024,13.7,18.19,18.39,13.28,5.11,0.366,False
Vittal_1,-,-,Dakshina Kannada,12.7667,75.1083,CGWB manual quarterly (NWDP),Bore well,Semi-confined,90.0,,1,2023,2023,14.26,14.26,,,,,False
Vittala,Vittala,BANTVAL,Dakshina Kannada,12.7625,75.09805556,CGWB manual quarterly (NWDP),Dug well,Unconfined,10.67,,42,2013,2024,6.82,7.1,8.32,7.03,1.29,0.053,False
Yenekal,Yenekal,SULYA,Dakshina Kannada,12.67166667,75.55861111,CGWB manual quarterly (NWDP),Dug well,Unconfined,9.1,,42,2013,2024,5.5,5.64,7.18,5.64,1.54,0.032,False
Anagodu,Anagodu,DAVANAGERE,Davanagere,14.38333333,76.05,CGWB manual quarterly (NWDP),,,,,1,1998,1998,4.91,4.91,,,,,False
Anantanahalli,Ananthana Halli,HARAPANAHALLI,Davanagere,14.76388889,75.95,CGWB manual quarterly (NWDP),Dug well,Unconfined,8.7,,43,2012,2024,4.63,3.43,6.06,3.45,2.61,-0.1,False
Arakere,Arakere,HONNALI,Davanagere,14.28333333,75.7,CGWB manual quarterly (NWDP),Dug well,Unconfined,,,9,1996,2024,10.88,7.35,6.73,9.55,-2.82,-0.235,False
Arakere A,Arakere,HONNALI,Davanagere,14.2775,75.69277778,CGWB manual quarterly (NWDP),Dug well,,16.5,,36,2013,2024,11.49,5.35,14.25,9.66,4.59,-0.681,False
Arasinaghatta,Arasinaghatta,CHANNAGIRI,Davanagere,14.1125,75.88055556,CGWB manual quarterly (NWDP),Dug well,Unconfined,9.9,,42,2013,2024,2.51,2.67,2.12,1.74,0.38,0.057,False
Arsikeri,Arsikeri,HARAPANAHALLI,Davanagere,14.66666667,76.075,CGWB manual quarterly (NWDP),Dug well,Unconfined,9.5,,93,1996,2024,3.06,2.85,3.52,2.32,1.2,-0.045,False
Attigere,Attigere,DAVANAGERE,Davanagere,14.32194444,75.99305556,CGWB manual quarterly (NWDP),Dug well,Unconfined,10.55,,41,2013,2024,4.39,3.73,5.55,2.78,2.77,-0.06,False
Avaragere,Avaragere,DAVANAGERE,Davanagere,14.40972222,75.9625,CGWB manual quarterly (NWDP),Dug well,Unconfined,10.0,,98,1996,2024,3.65,4.78,4.31,2.8,1.51,0.11,False
B.Kalpanahalli,B.Kalpanahalli,DAVANAGERE,Davanagere,14.49388889,75.93,CGWB manual quarterly (NWDP),Dug well,Unconfined,9.1,,38,2013,2024,5.87,4.65,6.61,4.31,2.3,-0.124,False
Bada,Bada,DAVANAGERE,Davanagere,14.27805556,76.00305556,CGWB manual quarterly (NWDP),Dug well,Unconfined,13.4,,42,2013,2024,1.33,1.3,1.53,1.12,0.41,0.008,False
Basapura-OW,-,-,Davanagere,14.4714,75.9433,CGWB manual quarterly (NWDP),,,,,1,2024,2024,8.1,8.1,,,,,False
Basavapatna,Basavapatna,CHANNAGIRI,Davanagere,14.19694444,75.8075,CGWB manual quarterly (NWDP),Dug well,Unconfined,9.2,,42,2013,2024,0.74,0.51,1.26,0.37,0.89,-0.039,False
Basavapura,Basavapura,JAGALUR,Davanagere,14.5,76.225,CGWB manual quarterly (NWDP),Bore well,,60.0,,43,1999,2014,10.48,10.01,11.33,9.55,1.78,-0.182,False
Basavapura A,Basavapura,JAGALUR,Davanagere,14.48333333,76.20833333,CGWB manual quarterly (NWDP),,,,,13,2012,2015,6.5,6.5,6.5,6.5,0.0,,False
Basavapura1,Basavapura,JAGALUR,Davanagere,14.48333333,76.20833333,CGWB manual quarterly (NWDP),,,,,5,1997,2001,7.63,6.53,,4.14,,,False
Belavanoor,Belavanoor,DAVANAGERE,Davanagere,14.38972222,75.92388889,CGWB manual quarterly (NWDP),Dug well,Unconfined,8.2,,41,2013,2024,2.53,3.41,2.37,1.83,0.54,0.28,False
Belliganudu,Belliganudu,CHANNAGIRI,Davanagere,14.21222222,75.94444444,CGWB manual quarterly (NWDP),Dug well,Unconfined,9.5,,41,2013,2024,3.3,2.34,3.16,2.52,0.64,-0.061,False
Benkanahalli,-,-,Davanagere,14.2129,75.71235,CGWB manual quarterly (NWDP),,,,,1,2024,2024,9.85,9.85,,,,,False
Bennihalli,Bennihalli,HARAPANAHALLI,Davanagere,14.81666667,76.14166667,CGWB manual quarterly (NWDP),Dug well,,8.9,,2,2013,2014,1.81,1.81,,0.91,,,False
Bhanuvalli,Bhanuvalli,HARIHAR,Davanagere,14.42916667,75.775,CGWB manual quarterly (NWDP),Dug well,Unconfined,9.98,,101,1996,2024,4.68,2.33,6.16,3.54,2.62,-0.181,False
Bidarakere,Bidarakere,JAGALUR,Davanagere,14.43333333,76.3,CGWB manual quarterly (NWDP),Bore well,,50.0,,72,1999,2024,21.41,15.39,23.51,19.51,4.0,0.066,False
Bidarakere_2,-,-,Davanagere,14.43,76.3,CGWB manual quarterly (NWDP),,,,,1,2023,2023,17.15,17.15,,,,,False
Byaladahalli,Byaladahalli,HARIHAR,Davanagere,14.43611111,75.78194444,CGWB manual quarterly (NWDP),Dug well,Unconfined,8.35,,44,2012,2024,1.07,1.01,1.26,0.81,0.45,-0.004,False
Channagiri,Channagiri,CHANNAGIRI,Davanagere,14.025,75.92916667,CGWB manual quarterly (NWDP),Bore well,Semi-confined,60.0,,44,1998,2020,9.07,13.42,11.77,6.38,5.39,0.018,False
Channagiri1,Channagiri,CHANNAGIRI,Davanagere,14.01666667,75.91666667,CGWB manual quarterly (NWDP),Dug well,,20.64,,79,1996,2021,13.62,13.18,15.3,12.75,2.55,-0.149,False
Chikka Togalgere,Chikka Togalgere,DAVANAGERE,Davanagere,14.3425,75.9825,CGWB manual quarterly (NWDP),Dug well,Unconfined,9.7,,42,2013,2024,2.3,1.66,3.4,1.45,1.95,-0.11,False
Chikkahalli,Chikkahalli,HARAPANAHALLI,Davanagere,14.85,75.96666667,CGWB manual quarterly (NWDP),Dug well,Unconfined,13.2,,99,1996,2024,8.13,6.2,9.22,6.51,2.71,-0.152,False
Chinnekatte,Chinnekatte,HONNALI,Davanagere,14.11666667,75.49166667,CGWB manual quarterly (NWDP),Dug well,Unconfined,12.0,,60,1996,2024,5.02,3.59,7.0,4.1,2.9,-0.09,False
Chinnikatte,-,-,Davanagere,14.122,75.4864,CGWB manual quarterly (NWDP),,,,,1,2024,2024,11.94,11.94,,,,,False
Daginakatte,Daginakatte,CHANNAGIRI,Davanagere,14.2,75.78333333,CGWB manual quarterly (NWDP),Dug well,Unconfined,17.8,0.023,101,1996,2024,4.53,1.86,7.73,2.49,5.24,-0.233,False
Davangere,Davangere,DAVANAGERE,Davanagere,14.47222222,75.92777778,CGWB manual quarterly (NWDP),,,,,2,2005,2005,17.62,17.62,17.48,,,,False
Davangere A,Davangere A,DAVANAGERE,Davanagere,14.46555556,75.91555556,CGWB manual quarterly (NWDP),Dug well,Unconfined,14.0,,33,2013,2024,10.35,11.23,9.76,10.04,-0.28,0.637,False
Devarathimmalapura,Devarathimmalapura,HARAPANAHALLI,Davanagere,14.77722222,75.99833333,CGWB manual quarterly (NWDP),Dug well,Unconfined,12.73,,32,2014,2024,9.48,6.39,9.89,8.25,1.64,-0.564,False
Dindahalli-OW,-,-,Davanagere,14.3133,76.6708,CGWB manual quarterly (NWDP),,,,,1,2024,2024,41.46,41.46,,,,,False
Dodda Bommanahalli-EW,-,-,Davanagere,14.6092,76.395,CGWB manual quarterly (NWDP),,,,,1,2024,2024,5.68,5.68,,,,,False
Doddabathi,Doddabathi,DAVANAGERE,Davanagere,14.48333333,75.86666667,CGWB manual quarterly (NWDP),Dug well,Unconfined,12.5,,95,1996,2024,6.97,5.4,8.74,5.63,3.11,-0.073,False
Donehalli-EW,-,-,Davanagere,14.4908,76.4006,CGWB manual quarterly (NWDP),,,,,1,2024,2024,21.09,21.09,,,,,False
G.Bevinahalli,G.Bevinahalli,HONNALI,Davanagere,14.37333333,75.71888889,CGWB manual quarterly (NWDP),Dug well,Unconfined,11.25,,42,2013,2024,5.63,6.68,5.96,5.3,0.66,0.148,False
Garaga-OW,-,-,Davanagere,14.0469,75.9594,CGWB manual quarterly (NWDP),,,,,1,2024,2024,14.16,14.16,,,,,False
Gollarahalli,Gollarahalli,HONNALI,Davanagere,14.24861111,75.67361111,CGWB manual quarterly (NWDP),Dug well,Unconfined,5.0,,32,2012,2024,2.89,2.74,3.08,2.57,0.51,0.048,False
Gopanal,Gopanal,DAVANAGERE,Davanagere,14.33027778,75.9675,CGWB manual quarterly (NWDP),Dug well,Unconfined,11.0,,41,2013,2024,6.61,4.76,6.84,5.81,1.03,-0.285,False
Hadadi,Hadadi,DAVANAGERE,Davanagere,14.36388889,75.89166667,CGWB manual quarterly (NWDP),Dug well,Unconfined,20.75,,40,2012,2024,3.15,1.74,5.48,1.34,4.14,-0.116,False
Halavagal,Halavagal,HARAPANAHALLI,Davanagere,14.70833333,75.77722222,CGWB manual quarterly (NWDP),Bore well,Semi-confined,90.0,,66,2002,2024,17.93,5.08,21.05,13.48,7.57,-1.102,False
Halavagal_1,-,-,Davanagere,14.71,75.78,CGWB manual quarterly (NWDP),,,,,2,2023,2023,3.7,3.7,,3.6,,,False
Hale kunuvada-EW,-,-,Davanagere,14.4558,75.8692,CGWB manual quarterly (NWDP),,,,,1,2024,2024,12.67,12.67,,,,,False
Haliyal,Haliyal,HONNALI,Davanagere,14.38388889,75.70027778,CGWB manual quarterly (NWDP),Dug well,Unconfined,8.75,,43,2013,2024,2.13,2.23,2.15,1.67,0.48,0.026,False
Harakanalu,Harakanalu,HARAPANAHALLI,Davanagere,14.76388889,75.76527778,CGWB manual quarterly (NWDP),Bore well,Semi-confined,65.0,,40,2007,2023,7.18,3.67,9.19,5.53,3.66,0.008,False
Harakanalu-Dw,Harakanalu-Dw,HARAPANAHALLI,Davanagere,14.84722222,75.84444444,CGWB manual quarterly (NWDP),Dug well,,9.5,,17,2012,2024,4.04,4.53,7.11,2.19,4.92,0.137,False
Harapanahalli,Harapanahalli,HARAPANAHALLI,Davanagere,14.79166667,75.98333333,CGWB manual quarterly (NWDP),Bore well,Semi-confined,60.0,,80,1998,2024,7.87,5.3,9.35,6.33,3.02,-0.201,False
Harapanahalli1,Harapanahalli,HARAPANAHALLI,Davanagere,14.78333333,75.99722222,CGWB manual quarterly (NWDP),Dug well,Unconfined,10.72,,79,1996,2024,4.88,1.9,4.92,3.89,1.03,-0.212,False
Harapanahalli_1,-,-,Davanagere,14.7917,75.9833,CGWB manual quarterly (NWDP),Bore well,Semi-confined,60.0,,2,2023,2024,7.48,7.48,,,,,False
Harihar1,Harihar,DAVANAGERE,Davanagere,14.52777778,75.85138889,CGWB manual quarterly (NWDP),,,,,13,1996,2013,9.14,10.35,9.95,7.26,2.69,0.087,False
Harihara Pz,Harihara Pz,HARIHAR,Davanagere,14.51527778,75.80833333,CGWB manual quarterly (NWDP),Bore well,Semi-confined,60.0,,64,2007,2024,6.17,3.76,8.42,4.91,3.51,0.06,False
Harkanalu,Harakanalu,HARAPANAHALLI,Davanagere,14.84722222,75.84444444,CGWB manual quarterly (NWDP),Dug well,,9.5,,30,2012,2023,3.04,1.39,4.61,2.11,2.5,-0.111,False
Hebbalu,Hebbalu,DAVANAGERE,Davanagere,14.37638889,76.09861111,CGWB manual quarterly (NWDP),Bore well,Semi-confined,60.0,,80,1999,2024,6.4,3.9,9.19,4.46,4.73,-0.092,False
Hebbalu1,Hebbalu,DAVANAGERE,Davanagere,14.37916667,76.09444444,CGWB manual quarterly (NWDP),,,,,30,1996,2013,9.59,13.61,11.01,8.79,2.22,0.135,False
Hebbalu_1,-,-,Davanagere,14.38,76.1,CGWB manual quarterly (NWDP),,,,,2,2023,2024,9.24,9.24,,7.89,,,False
Hindasaghatta,Hindasaghatta,HONNALI,Davanagere,14.38694444,75.66583333,CGWB manual quarterly (NWDP),Dug well,Unconfined,17.0,,42,2013,2024,7.84,6.61,9.06,6.27,2.79,-0.104,False
Hire Kogalur,Hire Kogalur,CHANNAGIRI,Davanagere,14.19722222,75.95694444,CGWB manual quarterly (NWDP),Dug well,Unconfined,4.35,,44,2012,2024,1.07,1.36,1.21,0.9,0.31,0.04,False
Hodikere-EW,-,-,Davanagere,14.0414,76.0022,CGWB manual quarterly (NWDP),,,,,1,2024,2024,10.16,10.16,,,,,False
Honnali,Honnali,HONNALI,Davanagere,14.24166667,75.65833333,CGWB manual quarterly (NWDP),Bore well,Semi-confined,49.8,,57,1999,2020,2.02,2.84,4.6,0.75,3.85,-0.027,False
Honnali A,Honnali,HONNALI,Davanagere,14.23416667,75.64666667,CGWB manual quarterly (NWDP),Dug well,,10.68,,21,2017,2024,4.93,4.89,6.12,4.36,1.76,0.118,False
Honnali1,Honnali,HONNALI,Davanagere,14.24166667,75.65,CGWB manual quarterly (NWDP),Dug well,,7.5,,37,1996,2017,5.58,6.11,6.96,4.79,2.17,-0.037,False
Honnali_1,-,HONNALI,Davanagere,14.24,75.66,CGWB manual quarterly (NWDP),,,,,1,2023,2023,7.8,7.8,,,,,False
Honnanayakanahalli-OW,-,-,Davanagere,14.3336,76.0906,CGWB manual quarterly (NWDP),,,,,1,2024,2024,24.18,24.18,,,,,False
Hosakere-EW,-,-,Davanagere,14.6089,76.295,CGWB manual quarterly (NWDP),,,,,1,2024,2024,21.12,21.12,,,,,False
Hosanagara-OW,-,-,Davanagere,14.1631,75.8536,CGWB manual quarterly (NWDP),,,,,1,2024,2024,2.21,2.21,,,,,False
Igoor,Igoor,DAVANAGERE,Davanagere,14.44888889,76.005,CGWB manual quarterly (NWDP),Dug well,,14.4,,11,2013,2015,13.59,13.59,13.55,13.6,-0.05,,False
Igoor-EW,-,-,Davanagere,14.4469,76.0089,CGWB manual quarterly (NWDP),,,,,1,2024,2024,22.84,22.84,,,,,False
Ittigudi,Ittigudi,HARAPANAHALLI,Davanagere,14.73055556,75.85555556,CGWB manual quarterly (NWDP),Dug well,Unconfined,13.75,,42,2012,2024,6.73,5.77,8.36,5.04,3.32,0.072,False
Jagalur,Jagalur,JAGALUR,Davanagere,14.58333333,76.41666667,CGWB manual quarterly (NWDP),,,,,3,1996,2013,7.58,8.88,8.88,6.93,1.95,,False
Jagaluru-OW,-,-,Davanagere,14.5167,76.3361,CGWB manual quarterly (NWDP),,,,,1,2024,2024,12.3,12.3,,,,,False
Kabbala,Kabbala,DAVANAGERE,Davanagere,14.19722222,75.88694444,CGWB manual quarterly (NWDP),Dug well,Unconfined,14.5,,41,2013,2024,5.24,3.47,5.69,3.46,2.23,-0.118,False
Kadaranayakanahalli,Kadaranayakanahalli,HARIHAR,Davanagere,14.42,75.69333333,CGWB manual quarterly (NWDP),Dug well,Unconfined,12.0,,39,2014,2024,3.16,1.38,3.92,1.24,2.68,-0.285,False
Kammaraghatta,Kammaraghatta,HONNALI,Davanagere,14.22388889,75.70638889,CGWB manual quarterly (NWDP),Dug well,Unconfined,11.27,,42,2013,2024,6.01,5.78,6.86,4.6,2.26,0.0,False
Kanivebilachi,Kanivebilachi,CHANNAGIRI,Davanagere,14.17916667,75.84583333,CGWB manual quarterly (NWDP),Dug well,Unconfined,6.0,0.023,107,1996,2024,2.48,1.94,2.62,1.87,0.75,-0.038,False
Karalahalli,Karalahalli,HARIHAR,Davanagere,14.58333333,75.84583333,CGWB manual quarterly (NWDP),Dug well,,5.52,,52,1996,2015,3.83,4.21,4.78,3.35,1.43,0.046,False
Kotihal-OW,-,-,Davanagere,14.2247,75.8103,CGWB manual quarterly (NWDP),,,,,1,2024,2024,0.85,0.85,,,,,False
Kukuvada,Kukuvada,DAVANAGERE,Davanagere,14.3325,75.88444444,CGWB manual quarterly (NWDP),Dug well,Unconfined,9.75,,43,2013,2024,4.19,3.0,5.93,2.48,3.45,-0.156,False
Kuntapalanahalli,Kuntapalanahalli,DAVANAGERE,Davanagere,14.35583333,75.92694444,CGWB manual quarterly (NWDP),Dug well,Unconfined,12.1,,41,2013,2024,4.01,2.83,5.13,2.57,2.56,-0.144,False
Kurki,Kurki,DAVANAGERE,Davanagere,14.37444444,75.97333333,CGWB manual quarterly (NWDP),Dug well,Unconfined,7.2,,42,2013,2024,1.59,1.42,1.93,0.81,1.12,0.023,False
Kurki-EW,-,-,Davanagere,14.3719,75.9756,CGWB manual quarterly (NWDP),,,,,1,2024,2024,9.75,9.75,,,,,False
Lakkampura,Lakkampura,JAGALUR,Davanagere,14.63333333,76.29166667,CGWB manual quarterly (NWDP),,,,,8,2005,2013,11.75,11.75,11.75,11.75,0.0,0.0,False
Lingadahalli,Lingadahalli,DAVANAGERE,Davanagere,14.46666667,75.98333333,CGWB manual quarterly (NWDP),Dug well,,13.13,,20,1996,2024,9.66,9.1,12.76,8.41,4.35,-0.06,False
Lingdahalli A,Lingdahalli A,DAVANAGERE,Davanagere,14.45,75.98444444,CGWB manual quarterly (NWDP),Dug well,Unconfined,9.0,,27,2013,2023,7.36,6.57,6.85,7.37,-0.52,-0.077,False
Lokikere,Lokikere,DAVANAGERE,Davanagere,14.30444444,75.92638889,CGWB manual quarterly (NWDP),Dug well,Unconfined,12.6,,40,2013,2024,2.86,4.81,3.4,2.39,1.01,0.295,False
Malagondnahalli,Malagondnahalli,DAVANAGERE,Davanagere,14.5375,75.93888889,CGWB manual quarterly (NWDP),Dug well,,6.35,,11,2012,2019,3.59,4.5,4.08,3.14,0.94,0.152,False
Malebennur,Malebennur,HARIHAR,Davanagere,14.4,75.76666667,CGWB manual quarterly (NWDP),Dug well,Unconfined,10.26,0.023,107,1996,2024,5.83,3.86,6.97,4.74,2.23,-0.131,False
Mangammanahalli,Mangammanahalli,DAVANAGERE,Davanagere,14.21083333,75.99805556,CGWB manual quarterly (NWDP),Dug well,Unconfined,10.0,,37,2013,2024,3.65,3.02,4.47,3.07,1.4,-0.017,False
Mathi,Mathi,CHANNAGIRI,Davanagere,14.28555556,75.88527778,CGWB manual quarterly (NWDP),Dug well,Unconfined,12.0,,38,2013,2024,7.08,6.58,7.89,6.48,1.41,0.105,False
Mayakonda,Mayakonda,DAVANAGERE,Davanagere,14.29166667,76.075,CGWB manual quarterly (NWDP),Bore well,,60.0,,25,2000,2019,17.72,0.01,19.3,13.6,5.7,-1.058,False
Mustur,Mustur,JAGALUR,Davanagere,14.475,76.44166667,CGWB manual quarterly (NWDP),,,,,9,1996,2013,10.32,12.5,12.5,9.78,2.72,0.059,False
Nallur,Nallur,CHANNAGIRI,Davanagere,14.09166667,75.875,CGWB manual quarterly (NWDP),Dug well,Unconfined,12.0,,81,1996,2024,5.1,2.67,6.92,4.12,2.8,-0.141,False
Nandi Tavare,Nandi Tavare,HARIHAR,Davanagere,14.40888889,75.78333333,CGWB manual quarterly (NWDP),Dug well,Unconfined,12.7,,64,2007,2024,1.91,1.97,1.73,1.28,0.45,0.012,False
Nandigudi,Nandigudi,HARIHAR,Davanagere,14.41055556,75.64722222,CGWB manual quarterly (NWDP),Bore well,Semi-confined,50.0,,81,1999,2024,5.28,7.4,4.91,2.66,2.25,0.246,False
Neelagunda,Neelagunda,HARAPANAHALLI,Davanagere,14.75,75.9,CGWB manual quarterly (NWDP),Dug well,Unconfined,10.75,,94,1996,2024,5.38,3.52,6.37,4.58,1.79,-0.068,False
Nichapura,Nichapura,HARAPANAHALLI,Davanagere,14.78333333,76.05833333,CGWB manual quarterly (NWDP),Dug well,Unconfined,15.0,,85,1996,2024,10.1,8.6,10.66,8.62,2.04,-0.053,False
Nyamati,Nyamati,HONNALI,Davanagere,14.15,75.58333333,CGWB manual quarterly (NWDP),,,,,1,2005,2005,15.05,15.05,,15.05,,,False
Ramagondnahalli,Ramagondnahalli,DAVANAGERE,Davanagere,14.31138889,75.99416667,CGWB manual quarterly (NWDP),Dug well,Unconfined,6.5,,40,2013,2024,3.12,2.45,4.05,2.1,1.95,-0.028,False
SAVALANGA,SAVALANGA,HONNALI,Davanagere,14.1,75.5,CGWB manual quarterly (NWDP),Dug well,,14.9,,35,2004,2016,4.51,6.28,8.04,3.12,4.92,0.163,False
Santhebennur,Santhebennur,CHANNAGIRI,Davanagere,14.16666667,76.0,CGWB manual quarterly (NWDP),Dug well,Unconfined,14.5,0.023,107,1996,2024,5.99,2.07,7.4,4.71,2.69,-0.312,False
Shiramagondahalli,Shiramagondahalli,DAVANAGERE,Davanagere,14.41944444,75.91666667,CGWB manual quarterly (NWDP),Dug well,Unconfined,12.3,,44,2012,2024,2.8,2.6,3.37,1.61,1.76,0.042,False
Talakku,Talakku,HARIHAR,Davanagere,14.4625,75.68472222,CGWB manual quarterly (NWDP),,,,,6,1997,2010,8.43,3.3,,9.54,,-0.523,False
Tanegere,Tanegere,DAVANAGERE,Davanagere,14.235,75.99555556,CGWB manual quarterly (NWDP),Dug well,Unconfined,5.6,,42,2013,2024,1.36,1.24,1.65,1.03,0.62,-0.029,False
Tavarekere-EW,-,-,Davanagere,13.8564,75.9558,CGWB manual quarterly (NWDP),,,,,1,2024,2024,3.85,3.85,,,,,False
Teligi1,Teligi,HARAPANAHALLI,Davanagere,14.65,75.9,CGWB manual quarterly (NWDP),Bore well,Semi-confined,60.0,,79,1998,2023,10.84,6.84,13.03,9.27,3.76,0.023,False
Teligi2,Teligi,HARAPANAHALLI,Davanagere,14.66666667,75.9,CGWB manual quarterly (NWDP),,,,,5,2000,2013,10.03,10.8,10.8,9.7,1.1,,False
Teligi_3,-,-,Davanagere,14.65,75.9,CGWB manual quarterly (NWDP),Bore well,Semi-confined,60.0,,1,2023,2023,5.32,5.32,,,,,False
Thyavanige,Thyavanige,CHANNAGIRI,Davanagere,14.24583333,75.88333333,CGWB manual quarterly (NWDP),Dug well,Unconfined,11.0,0.023,104,1996,2024,2.67,1.97,3.18,1.91,1.27,-0.083,False
Tolehunse,Tolehunse,DAVANAGERE,Davanagere,14.41055556,75.96222222,CGWB manual quarterly (NWDP),Dug well,Unconfined,11.25,,42,2013,2024,3.77,1.8,5.58,2.11,3.47,-0.304,False
Ubrani_1,-,-,Davanagere,13.853129,75.695963,CGWB manual quarterly (NWDP),,,,,1,2024,2024,4.44,4.44,,,,,False
Vasana,Vasana,HARIHAR,Davanagere,14.40833333,75.6625,CGWB manual quarterly (NWDP),Dug well,Unconfined,14.04,0.023,106,1996,2024,5.49,2.51,6.36,4.15,2.21,-0.168,False
Venkateshwara Camp,Venkateshwara Camp,CHANNAGIRI,Davanagere,14.19722222,75.95694444,CGWB manual quarterly (NWDP),Dug well,Unconfined,4.35,,44,2012,2024,1.64,1.4,1.7,1.12,0.58,-0.023,False
Yeradethnahalli,Yeradethnahalli,HARAPANAHALLI,Davanagere,14.82805556,75.96638889,CGWB manual quarterly (NWDP),Dug well,,11.0,,14,2013,2016,2.83,2.9,4.08,1.95,2.13,,False
Adaragunj,Adaragunj,HUBLI,Dharwad,15.28416667,75.15472222,CGWB manual quarterly (NWDP),,,,,39,2013,2024,11.36,8.82,14.59,9.05,5.54,-0.796,False
Amminabhavi,Amminabhavi,DHARWAD,Dharwad,15.54166667,75.05416667,CGWB manual quarterly (NWDP),,,,,101,1996,2024,6.45,2.67,8.06,5.25,2.81,-0.145,False
Annigeri,Annigeri,HUBLI,Dharwad,15.43333333,75.3,CGWB manual quarterly (NWDP),,,,,10,2012,2023,7.34,2.82,6.41,6.51,-0.1,-0.586,False
Annigeri (A),Annigeri (A),NAVALGUND,Dharwad,15.43333333,75.43333333,CGWB manual quarterly (NWDP),,,,,44,2004,2024,6.1,2.05,6.3,5.75,0.55,-0.24,False
Annigeri1,Annigeri,NAVALGUND,Dharwad,15.43333333,75.43333333,CGWB manual quarterly (NWDP),,,,,6,2012,2023,4.78,2.3,7.06,4.21,2.85,-0.281,False
Arvatgi,Arvatgi,DHARWAD,Dharwad,15.45,74.81805556,CGWB manual quarterly (NWDP),,,,,60,1996,2011,4.71,5.86,9.36,2.97,6.39,0.17,False
Basapur,Basapur,NAVALGUND,Dharwad,15.46666667,75.38333333,CGWB manual quarterly (NWDP),,,,,103,1996,2024,14.86,14.45,15.25,14.38,0.87,0.018,False
Behatti (A),Behatti (A),HUBLI,Dharwad,15.45,75.16666667,CGWB manual quarterly (NWDP),,,,,24,2004,2013,10.56,9.81,11.41,9.38,2.03,-0.302,False
Betegeri(Dharwar),BETGERI(DHARWAR),DHARWAD,Dharwad,15.61111111,75.00833333,CGWB manual quarterly (NWDP),,,,,32,2005,2015,8.29,12.15,7.98,9.05,-1.07,0.597,False
Bidnal,Bidnal,HUBLI,Dharwad,15.3,75.16666667,CGWB manual quarterly (NWDP),,,,,45,2012,2024,8.91,6.67,10.49,8.1,2.39,-0.423,False
Byahatti,Byahatti,HUBLI,Dharwad,15.45,75.16666667,CGWB manual quarterly (NWDP),,,,,4,2013,2023,8.72,6.39,10.78,6.66,4.12,,False
Devikop,Devikop,KALGHATGI,Dharwad,15.13333333,74.93333333,CGWB manual quarterly (NWDP),,,,,108,1996,2024,5.32,2.17,10.33,2.98,7.35,-0.177,False
Dharwad,Dharwad,DHARWAD,Dharwad,15.45833333,75.00555556,CGWB manual quarterly (NWDP),,,,,62,1999,2018,16.74,18.44,19.11,13.4,5.71,-0.345,False
Dharwad A,Dharwad A,DHARWAD,Dharwad,15.47,75.02111111,CGWB manual quarterly (NWDP),,,,,63,2007,2024,4.9,4.5,7.25,3.32,3.93,-0.073,False
Dharwad1,Dharwad,DHARWAD,Dharwad,15.5,74.96666667,CGWB manual quarterly (NWDP),,,,,30,1996,2013,12.56,8.5,15.36,8.23,7.13,0.404,False
Dharwad2,Rayapur,DHARWAD,Dharwad,15.40833333,75.06166667,CGWB manual quarterly (NWDP),,,,,26,1996,2003,11.83,13.37,10.8,11.97,-1.17,0.418,False
Dharwad2,Dharwad,DHARWAD,Dharwad,15.47,75.01833333,CGWB manual quarterly (NWDP),,,,,1,2006,2006,19.28,19.28,,,,,False
Gudgeri,Gudgeri,KUNDGOL,Dharwad,15.11666667,75.36666667,CGWB manual quarterly (NWDP),,,,,91,1996,2024,19.56,6.3,22.21,18.81,3.4,-0.36,False
Gudisagar,-,-,Dharwad,15.5998,75.3962,CGWB manual quarterly (NWDP),,,,,1,2024,2024,7.3,7.3,,,,,False
Guladkop,Guladkop,DHARWAD,Dharwad,15.55416667,74.9,CGWB manual quarterly (NWDP),,,,,30,1996,2013,13.51,25.32,16.87,9.39,7.48,0.2,False
Gummagola,Gummagola,DHARWAD,Dharwad,15.59194444,75.15194444,CGWB manual quarterly (NWDP),,,,,32,2015,2024,7.48,6.85,8.01,7.11,0.9,-0.255,False
Harobelavadi,Harobelavadi,DHARWAD,Dharwad,15.62277778,75.07222222,CGWB manual quarterly (NWDP),,,,,41,2013,2024,4.58,3.67,4.89,4.22,0.67,-0.204,False
Hebballi,Hebballi,DHARWAD,Dharwad,15.4875,75.12083333,CGWB manual quarterly (NWDP),,,,,16,1996,2008,17.55,17.6,18.0,16.65,1.35,0.43,False
Hebsur,Hebsur,HUBLI,Dharwad,15.45416667,75.3,CGWB manual quarterly (NWDP),,,,,32,2002,2011,5.65,5.24,5.98,5.21,0.77,-0.151,False
Hebsur1,Hebsur,HUBLI,Dharwad,15.43333333,75.3,CGWB manual quarterly (NWDP),,,,,104,1996,2024,4.69,4.09,5.12,4.21,0.91,-0.028,False
Hubli,Hubli,HUBLI,Dharwad,15.3,75.16666667,CGWB manual quarterly (NWDP),,,,,31,1996,2003,9.3,10.1,9.77,8.55,1.22,0.313,False
Kadabaghatti,Kadabaghatti,DHARWAD,Dharwad,15.32861111,75.1475,CGWB manual quarterly (NWDP),,,,,44,2012,2024,9.43,7.0,13.83,7.82,6.01,-0.501,False
Kalaghatgi A,Kalaghatgi A,KALGHATGI,Dharwad,15.18333333,74.97916667,CGWB manual quarterly (NWDP),,,,,49,2010,2024,3.37,1.6,5.21,2.61,2.6,0.011,False
Kalgere,Kalgere,DHARWAD,Dharwad,15.46361111,74.96722222,CGWB manual quarterly (NWDP),,,,,16,2013,2024,11.89,13.75,9.13,10.07,-0.94,0.2,False
Kalghatgi,Kalghatgi,KALGHATGI,Dharwad,15.18333333,74.96666667,CGWB manual quarterly (NWDP),,,,,44,1996,2023,1.78,1.88,2.81,1.34,1.47,0.035,False
Kalkurdi,Kalkurdi,KALGHATGI,Dharwad,15.18083333,74.92555556,CGWB manual quarterly (NWDP),,,,,33,2013,2024,2.12,1.83,3.08,1.97,1.11,-0.058,False
Kelgeri,Kelgeri,DHARWAD,Dharwad,15.45944444,74.95305556,CGWB manual quarterly (NWDP),,,,,35,2012,2024,13.64,10.46,15.04,11.71,3.33,-0.427,False
Kundgol,Kundgol,KUNDGOL,Dharwad,15.25416667,75.25,CGWB manual quarterly (NWDP),,,,,78,1996,2024,15.47,3.53,16.85,15.23,1.62,-0.412,False
Kunnur,Kunnur,HUBLI,Dharwad,15.22944444,75.13638889,CGWB manual quarterly (NWDP),,,,,30,2012,2022,4.75,1.05,5.26,1.39,3.87,-0.637,False
Manmigatte,Manmigatte,DHARWAD,Dharwad,15.5,74.93333333,CGWB manual quarterly (NWDP),,,,,5,2007,2013,13.14,18.57,18.57,14.45,4.12,,False
Morab,Morab,NAVALGUND,Dharwad,15.59166667,75.15,CGWB manual quarterly (NWDP),,,,,95,1996,2024,6.65,6.21,6.95,6.38,0.57,-0.024,False
Mugad,Mugad,DHARWAD,Dharwad,15.44166667,74.9,CGWB manual quarterly (NWDP),,,,,107,1996,2024,3.15,1.93,4.91,2.13,2.78,-0.105,False
Navalgund,Navalgund,DHARWAD,Dharwad,15.54666667,75.35277778,CGWB manual quarterly (NWDP),,,,,50,2007,2023,14.54,12.2,17.07,12.58,4.49,-0.428,False
Navalgund1,Navalgund,NAVALGUND,Dharwad,15.55,75.34583333,CGWB manual quarterly (NWDP),,,,,8,1996,2020,11.72,13.85,,12.04,,0.18,False
Navalgund_1,-,-,Dharwad,15.5467,75.3528,CGWB manual quarterly (NWDP),,,,,2,2023,2024,12.82,12.82,,,,,False
Navalur,Navalur,DHARWAD,Dharwad,15.42555556,75.03611111,CGWB manual quarterly (NWDP),,,,,50,1996,2013,6.5,17.04,9.0,5.07,3.93,-0.056,False
Nayakana Hulikatte Kere,Nayakana Hulikatte Kere,DHARWAD,Dharwad,15.36944444,74.99444444,CGWB manual quarterly (NWDP),,,,,30,2013,2021,6.11,3.86,7.96,4.74,3.22,-0.304,False
Pale,Pale,HUBLI,Dharwad,15.24166667,75.14583333,CGWB manual quarterly (NWDP),,,,,31,1996,2013,10.56,11.91,12.24,9.3,2.94,0.149,False
Prabhunagar,Prabhunagar,DHARWAD,Dharwad,15.45388889,74.86666667,CGWB manual quarterly (NWDP),,,,,62,2006,2024,8.03,5.09,13.26,6.06,7.2,-0.176,False
Rayapur,Rayapur,DHARWAD,Dharwad,15.40833333,75.06166667,CGWB manual quarterly (NWDP),,,,,1,2013,2013,11.51,11.51,11.51,,,,False
Rayapura A,Rayapura A,DHARWAD,Dharwad,15.40833333,75.06166667,CGWB manual quarterly (NWDP),,,,,2,2012,2013,8.7,8.7,,8.45,,,False
Saidur,Saidur,KALGHATGI,Dharwad,15.10388889,74.90555556,CGWB manual quarterly (NWDP),,,,,43,2013,2024,5.04,2.9,6.85,4.08,2.77,-0.354,False
Shanawad,Shanawad,NAVALGUND,Dharwad,15.55972222,75.3125,CGWB manual quarterly (NWDP),,,,,77,1996,2024,8.88,8.57,8.82,8.53,0.29,0.053,False
Sherewad,Sherewad,HUBLI,Dharwad,15.25388889,75.17083333,CGWB manual quarterly (NWDP),,,,,31,2006,2023,3.17,2.2,3.91,3.04,0.87,-0.062,False
Sherewad A,Sherewad A,HUBLI,Dharwad,15.25416667,75.17083333,CGWB manual quarterly (NWDP),,,,,38,2011,2024,4.53,1.95,6.66,3.45,3.21,-0.269,False
Sulla,Sulla,HUBLI,Dharwad,15.45138889,75.17722222,CGWB manual quarterly (NWDP),,,,,43,2013,2024,15.89,13.7,16.0,14.62,1.38,-0.553,False
Tale Morab,Tale Morab,DHARWAD,Dharwad,15.55611111,75.14916667,CGWB manual quarterly (NWDP),,,,,44,2013,2024,3.65,3.33,4.14,3.02,1.12,-0.066,False
Tirlapur,-,-,Dharwad,15.6342,75.2485,CGWB manual quarterly (NWDP),,,,,1,2024,2024,29.76,29.76,,,,,False
Yerikop,Yerikop,DHARWAD,Dharwad,15.425,75.0,CGWB manual quarterly (NWDP),,,,,10,1996,2001,11.47,10.9,13.08,,,0.214,False
Advisomapur,Advisomapur,GADAG,Gadag,15.38333333,75.65833333,CGWB manual quarterly (NWDP),,,,,27,1996,2009,11.09,12.53,11.66,10.96,0.7,0.284,False
BElhatti,Belhatti,SHIRHATTI,Gadag,15.75,75.65138889,CGWB manual quarterly (NWDP),Dug well,,10.5,,57,2006,2024,4.16,2.53,5.01,3.53,1.48,-0.069,False
Basavapur,Basavapur,MUNDARGI,Gadag,15.19583333,75.83361111,CGWB manual quarterly (NWDP),Dug well,Unconfined,12.0,,39,2013,2024,7.51,6.88,7.39,7.55,-0.16,-0.097,False
Belavaniki,Belavaniki,RON,Gadag,15.66666667,75.56666667,CGWB manual quarterly (NWDP),Dug well,Unconfined,11.97,0.023,107,1996,2024,7.1,4.28,7.94,6.3,1.64,-0.149,False
Belavanki,Belavanki,RON,Gadag,15.67083333,75.57777778,CGWB manual quarterly (NWDP),Bore well,Semi-confined,60.0,,80,1998,2024,17.92,16.47,18.38,17.78,0.6,-0.077,False
Belhatti,Belhatti,SHIRHATTI,Gadag,15.11111111,75.62277778,CGWB manual quarterly (NWDP),Bore well,Semi-confined,65.0,,49,1998,2023,7.13,4.9,8.24,7.25,0.99,-0.084,False
Chabbi,Chabbi,SHIRHATTI,Gadag,15.1625,75.59166667,CGWB manual quarterly (NWDP),Dug well,Unconfined,13.0,0.018,106,1996,2024,6.75,4.24,7.58,6.08,1.5,-0.046,False
Chikkop,Chikkop,GADAG,Gadag,15.46666667,75.65833333,CGWB manual quarterly (NWDP),,,,,53,1996,2010,4.99,6.85,5.85,4.45,1.4,0.201,False
Dambal,Dambal,MUNDARGI,Gadag,15.3,75.775,CGWB manual quarterly (NWDP),Dug well,,17.5,,58,1996,2015,13.09,16.54,12.82,12.81,0.01,0.163,False
Dass Hadagali,Dass Hadagali,RON,Gadag,15.62083333,75.67916667,CGWB manual quarterly (NWDP),Dug well,Unconfined,15.0,,39,2012,2024,11.26,9.87,10.96,10.98,-0.02,-0.148,False
Gadag,Gadag,GADAG,Gadag,15.425,75.5875,CGWB manual quarterly (NWDP),Dug well,Unconfined,13.5,,55,2007,2024,4.85,0.31,6.21,5.32,0.89,-0.392,False
Gangimadagu Cross,Gangimadagu Cross,GADAG,Gadag,15.42277778,75.61638889,CGWB manual quarterly (NWDP),Dug well,,16.2,,27,2013,2024,11.37,4.08,13.46,10.8,2.66,-0.992,False
Gojanur,Gojanur,SHIRHATTI,Gadag,15.19083333,75.49944444,CGWB manual quarterly (NWDP),Dug well,Unconfined,10.24,,31,2014,2024,6.7,4.33,7.7,6.18,1.52,-0.541,False
Halliguli,Halliguli,MUNDARGI,Gadag,15.4,75.83333333,CGWB manual quarterly (NWDP),,,,,5,1996,2010,16.42,6.5,,24.54,,,False
Hirealagundi-EW,-,-,Gadag,15.7782,75.8291,CGWB manual quarterly (NWDP),,,,,1,2024,2024,11.88,11.88,,,,,False
Hirekoppa,Hirekoppa,GADAG,Gadag,15.475,75.65833333,CGWB manual quarterly (NWDP),Dug well,Unconfined,16.0,,44,2011,2024,9.19,7.32,10.25,8.54,1.71,-0.245,False
Hirihal,Hirihal,RON,Gadag,15.78333333,75.75,CGWB manual quarterly (NWDP),,,,,2,2005,2007,16.55,16.55,24.98,,,,False
Hulkoti,Hulkoti,GADAG,Gadag,15.42916667,75.55,CGWB manual quarterly (NWDP),Dug well,Unconfined,13.03,0.023,105,1996,2024,4.39,1.86,5.79,3.38,2.41,-0.066,False
Hunagundi,Hunagundi,RON,Gadag,15.8,75.75,CGWB manual quarterly (NWDP),Dug well,Unconfined,12.55,,100,1996,2024,10.07,8.14,10.02,9.73,0.29,-0.015,False
Kalkeri,Kalkeri,MUNDARGI,Gadag,15.15,75.83333333,CGWB manual quarterly (NWDP),Dug well,,11.0,,71,1996,2024,2.77,2.6,3.02,2.65,0.37,-0.028,False
Kalkeri A,Kalkeri A,MUNDARGI,Gadag,15.16527778,75.835,CGWB manual quarterly (NWDP),Dug well,Unconfined,11.0,,33,2014,2024,3.75,2.25,5.01,2.84,2.17,-0.368,False
Kotbal,Kotbal,RON,Gadag,15.75833333,75.91666667,CGWB manual quarterly (NWDP),Dug well,Unconfined,26.75,,50,2006,2024,23.89,18.61,25.33,23.16,2.17,-0.339,False
Lakkundi,Lakkundi,GADAG,Gadag,15.39166667,75.71666667,CGWB manual quarterly (NWDP),Bore well,Semi-confined,61.5,,63,1999,2024,9.6,4.65,13.06,7.63,5.43,-0.225,False
Lakkundi_2,-,-,Gadag,15.3917,75.7167,CGWB manual quarterly (NWDP),Bore well,Semi-confined,61.5,,1,2023,2023,5.12,5.12,,5.12,,,False
Laxmeshwar A,Laxmeshwar A,SHIRHATTI,Gadag,15.04722222,75.46666667,CGWB manual quarterly (NWDP),Dug well,Unconfined,15.5,,64,2006,2024,7.86,4.42,9.11,7.34,1.77,-0.119,False
Laxmeswar,Laxmeswar,SHIRHATTI,Gadag,15.09166667,75.46666667,CGWB manual quarterly (NWDP),,,,,2,2006,2007,11.12,11.12,,11.3,,,False
Magdi,Magdi,SHIRHATTI,Gadag,15.20833333,75.51666667,CGWB manual quarterly (NWDP),Dug well,Unconfined,14.5,0.018,107,1996,2024,6.98,4.75,7.99,6.13,1.86,-0.14,False
Mallapur,Mallapur,RON,Gadag,15.675,75.63333333,CGWB manual quarterly (NWDP),,,,,41,1996,2011,17.29,16.93,17.85,17.51,0.34,-0.195,False
Mudnagudi,Mudnagudi,GADAG,Gadag,15.73777778,75.68055556,CGWB manual quarterly (NWDP),Dug well,Unconfined,12.0,,35,2013,2024,4.83,2.64,5.15,3.86,1.29,-0.401,False
Mundargi,Mundargi,MUNDARGI,Gadag,15.20694444,75.88888889,CGWB manual quarterly (NWDP),Bore well,,45.15,,48,1998,2012,9.73,7.06,11.2,7.97,3.23,-0.105,False
Mundargi1,Mundargi,MUNDARGI,Gadag,15.20833333,75.88333333,CGWB manual quarterly (NWDP),Dug well,Unconfined,23.96,,103,1996,2024,4.29,2.39,5.59,4.39,1.2,0.009,False
Nagasamudra,Nagasamudra,GADAG,Gadag,15.46666667,75.66666667,CGWB manual quarterly (NWDP),,,,,60,1996,2013,15.98,18.48,16.49,15.44,1.05,0.27,False
Narayanapura,Narayanapura,GADAG,Gadag,15.525,75.75777778,CGWB manual quarterly (NWDP),,,,,5,2013,2016,64.4,64.4,64.4,64.4,0.0,,False
Naregal,Naregal,RON,Gadag,15.59166667,75.80416667,CGWB manual quarterly (NWDP),Dug well,,24.51,,47,1997,2024,17.49,15.1,18.96,17.9,1.06,0.313,False
Nargund,Nargund,NARGUND,Gadag,15.71388889,75.37,CGWB manual quarterly (NWDP),Bore well,,61.5,,47,1998,2017,30.86,60.5,31.11,30.85,0.26,1.392,False
Nargund1,Nargund,NARGUND,Gadag,15.72916667,75.38333333,CGWB manual quarterly (NWDP),Dug well,Unconfined,24.15,,85,1996,2024,11.61,9.47,11.49,12.05,-0.56,-0.583,False
Nidagundi1,Nidagundi,RON,Gadag,15.65833333,75.85833333,CGWB manual quarterly (NWDP),,,,,12,1996,2011,10.04,17.94,6.56,11.47,-4.91,0.622,False
Ramgeri,Ramgeri,SHIRHATTI,Gadag,15.13944444,75.43416667,CGWB manual quarterly (NWDP),Dug well,Unconfined,29.0,0.018,105,1996,2024,17.22,3.9,18.86,16.03,2.83,-0.537,False
Ron,Ron,RON,Gadag,15.73333333,75.75,CGWB manual quarterly (NWDP),Dug well,,12.0,,10,2001,2017,13.27,9.93,13.12,16.8,-3.68,-0.585,False
Ron A,Ron A,RON,Gadag,15.73333333,75.75,CGWB manual quarterly (NWDP),Dug well,,12.0,,3,2012,2013,10.83,10.83,11.1,10.5,0.6,,False
Ron A New,Ron A New,RON,Gadag,15.69861111,75.73472222,CGWB manual quarterly (NWDP),Dug well,,30.0,,22,2013,2021,25.0,27.09,23.72,24.35,-0.63,0.982,False
Shirhatti,Shirhatti,SHIRHATTI,Gadag,15.23027778,75.57638889,CGWB manual quarterly (NWDP),Dug well,Unconfined,12.84,0.018,27,1998,2013,14.14,34.35,17.63,10.6,7.03,1.475,False
Shirhatti1,Shirhatti,SHIRHATTI,Gadag,15.22916667,75.575,CGWB manual quarterly (NWDP),Dug well,Unconfined,12.84,0.018,107,1996,2024,5.43,4.47,6.39,4.77,1.62,-0.075,False
Viruppapur,Viruppapur,MUNDARGI,Gadag,15.14333333,75.83,CGWB manual quarterly (NWDP),Dug well,Unconfined,15.0,,40,2013,2024,7.85,5.45,9.45,7.35,2.1,-0.482,False
Achangi,Achangi,MANJARABAD,Hassan,12.95583333,75.79888889,CGWB manual quarterly (NWDP),Dug well,Unconfined,12.0,,34,2014,2024,7.66,7.73,8.55,7.61,0.94,0.038,False
Agadalu,Agadalu,BELUR,Hassan,13.19194444,75.77666667,CGWB manual quarterly (NWDP),Dug well,Unconfined,19.15,,34,2015,2024,8.73,6.6,10.62,7.78,2.84,-0.507,False
Agunda Thandya,Agunda Thandya,ARSIKERE,Hassan,13.32722222,76.30527778,CGWB manual quarterly (NWDP),Dug well,Unconfined,10.0,,29,2015,2024,6.84,4.66,7.12,6.88,0.24,-0.414,False
Ahmedpur,Ahmedpur,ARSIKERE,Hassan,13.49222222,76.27638889,CGWB manual quarterly (NWDP),Dug well,Unconfined,8.52,,26,2015,2023,3.21,2.08,3.25,1.87,1.38,-0.062,False
Alur1,Alur,ALUR,Hassan,12.96666667,75.98333333,CGWB manual quarterly (NWDP),Dug well,Unconfined,13.87,,109,1996,2024,6.44,4.98,8.62,4.96,3.66,-0.124,False
Anachihally,Anachihally,HASSAN,Hassan,12.98916667,76.04861111,CGWB manual quarterly (NWDP),Dug well,Unconfined,16.0,,16,2016,2024,5.87,5.44,7.87,5.01,2.86,-0.332,False
Anagavalli,Anagavalli,HASSAN,Hassan,13.11083333,76.19444444,CGWB manual quarterly (NWDP),Bore well,,123.8,,8,2015,2018,27.94,27.94,28.42,26.8,1.62,,False
Anchaneyapura,Anchaneyapura,HASSAN,Hassan,12.87527778,76.51611111,CGWB manual quarterly (NWDP),Dug well,Unconfined,16.85,,29,2013,2024,10.6,9.72,13.21,7.94,5.27,-0.334,False
Anemall,Anemall,MANJARABAD,Hassan,12.9325,75.76833333,CGWB manual quarterly (NWDP),Dug well,Unconfined,17.0,,41,2013,2024,11.2,11.5,13.47,10.37,3.1,0.131,False
Ankihalli,Ankihalli,BELUR,Hassan,13.02694444,75.86138889,CGWB manual quarterly (NWDP),Dug well,Unconfined,15.0,,32,2015,2024,9.63,6.56,12.05,8.75,3.3,-0.786,False
Arehalli,Arehalli,BELUR,Hassan,13.05361111,75.81138889,CGWB manual quarterly (NWDP),Dug well,Unconfined,22.0,,39,2012,2024,12.48,11.14,13.78,11.92,1.86,-0.224,False
Arkalgud,Arkalgud,ARKALGUD,Hassan,12.76666667,76.05,CGWB manual quarterly (NWDP),Bore well,Semi-confined,40.0,,82,1999,2024,11.65,11.37,13.45,9.84,3.61,0.026,False
Arkalgud1,Arkalgud,ARKALGUD,Hassan,12.775,76.05833333,CGWB manual quarterly (NWDP),Dug well,Unconfined,22.1,,108,1996,2024,5.55,4.69,8.95,3.5,5.45,-0.06,False
Arkalgud_1,-,-,Hassan,12.7667,76.05,CGWB manual quarterly (NWDP),Bore well,Semi-confined,40.0,,1,2023,2023,12.4,12.4,,12.4,,,False
Arsikere,Arsikere,ARSIKERE,Hassan,13.28333333,76.28333333,CGWB manual quarterly (NWDP),Dug well,Unconfined,9.2,,94,1996,2024,3.78,1.97,4.67,2.93,1.74,-0.086,False
Baaguru,Bargur,CHANNARAYAPATNA,Hassan,13.025,76.375,CGWB manual quarterly (NWDP),Dug well,Unconfined,10.75,,43,2012,2024,6.05,3.01,7.14,4.53,2.61,-0.638,False
Bageshpura,Bageshpura,ARSIKERE,Hassan,13.15,76.22777778,CGWB manual quarterly (NWDP),Dug well,,11.2,,52,1996,2020,4.59,7.03,5.04,3.41,1.63,0.137,False
Bageshpura (A),Bageshpura (A),ARSIKERE,Hassan,13.15,76.22777778,CGWB manual quarterly (NWDP),Dug well,,11.2,,23,2012,2021,9.77,10.42,10.42,9.45,0.97,0.067,False
Bailahalli,Bailahalli,HASSAN,Hassan,13.05083333,75.98888889,CGWB manual quarterly (NWDP),Bore well,,165.7,,19,2015,2024,23.4,24.07,20.93,23.09,-2.16,0.282,False
Bailahalli_1,-,-,Hassan,13.0508,75.9839,CGWB manual quarterly (NWDP),,,,,1,2023,2023,24.7,24.7,,,,,False
Balaihana Koppalu,Balaihana Koppalu,ARKALGUD,Hassan,12.76833333,76.04833333,CGWB manual quarterly (NWDP),Dug well,Unconfined,10.0,,21,2013,2023,3.05,3.49,5.05,1.83,3.22,0.124,False
Balasinda,Balasinda,CHANNARAYAPATNA,Hassan,12.96472222,76.59527778,CGWB manual quarterly (NWDP),Dug well,Unconfined,7.0,,35,2014,2024,4.64,5.31,5.83,2.63,3.2,0.145,False
Ballupet,Ballu,MANJARABAD,Hassan,12.94583333,75.88333333,CGWB manual quarterly (NWDP),Dug well,,11.24,,102,1996,2024,7.3,6.31,8.68,6.83,1.85,-0.043,False
Ballupet_1,-,-,Hassan,12.1,75.88,CGWB manual quarterly (NWDP),,,,,2,2023,2023,8.38,8.38,8.53,,,,False
Banavar,Banavar,ARSIKERE,Hassan,13.41666667,76.16666667,CGWB manual quarterly (NWDP),,,,,20,1996,2013,15.47,11.95,14.64,14.53,0.11,-0.149,False
Baragur (A),Baragur,CHANNARAYAPATNA,Hassan,13.025,76.375,CGWB manual quarterly (NWDP),Dug well,Unconfined,10.75,,27,1996,2013,14.19,12.36,16.18,12.64,3.54,0.122,False
Basavapatna,Basavapatna,ARKALGUD,Hassan,12.60833333,76.12083333,CGWB manual quarterly (NWDP),,,,,8,1999,2013,12.38,69.15,41.15,3.01,38.14,4.108,False
Basavapatna1,Basavapatna,ARKALGUD,Hassan,12.6125,76.12083333,CGWB manual quarterly (NWDP),Dug well,Unconfined,13.74,,105,1996,2023,3.14,2.41,4.79,2.12,2.67,-0.044,False
Belur Pz,Belur Pz,BELUR,Hassan,13.16666667,75.88333333,CGWB manual quarterly (NWDP),Bore well,Semi-confined,30.0,,40,2012,2024,8.94,8.01,10.58,8.21,2.37,-0.107,False
Belur Pz_1,-,-,Hassan,13.1667,75.8833,CGWB manual quarterly (NWDP),Bore well,Semi-confined,30.0,,2,2023,2023,8.95,8.95,,9.4,,,False
Belur1,Belur,BELUR,Hassan,13.16666667,75.88333333,CGWB manual quarterly (NWDP),Bore well,Semi-confined,30.0,,108,1996,2024,4.48,4.28,5.4,3.94,1.46,-0.025,False
Bendekere,Bendekere,ARSIKERE,Hassan,13.34166667,76.225,CGWB manual quarterly (NWDP),Dug well,,12.02,,62,1996,2015,8.97,11.23,10.22,7.9,2.32,0.112,False
Bharatavally,Bharatavally,ALUR,Hassan,12.97555556,76.03166667,CGWB manual quarterly (NWDP),Bore well,Semi-confined,153.5,,14,2015,2020,23.07,16.82,23.52,21.82,1.7,-4.056,False
Biccodu A,Biccodu A,BELUR,Hassan,13.07777778,75.86361111,CGWB manual quarterly (NWDP),Dug well,Unconfined,10.0,,34,2014,2024,5.14,4.73,6.14,4.56,1.58,-0.095,False
Bichodu,Bichodu,BELUR,Hassan,13.08333333,75.8,CGWB manual quarterly (NWDP),Dug well,,10.62,,63,1996,2023,4.78,5.45,6.29,3.8,2.49,-0.203,False
Biddarthalli,Biddarthalli,HASSAN,Hassan,13.14416667,76.14138889,CGWB manual quarterly (NWDP),Dug well,,7.0,,3,2013,2013,5.32,5.32,4.28,,,,False
Bidurmalai Koppalu,Bidurmalai Koppalu,ARKALGUD,Hassan,12.76805556,76.03888889,CGWB manual quarterly (NWDP),Dug well,Unconfined,9.0,,36,2014,2024,2.46,2.43,3.81,1.71,2.1,-0.005,False
Bommanamane,-,ALUR,Hassan,13.04,75.9,CGWB manual quarterly (NWDP),,,,,2,2023,2023,54.48,54.48,49.06,,,,False
Bommanamane_1,-,-,Hassan,13.0375,75.9014,CGWB manual quarterly (NWDP),,,,,4,2023,2024,33.42,33.42,,32.89,,,False
Budaluru,Budaluru,ARKALGUD,Hassan,12.60083333,76.18444444,CGWB manual quarterly (NWDP),Dug well,Unconfined,18.0,,41,2013,2024,9.19,7.45,11.23,7.55,3.68,-0.216,False
Buvanahalli Cross,Buvanahalli Cross,HASSAN,Hassan,13.00305556,76.13416667,CGWB manual quarterly (NWDP),Dug well,,15.0,,9,2013,2015,11.23,11.23,14.25,9.16,5.09,,False
Bychanahalli,Bychanahalli,ARKALGUD,Hassan,12.76666667,76.11666667,CGWB manual quarterly (NWDP),Dug well,,20.0,,33,1996,2013,14.9,17.97,17.19,13.3,3.89,0.063,False
Chagachagere,Chagachagere,ARSIKERE,Hassan,13.10833333,76.32083333,CGWB manual quarterly (NWDP),,,,,41,1996,2013,4.61,4.48,5.13,3.82,1.31,-0.033,False
Channarayapatna,Channarayapatna,CHANNARAYAPATNA,Hassan,12.90833333,76.38333333,CGWB manual quarterly (NWDP),Bore well,Semi-confined,60.0,,80,1999,2024,18.01,16.87,22.01,13.82,8.19,0.194,False
Channarayapatna A,Channarayapatna A,CHANNARAYAPATNA,Hassan,12.9,76.38333333,CGWB manual quarterly (NWDP),Dug well,,5.0,,12,2012,2015,2.27,2.27,3.87,1.25,2.62,,False
Channarayapatna1,Channarayapatna,CHANNARAYAPATNA,Hassan,12.9,76.38333333,CGWB manual quarterly (NWDP),Dug well,,5.0,,7,1996,2013,5.83,8.66,8.66,4.75,3.91,0.094,False
Chennapura,Chennapura,HOLENARSIPUR,Hassan,12.83805556,76.19972222,CGWB manual quarterly (NWDP),Dug well,,12.0,,2,2012,2013,10.32,10.32,,9.15,,,False
Dodda Nayakanahalli,Dodda Nayakanahalli,HASSAN,Hassan,12.91222222,76.04722222,CGWB manual quarterly (NWDP),Bore well,Semi-confined,200.2,,18,2015,2024,6.26,5.97,8.16,5.34,2.82,-0.174,False
Dodda Nayakanahalli_1,-,-,Hassan,12.9122,76.0347,CGWB manual quarterly (NWDP),,,,,2,2023,2024,5.96,5.96,,4.24,,,False
Dudda,Dudda,HASSAN,Hassan,13.06666667,76.21666667,CGWB manual quarterly (NWDP),,,,,8,1996,2009,8.75,8.56,,8.09,,-0.11,False
Elleshpura,Elleshpura,HOLENARSIPUR,Hassan,12.81694444,76.20666667,CGWB manual quarterly (NWDP),Dug well,Unconfined,6.8,,36,2014,2024,1.62,1.79,1.67,1.43,0.24,0.063,False
G.N.Koppalu,G.N.Koppalu,ARSIKERE,Hassan,13.02083333,76.47972222,CGWB manual quarterly (NWDP),Dug well,Unconfined,22.0,,29,2014,2023,16.34,10.23,17.28,14.5,2.78,-1.154,False
Gadenahalli,-,-,Hassan,13.017467,76.21890278,CGWB manual quarterly (NWDP),,,,,4,2023,2024,20.84,20.84,,21.41,,,False
Gandasi,Gandasi,ARSIKERE,Hassan,13.0875,76.30833333,CGWB manual quarterly (NWDP),,,,,16,1996,2010,12.62,16.74,13.13,10.21,2.92,0.407,False
Gendehalli,Belur,BELUR,Hassan,13.20833333,75.8,CGWB manual quarterly (NWDP),Dug well,Unconfined,13.14,,43,2007,2023,5.14,10.41,6.96,3.45,3.51,0.483,False
Gopalapura,Gopalapura,MANJARABAD,Hassan,12.81444444,75.85833333,CGWB manual quarterly (NWDP),Dug well,Unconfined,8.0,,30,2013,2024,5.8,6.97,7.07,5.55,1.52,0.128,False
Gorur,Gorur,HASSAN,Hassan,12.825,76.06111111,CGWB manual quarterly (NWDP),Dug well,,6.85,,69,1996,2013,1.57,1.2,2.0,1.16,0.84,-0.041,False
Govt L V Polytechnic,Govt L V Polytechnic,HASSAN,Hassan,13.0125,76.12222222,CGWB manual quarterly (NWDP),Bore well,Semi-confined,162.0,,11,2015,2024,37.09,17.73,77.83,19.35,58.48,-1.767,False
Guddenahalli,Guddenahalli,HASSAN,Hassan,12.99166667,76.05,CGWB manual quarterly (NWDP),Dug well,,22.57,,46,1996,2017,7.15,4.74,10.55,5.33,5.22,-0.169,False
Guddenahalli A,Guddenahalli A,HASSAN,Hassan,13.0025,76.08083333,CGWB manual quarterly (NWDP),Dug well,Unconfined,30.0,,16,2015,2023,6.24,7.26,10.52,3.5,7.02,-0.173,False
Gulsinda,Gulsinda,CHANNARAYAPATNA,Hassan,12.94388889,76.38861111,CGWB manual quarterly (NWDP),Dug well,Unconfined,6.5,,36,2013,2023,4.15,3.12,5.23,2.9,2.33,-0.137,False
Hadlegere,Hadlegere,BELUR,Hassan,13.12444444,75.905,CGWB manual quarterly (NWDP),Bore well,Semi-confined,177.8,,13,2015,2023,17.82,8.98,17.43,17.29,0.14,-1.648,False
Hagare,Hagare,BELUR,Hassan,13.13638889,75.96944444,CGWB manual quarterly (NWDP),Dug well,Unconfined,12.0,,42,2012,2024,5.18,4.21,6.02,4.59,1.43,-0.215,False
Hale Kote,Hale Kote,HOLENARSIPUR,Hassan,12.84805556,76.17777778,CGWB manual quarterly (NWDP),Dug well,Unconfined,12.0,,34,2015,2024,5.9,5.57,6.76,5.03,1.73,-0.088,False
Halebeedu,Halebeedu,BELUR,Hassan,13.21666667,75.98333333,CGWB manual quarterly (NWDP),Dug well,Unconfined,14.37,,95,1996,2024,7.0,6.59,8.07,5.56,2.51,0.183,False
Hanumanthapura,Hanumanthapura,HASSAN,Hassan,12.95,76.1,CGWB manual quarterly (NWDP),,,,,42,1996,2007,22.23,19.53,24.11,21.24,2.87,-0.419,False
Haragowdanahlli,Maragowdanahlli,HOLENARSIPUR,Hassan,12.96972222,76.18111111,CGWB manual quarterly (NWDP),Dug well,,18.0,,18,2015,2019,4.27,4.56,5.81,2.87,2.94,,False
Harihalli,Harihalli,ALUR,Hassan,12.84083333,75.85583333,CGWB manual quarterly (NWDP),Dug well,Unconfined,18.0,,38,2013,2024,12.27,11.27,15.2,11.06,4.14,-0.284,False
Harlahalli,Harlahalli,CHANNARAYAPATNA,Hassan,12.95888889,76.38694444,CGWB manual quarterly (NWDP),Dug well,,11.0,,11,2015,2024,13.14,7.24,29.8,9.6,20.2,-1.075,False
Harlakudi,Harlakudi,MANJARABAD,Hassan,12.95666667,75.74277778,CGWB manual quarterly (NWDP),Dug well,Unconfined,14.5,,38,2013,2024,8.35,7.45,10.27,7.83,2.44,-0.098,False
Harnahalli,Harnahalli,ARSIKERE,Hassan,13.24166667,76.23333333,CGWB manual quarterly (NWDP),Dug well,Unconfined,16.66,,97,1996,2024,10.17,4.91,11.63,8.35,3.28,0.036,False
Hassan,Hassan,HASSAN,Hassan,13.0,76.1,CGWB manual quarterly (NWDP),Bore well,,60.0,,80,1999,2024,18.22,15.39,19.88,16.79,3.09,0.222,False
Hassan_1,-,-,Hassan,13.0,76.1,CGWB manual quarterly (NWDP),Bore well,,60.0,,3,2023,2024,12.57,12.57,,8.92,,,False
Hennali,Hennali,MANJARABAD,Hassan,12.83111111,75.83388889,CGWB manual quarterly (NWDP),Dug well,Unconfined,7.0,,36,2013,2024,4.22,4.32,5.66,3.72,1.94,0.019,False
Hethakondanahalli,Hethakondanahalli,ARKALGUD,Hassan,12.77194444,76.14555556,CGWB manual quarterly (NWDP),Dug well,Unconfined,15.0,,39,2013,2024,9.53,8.47,11.0,8.58,2.42,-0.262,False
Hirehalli Koppalu,Hirehalli Koppalu,HOLENARSIPUR,Hassan,12.78055556,76.19972222,CGWB manual quarterly (NWDP),Dug well,Unconfined,10.0,,42,2012,2024,2.57,3.54,2.55,1.88,0.67,0.199,False
Hirisave,Hirisave,CHANNARAYAPATNA,Hassan,12.94583333,76.575,CGWB manual quarterly (NWDP),,,,,45,1996,2016,11.61,11.42,12.17,11.13,1.04,0.047,False
Holenarsipur,Holenarsipur,HOLENARSIPUR,Hassan,12.79166667,76.25833333,CGWB manual quarterly (NWDP),Dug well,Unconfined,14.73,,79,1996,2024,3.26,1.61,3.13,2.81,0.32,-0.273,False
Holenarsipura_1,-,-,Hassan,12.779103,76.24645556,CGWB manual quarterly (NWDP),,,,,3,2023,2024,5.9,5.9,,5.49,,,False
Honnavara,Honnavara,HASSAN,Hassan,13.125,76.17805556,CGWB manual quarterly (NWDP),Dug well,Unconfined,12.3,,21,2013,2019,11.55,11.55,11.55,11.55,0.0,0.002,False
Hosapalya,Palya,ALUR,Hassan,12.93333333,75.95,CGWB manual quarterly (NWDP),Dug well,Unconfined,14.42,,90,1996,2024,7.78,6.26,11.25,6.03,5.22,0.035,False
Hulikal,Hulikal,ARKALGUD,Hassan,12.69833333,76.04305556,CGWB manual quarterly (NWDP),Dug well,Unconfined,9.0,,38,2013,2024,1.14,1.15,1.05,0.84,0.21,-0.024,False
Hullahally,Hullahally,MANJARABAD,Hassan,12.90361111,75.75277778,CGWB manual quarterly (NWDP),Dug well,Unconfined,13.0,,41,2012,2024,8.84,8.79,10.62,8.42,2.2,-0.015,False
Inchanahalli,Inchanahalli,HOLENARSIPUR,Hassan,12.75166667,76.22888889,CGWB manual quarterly (NWDP),Dug well,Unconfined,10.0,,31,2015,2024,4.3,2.6,5.31,3.38,1.93,-0.484,False
J.C.Pura,J.C.Pura,ARSIKERE,Hassan,13.41638889,76.35055556,CGWB manual quarterly (NWDP),Dug well,Unconfined,13.0,,40,2012,2024,5.18,2.83,5.44,4.52,0.92,-0.467,False
Jambur,Jambur,CHANNARAYAPATNA,Hassan,13.01666667,76.48333333,CGWB manual quarterly (NWDP),Dug well,,11.0,,52,1996,2013,6.51,7.54,7.42,5.27,2.15,0.352,False
Janivara,Janivara,CHANNARAYAPATNA,Hassan,12.88333333,76.41666667,CGWB manual quarterly (NWDP),Dug well,,17.0,,81,1996,2016,5.81,8.73,7.38,4.34,3.04,0.224,False
Javagal,Javagal,ARSIKERE,Hassan,13.3,76.05833333,CGWB manual quarterly (NWDP),,,,,6,1999,2013,14.88,39.27,39.27,6.83,32.44,1.486,False
Javagal1,Javagal,ARSIKERE,Hassan,13.3,76.05416667,CGWB manual quarterly (NWDP),,,,,53,1996,2013,7.51,8.34,8.45,6.73,1.72,0.203,False
K.Mallenahalli,K.Mallenahalli,CHANNARAYAPATNA,Hassan,13.03472222,76.33555556,CGWB manual quarterly (NWDP),Dug well,Unconfined,20.0,,40,2012,2024,12.49,7.73,13.76,11.4,2.36,-0.891,False
Kallenahalli,Kallenahalli,HASSAN,Hassan,12.87555556,76.43694444,CGWB manual quarterly (NWDP),Dug well,Unconfined,18.29,,32,2015,2024,6.49,4.45,9.92,3.79,6.13,-0.602,False
Kanathur,Kanathur,ALUR,Hassan,13.01666667,75.93333333,CGWB manual quarterly (NWDP),Dug well,Unconfined,12.35,,61,2007,2024,3.69,5.11,4.92,2.62,2.3,0.119,False
Kaniyar,Kaniyar,ARKALGUD,Hassan,12.69972222,76.06444444,CGWB manual quarterly (NWDP),Dug well,Unconfined,15.0,,32,2015,2024,7.62,7.19,7.35,6.8,0.55,-0.055,False
Kankatte,Kanakatte,ARSIKERE,Hassan,13.48333333,76.28333333,CGWB manual quarterly (NWDP),Dug well,Unconfined,11.91,,49,2009,2024,5.83,2.66,5.64,5.62,0.02,0.112,False
Kattaya,Kattaya,HASSAN,Hassan,12.89166667,76.07916667,CGWB manual quarterly (NWDP),Dug well,Unconfined,16.5,,103,1996,2024,9.99,9.11,11.87,8.74,3.13,-0.04,False
Kelagadale,Kelagadale,MANJARABAD,Hassan,12.96888889,75.82916667,CGWB manual quarterly (NWDP),Dug well,Unconfined,11.0,,41,2012,2024,5.31,6.72,7.38,4.19,3.19,0.208,False
Kenchammana Hoskote,Kenchammana Hoskote,ALUR,Hassan,12.85833333,75.85833333,CGWB manual quarterly (NWDP),Dug well,Unconfined,14.5,,41,2012,2024,8.7,8.4,12.05,8.24,3.81,-0.009,False
Keralapura,Keralapura,ARKALGUD,Hassan,12.58166667,76.17444444,CGWB manual quarterly (NWDP),Dug well,Unconfined,13.0,,40,2013,2024,8.87,8.82,10.44,7.46,2.98,-0.087,False
Kittane,-,-,Hassan,12.918583,76.12158333,CGWB manual quarterly (NWDP),,,,,4,2023,2024,5.43,5.43,,3.51,,,False
Konanur,Konanur,ARKALGUD,Hassan,12.61666667,76.08333333,CGWB manual quarterly (NWDP),Dug well,,18.06,,43,2007,2024,6.97,3.23,9.72,5.9,3.82,-0.1,False
Konanur A,-,ARKALGUD,Hassan,12.63,76.04944444,CGWB manual quarterly (NWDP),Dug well,Unconfined,30.48,,8,2018,2022,3.01,2.65,2.7,2.94,-0.24,,False
Konanur_2,-,-,Hassan,12.608108,76.02132222,CGWB manual quarterly (NWDP),,,,,4,2023,2024,6.09,6.09,,5.3,,,False
Kunigal,Kunigal,MANJARABAD,Hassan,12.88027778,75.76666667,CGWB manual quarterly (NWDP),Dug well,Unconfined,6.0,,41,2013,2024,2.71,2.75,3.51,2.56,0.95,0.015,False
Kuppalli,Kuppalli,HASSAN,Hassan,13.04944444,76.3475,CGWB manual quarterly (NWDP),Dug well,Unconfined,25.0,,31,2015,2024,8.46,6.42,13.11,5.36,7.75,-0.766,False
Kuppe,Kuppe,HOLENARSIPUR,Hassan,12.65833333,76.1875,CGWB manual quarterly (NWDP),Dug well,Unconfined,13.56,,104,1996,2024,6.91,8.14,8.51,5.3,3.21,0.095,False
Lakkamanahalli,Lakkamanahalli,ALUR,Hassan,13.02777778,75.89583333,CGWB manual quarterly (NWDP),Dug well,Unconfined,20.12,,40,2012,2024,9.95,7.34,12.67,9.77,2.9,-0.292,False
Mallenahalli,Mallenahalli,CHANNARAYAPATNA,Hassan,12.89444444,76.51583333,CGWB manual quarterly (NWDP),Dug well,Unconfined,13.0,,39,2012,2024,9.45,8.69,10.26,8.83,1.43,-0.148,False
Matchegowdanahalli,Matchegowdanahalli,ARKALGUD,Hassan,12.75361111,76.06916667,CGWB manual quarterly (NWDP),Dug well,Unconfined,16.0,,25,2014,2021,5.96,6.21,6.24,6.63,-0.39,0.639,False
Mosale Hosahalli,-,-,Hassan,12.894028,76.16355556,CGWB manual quarterly (NWDP),,,,,3,2023,2024,8.39,8.39,,,,,False
Mudalahippe,Mudalahippe,HOLENARSIPUR,Hassan,12.81388889,76.21388889,CGWB manual quarterly (NWDP),Dug well,Unconfined,6.37,,107,1996,2024,1.8,1.53,2.32,1.49,0.83,-0.027,False
Mududi,Mududi,ARSIKERE,Hassan,13.19222222,76.18777778,CGWB manual quarterly (NWDP),Dug well,Unconfined,21.0,,40,2012,2024,6.65,4.09,10.34,5.66,4.68,-0.535,False
Mula Hosahalli,Mula Hosahalli,ARKALGUD,Hassan,12.61277778,76.10972222,CGWB manual quarterly (NWDP),Dug well,,10.0,,33,2013,2024,2.63,1.81,5.0,1.67,3.33,-0.13,False
Mula hosahalli_1,-,-,Hassan,12.61,76.1,CGWB manual quarterly (NWDP),,,,,4,2023,2024,5.58,5.58,4.6,9.79,-5.19,,False
Navile,Navile,CHANNARAYAPATNA,Hassan,13.09444444,76.475,CGWB manual quarterly (NWDP),Dug well,Unconfined,11.45,,63,2007,2024,4.32,3.99,5.01,3.62,1.39,0.03,False
Navile,Navile,ARSIKERE,Hassan,13.1,76.35833333,CGWB manual quarterly (NWDP),Bore well,,40.0,,6,2000,2019,13.77,4.36,28.86,4.98,23.88,0.219,False
Naymanahalli,Naymanahalli,HASSAN,Hassan,12.85888889,76.1625,CGWB manual quarterly (NWDP),Dug well,Unconfined,5.0,,36,2014,2024,1.75,1.58,1.69,1.57,0.12,-0.009,False
Nilavagilu,Nilavagilu,ARKALGUD,Hassan,12.675,76.09166667,CGWB manual quarterly (NWDP),Dug well,,21.14,,82,1996,2019,4.51,3.34,8.67,2.08,6.59,-0.09,False
Nuggehalli,Nuggehalli,CHANNARAYAPATNA,Hassan,13.01138889,76.47583333,CGWB manual quarterly (NWDP),Dug well,Unconfined,15.0,,39,2012,2024,2.57,2.68,3.43,1.79,1.64,0.054,False
Parsanahalli,Parsanahalli,HASSAN,Hassan,12.92805556,76.05694444,CGWB manual quarterly (NWDP),Dug well,Unconfined,13.0,,40,2013,2024,2.27,1.86,3.22,1.62,1.6,-0.12,False
Ramanathapura,Ramanathapura,ARKALGUD,Hassan,12.61055556,76.08805556,CGWB manual quarterly (NWDP),Dug well,Unconfined,8.0,,29,2013,2024,1.72,3.19,3.02,0.9,2.12,0.209,False
Ramanathapura A,-,ARKALGUD,Hassan,12.61805556,76.08222222,CGWB manual quarterly (NWDP),Dug well,Unconfined,33.53,,8,2018,2022,3.15,2.79,2.02,1.45,0.57,,False
Rameshwaranagar,Rameshwaranagar,HASSAN,Hassan,13.03333333,76.16666667,CGWB manual quarterly (NWDP),Dug well,Unconfined,20.6,,41,2012,2024,4.76,1.57,6.07,3.88,2.19,-0.569,False
Sakaleshpura,Sakaleshpura,MANJARABAD,Hassan,12.95,75.78333333,CGWB manual quarterly (NWDP),Dug well,Unconfined,10.1,,42,2012,2024,5.16,4.64,5.92,5.39,0.53,-0.035,False
Salagame,Salagame,HASSAN,Hassan,13.06666667,76.1,CGWB manual quarterly (NWDP),,,,,20,1996,2013,5.85,6.98,6.78,5.45,1.33,0.063,False
Settihalli,Settihalli,HASSAN,Hassan,12.86666667,76.03333333,CGWB manual quarterly (NWDP),Dug well,Unconfined,18.0,,63,2007,2024,3.72,3.52,6.86,2.44,4.42,0.073,False
Shanthigrama,Shanthigrama,HASSAN,Hassan,12.98888889,76.225,CGWB manual quarterly (NWDP),Dug well,Unconfined,11.15,,100,1996,2024,5.15,7.13,5.49,4.32,1.17,0.084,False
Shenkaranahalli,Shenkaranahalli,HASSAN,Hassan,12.94472222,76.06388889,CGWB manual quarterly (NWDP),Dug well,Unconfined,24.0,,39,2013,2024,3.44,3.25,4.23,3.04,1.19,-0.022,False
Sheradanahally,Sheradanahally,ARKALGUD,Hassan,12.60944444,76.10055556,CGWB manual quarterly (NWDP),Dug well,Unconfined,15.15,,42,2012,2024,5.07,5.25,6.97,4.35,2.62,0.1,False
Shirdanahalli,Shirdanahalli,ARKALGUD,Hassan,12.75583333,75.96916667,CGWB manual quarterly (NWDP),Dug well,Unconfined,13.0,,39,2013,2024,6.03,5.47,8.51,4.66,3.85,-0.105,False
Shravan belgola,Shravan belgola,CHANNARAYAPATNA,Hassan,12.85555556,76.4875,CGWB manual quarterly (NWDP),Dug well,Unconfined,9.0,,106,1996,2024,3.38,2.58,4.43,2.28,2.15,-0.103,False
Singapurpet,Singapurpet,BELUR,Hassan,13.18888889,75.7875,CGWB manual quarterly (NWDP),Dug well,Unconfined,13.0,,40,2012,2024,9.08,8.4,10.41,8.16,2.25,-0.083,False
Somenahalli,Somenahalli,HASSAN,Hassan,13.08944444,76.12277778,CGWB manual quarterly (NWDP),Bore well,Semi-confined,177.28,,17,2016,2024,46.34,35.46,49.28,46.07,3.21,-2.898,False
Somenahalli_1,-,-,Hassan,13.0894,76.1172,CGWB manual quarterly (NWDP),,,,,1,2023,2023,43.44,43.44,,43.44,,,False
Srinivasapura,Srinivasapura,CHANNARAYAPATNA,Hassan,12.84722222,76.35416667,CGWB manual quarterly (NWDP),Dug well,Unconfined,15.0,,42,2012,2024,7.92,8.42,10.83,6.24,4.59,0.164,False
Sukvarsanthe,Sukvarsanthe,MANJARABAD,Hassan,12.8625,75.80555556,CGWB manual quarterly (NWDP),Dug well,Unconfined,11.6,,42,2012,2024,7.63,7.76,9.62,7.09,2.53,0.016,False
Tattekere,-,-,Hassan,12.801694,76.27185278,CGWB manual quarterly (NWDP),,,,,4,2023,2024,18.33,18.33,,19.37,,,False
Undiganalu,Undiganalu,ARSIKERE,Hassan,13.25833333,76.125,CGWB manual quarterly (NWDP),Dug well,,11.75,,56,1996,2015,6.88,11.0,7.55,6.63,0.92,0.329,False
Vaddarahalli,Voddarahalli,ARKALGUD,Hassan,12.80555556,76.06111111,CGWB manual quarterly (NWDP),Dug well,Unconfined,13.32,,98,1996,2024,4.47,2.35,6.61,3.33,3.28,-0.07,False
Vijapura Ist Colony,Vijapura Ist Colony,ARKALGUD,Hassan,12.77222222,76.01111111,CGWB manual quarterly (NWDP),Dug well,Unconfined,19.0,,23,2013,2022,10.63,10.21,14.5,8.48,6.02,0.396,False
Yachgondanahally,Yachgondanahally,ARSIKERE,Hassan,13.49222222,76.34472222,CGWB manual quarterly (NWDP),Dug well,Unconfined,9.15,,30,2015,2024,5.18,2.85,5.18,3.82,1.36,-0.564,False
Akki Alur,Akki Alur,HANGAL,Haveri,14.6,75.27583333,CGWB manual quarterly (NWDP),Dug well,Unconfined,12.3,,42,2013,2024,5.77,4.28,9.92,3.59,6.33,-0.216,False
Bennikoppa,Bennikoppa,HANGAL,Haveri,14.76666667,75.13333333,CGWB manual quarterly (NWDP),Dug well,Unconfined,11.0,,40,1996,2013,9.78,13.35,13.48,7.89,5.59,0.279,False
Bislahalli,Bislahalli,BYADGI,Haveri,14.60333333,75.48833333,CGWB manual quarterly (NWDP),Dug well,,10.8,,7,2013,2015,10.44,10.44,9.8,10.6,-0.8,,False
Bujrug Konankeri,Bujrug Konankeri,HAVERI,Haveri,14.85,75.41666667,CGWB manual quarterly (NWDP),,,,,6,1996,2005,10.59,7.78,,11.41,,-0.875,False
Chalageri,Chalageri,RANIBENNUR,Haveri,14.55833333,75.75416667,CGWB manual quarterly (NWDP),,,,,36,1996,2013,9.76,9.9,11.62,8.31,3.31,0.062,False
Chikkerur,Chikkerur,HIREKERUR,Haveri,14.51666667,75.3,CGWB manual quarterly (NWDP),,,,,17,2007,2013,12.51,10.07,17.73,10.09,7.64,-0.394,False
Dhundshi,Dhundshi,BYADGI,Haveri,14.7,75.5,CGWB manual quarterly (NWDP),Dug well,Unconfined,13.5,,64,2005,2024,8.02,6.1,11.25,6.87,4.38,-0.028,False
Girigakoppa,Girigakoppa,HANGAL,Haveri,14.74,75.13333333,CGWB manual quarterly (NWDP),Dug well,Unconfined,15.0,,41,2013,2024,4.36,3.5,7.04,3.03,4.01,-0.007,False
Guddadchannapur,Guddadchannapur,HANGAL,Haveri,14.81944444,75.16027778,CGWB manual quarterly (NWDP),Dug well,,19.5,,45,1996,2024,9.63,5.6,13.61,8.47,5.14,-0.104,False
Gudde Hosahalli,Gudde Hosahalli,RANIBENNUR,Haveri,14.60527778,75.49,CGWB manual quarterly (NWDP),Dug well,,13.3,,17,2013,2023,14.67,11.5,13.78,15.3,-1.52,-0.355,False
Gudde Mallapura,Gudde Mallapura,HIREKERUR,Haveri,14.6,75.27583333,CGWB manual quarterly (NWDP),Dug well,Unconfined,12.3,,39,2013,2024,5.29,2.81,8.92,3.77,5.15,-0.34,False
HAnsbhavi,Hansbhavi,HIREKERUR,Haveri,14.575,75.375,CGWB manual quarterly (NWDP),Dug well,,15.44,,35,2006,2017,11.53,12.89,14.3,9.16,5.14,0.348,False
Halgeri,Halgeri,RANIBENNUR,Haveri,14.5675,75.49972222,CGWB manual quarterly (NWDP),Dug well,Unconfined,9.6,,39,2013,2024,4.73,3.54,7.72,2.44,5.28,-0.155,False
Hangal A,Hangal A,HANGAL,Haveri,14.76666667,75.13333333,CGWB manual quarterly (NWDP),Dug well,Unconfined,11.0,,44,2012,2024,2.01,1.94,1.77,1.36,0.41,0.091,False
Hangal Pz,Hangal Pz,HANGAL,Haveri,14.76666667,75.13472222,CGWB manual quarterly (NWDP),Bore well,,70.0,,19,2007,2016,7.18,6.15,11.67,4.66,7.01,-0.49,False
Hangal1,Hangal,HANGAL,Haveri,14.7,75.1,CGWB manual quarterly (NWDP),Dug well,Unconfined,16.26,,37,1996,2007,11.79,15.04,13.08,11.02,2.06,0.625,False
Hansbhavi,Hansbhavi,HIREKERUR,Haveri,14.56944444,75.37083333,CGWB manual quarterly (NWDP),Bore well,,64.0,,10,1998,2013,20.57,63.3,40.25,6.88,33.37,3.377,False
Hanumakoppa,Hanumakoppa,HANGAL,Haveri,14.7,75.1,CGWB manual quarterly (NWDP),Dug well,Unconfined,16.26,,44,2012,2024,10.03,9.06,12.57,9.98,2.59,-0.221,False
Harlkoppa,Harlkoppa,HIREKERUR,Haveri,14.33333333,75.5125,CGWB manual quarterly (NWDP),Dug well,Unconfined,11.5,,19,1996,2001,15.34,14.94,20.4,11.8,8.6,-0.858,False
Havanur,Havanur,HIREKERUR,Haveri,14.38333333,75.4625,CGWB manual quarterly (NWDP),Dug well,,16.6,,49,1996,2014,7.72,4.3,6.96,7.42,-0.46,-0.526,False
Haveri,Haveri,HAVERI,Haveri,14.825,75.51944444,CGWB manual quarterly (NWDP),Dug well,,9.64,,5,2000,2013,2.42,0.9,,3.38,,,False
Hirekerur,Hirekerur,SHIGGAON,Haveri,15.05,75.24166667,CGWB manual quarterly (NWDP),Dug well,,9.68,,21,1996,2024,6.36,8.5,6.93,5.98,0.95,-0.041,False
Hirekerur (A),Hirekerur (A),HIREKERUR,Haveri,14.45,75.41666667,CGWB manual quarterly (NWDP),Dug well,Unconfined,15.0,,61,2004,2024,3.92,2.31,6.32,2.91,3.41,-0.031,False
Hosa Huli Halli,Hosa Huli Halli,RANIBENNUR,Haveri,14.51638889,75.74722222,CGWB manual quarterly (NWDP),Dug well,Unconfined,13.1,,38,2013,2024,11.5,7.4,12.62,10.44,2.18,-0.836,False
Hosakatti,-,-,Haveri,14.343,75.5114,CGWB manual quarterly (NWDP),,,,,1,2024,2024,1.83,1.83,,,,,False
Hosaritti,Hosaritti,HAVERI,Haveri,14.89166667,75.575,CGWB manual quarterly (NWDP),Bore well,Semi-confined,60.0,,75,1998,2024,15.6,15.62,24.06,11.62,12.44,0.09,False
Hosaritti_1,-,-,Haveri,14.8917,75.5675,CGWB manual quarterly (NWDP),,,,,2,2023,2023,19.97,19.97,,15.97,,,False
Hosur,Hosur,SHIGGAON,Haveri,15.00694444,75.14194444,CGWB manual quarterly (NWDP),Dug well,Unconfined,7.2,,35,2014,2024,1.94,1.36,3.47,1.25,2.22,-0.179,False
Hulgur,Hulgur,HANGAL,Haveri,14.63333333,75.22083333,CGWB manual quarterly (NWDP),Dug well,Unconfined,19.3,,77,1996,2024,10.71,3.32,14.08,9.24,4.84,-0.029,False
Hullatti,-,-,Haveri,14.4761,75.4871,CGWB manual quarterly (NWDP),,,,,1,2024,2024,3.27,3.27,,,,,False
Jangamaakop,Jangamaakop,HAVERI,Haveri,14.86666667,75.69166667,CGWB manual quarterly (NWDP),,,,,34,1996,2005,8.54,9.03,9.36,7.61,1.75,0.062,False
Kadur,Kadur,BYADGI,Haveri,14.5675,75.49972222,CGWB manual quarterly (NWDP),Dug well,Unconfined,9.6,,5,2013,2017,10.31,10.38,10.85,,,,False
Kadur A,Kadur A,BYADGI,Haveri,14.40944444,75.55416667,CGWB manual quarterly (NWDP),Dug well,,14.0,,1,2015,2015,9.65,9.65,,9.65,,,False
Kalkatti,Kalkatti,HANGAL,Haveri,14.72861111,75.16138889,CGWB manual quarterly (NWDP),Dug well,Unconfined,14.0,,43,2013,2024,4.64,4.73,6.4,3.56,2.84,-0.063,False
Kod,Kod,RANIBENNUR,Haveri,14.57111111,75.73333333,CGWB manual quarterly (NWDP),Dug well,,21.0,,3,2013,2016,10.61,12.61,14.2,,,,False
Kod1,Kod,HIREKERUR,Haveri,14.37916667,75.45,CGWB manual quarterly (NWDP),Dug well,Unconfined,30.0,,67,1996,2021,12.03,10.36,17.91,8.02,9.89,0.072,False
Konankeri,Konankeri,SHIGGAON,Haveri,14.92916667,75.14166667,CGWB manual quarterly (NWDP),,,,,26,2006,2013,10.25,10.91,12.04,9.06,2.98,0.425,False
Kunnur_1,-,SHIGGAON,Haveri,15.04,75.1,CGWB manual quarterly (NWDP),,,,,5,2023,2024,2.95,2.95,3.3,2.75,0.55,,False
Kuppelur,Kuppelur,SHIGGAON,Haveri,14.9625,75.14166667,CGWB manual quarterly (NWDP),Dug well,Unconfined,13.3,,99,1996,2024,7.64,6.06,8.74,7.25,1.49,-0.105,False
Lingedevarakoppa,Lingedevarakoppa,HIREKERUR,Haveri,14.53333333,75.50972222,CGWB manual quarterly (NWDP),,,,,12,1998,2013,21.0,79.3,40.43,13.88,26.55,3.569,False
Maharajpeth,Maharajpeth,HAVERI,Haveri,14.86666667,75.43333333,CGWB manual quarterly (NWDP),,,,,10,1996,2001,9.33,8.62,10.02,7.2,2.82,-0.921,False
Makanur,Makanur,RANIBENNUR,Haveri,14.51638889,75.74722222,CGWB manual quarterly (NWDP),Dug well,Unconfined,13.1,,40,2013,2024,6.3,6.59,7.04,4.82,2.22,0.161,False
Makarvalli,Makarvalli,HIREKERUR,Haveri,14.51666667,75.45833333,CGWB manual quarterly (NWDP),,,,,28,1997,2011,14.57,13.0,15.51,11.89,3.62,-0.007,False
Mallanayakanahalli,Mallanayakanahalli,RANIBENNUR,Haveri,14.50222222,75.62555556,CGWB manual quarterly (NWDP),Dug well,Unconfined,10.0,,40,2013,2024,3.15,2.88,4.61,2.35,2.26,0.024,False
Masur,Masur,HIREKERUR,Haveri,14.38333333,75.4625,CGWB manual quarterly (NWDP),Dug well,,16.6,,30,2012,2024,7.57,7.23,9.05,6.07,2.98,-0.039,False
Masur,Masur,SHIGGAON,Haveri,14.91666667,75.25,CGWB manual quarterly (NWDP),Dug well,,14.6,,70,1996,2022,12.19,9.77,14.27,10.4,3.87,0.062,False
Masur1,Masur,SAVANUR,Haveri,14.99166667,75.50833333,CGWB manual quarterly (NWDP),,,,,28,1996,2008,6.43,9.29,7.62,5.88,1.74,0.193,False
Motebennur,Motebennur,BYADGI,Haveri,14.71666667,75.46666667,CGWB manual quarterly (NWDP),Bore well,Semi-confined,90.0,,77,1998,2024,22.87,8.53,26.13,20.24,5.89,-0.657,False
Motebennur_2,-,-,Haveri,14.7167,75.4667,CGWB manual quarterly (NWDP),Bore well,Semi-confined,90.0,,1,2023,2023,12.2,12.2,,12.2,,,False
Nitiginal Koppa,Nitiginal Koppa,HANGAL,Haveri,14.72861111,75.16111111,CGWB manual quarterly (NWDP),Dug well,Unconfined,19.0,,38,2013,2024,12.58,8.89,16.27,10.68,5.59,-0.67,False
Ranibennur,Ranibennur,RANIBENNUR,Haveri,14.56666667,75.56666667,CGWB manual quarterly (NWDP),Dug well,Unconfined,30.0,,32,1996,2022,10.16,3.59,10.31,10.08,0.23,-0.258,False
Ranibennur A,Ranibennur A,RANIBENNUR,Haveri,14.56666667,75.56666667,CGWB manual quarterly (NWDP),Dug well,Unconfined,30.0,,37,2012,2022,4.47,3.2,6.16,3.26,2.9,-0.138,False
Rattihalli,Rattihalli,HIREKERUR,Haveri,14.33333333,75.5125,CGWB manual quarterly (NWDP),Dug well,Unconfined,11.5,,26,2012,2021,10.38,10.04,11.0,9.84,1.16,-0.081,False
Rattihalli SG PZ,Rattihalli SG PZ,SHIGGAON,Haveri,15.11666667,75.11666667,CGWB manual quarterly (NWDP),Dug well,Unconfined,12.0,,38,1996,2005,3.26,4.2,5.06,2.2,2.86,0.215,False
Satenahalli,Satenahalli,HIREKERUR,Haveri,14.57305556,75.31416667,CGWB manual quarterly (NWDP),Dug well,Unconfined,12.45,,42,2013,2024,3.21,2.22,5.53,2.27,3.26,-0.187,False
Shadukupee,Shadukupee,HANGAL,Haveri,14.675,75.18944444,CGWB manual quarterly (NWDP),Dug well,Unconfined,15.0,,34,2014,2024,7.67,6.14,10.74,6.5,4.24,-0.278,False
Shiggaon,Shiggaon,SHIGGAON,Haveri,14.98333333,75.22916667,CGWB manual quarterly (NWDP),Bore well,Semi-confined,60.0,,73,1998,2020,8.3,6.01,11.42,6.11,5.31,-0.45,False
Shiggaon1,Shiggaon,HANGAL,Haveri,14.66666667,75.13333333,CGWB manual quarterly (NWDP),Dug well,Unconfined,13.8,,73,1996,2021,7.09,5.25,9.28,5.98,3.3,-0.215,False
Sunakalbidari,Sunakalbidari,RANIBENNUR,Haveri,14.41666667,75.60833333,CGWB manual quarterly (NWDP),Dug well,Unconfined,16.0,,68,1996,2024,10.31,3.88,11.62,9.51,2.11,-0.247,False
Tadas,Tadas,BYADGI,Haveri,14.60833333,75.31666667,CGWB manual quarterly (NWDP),Dug well,,21.36,,45,1996,2024,11.03,2.4,13.32,9.49,3.83,-0.447,False
Tadas A,Tadas A,SHIGGAON,Haveri,15.11666667,75.11666667,CGWB manual quarterly (NWDP),Dug well,Unconfined,12.0,,38,2012,2024,2.52,1.97,5.1,1.48,3.62,-0.101,False
Thumarikoppa,Thumarikoppa,RANIBENNUR,Haveri,14.61666667,75.61666667,CGWB manual quarterly (NWDP),Dug well,,14.57,,66,1996,2015,4.67,2.56,6.62,3.5,3.12,-0.319,False
Tilavalli,Tilavalli,HIREKERUR,Haveri,14.45,75.41666667,CGWB manual quarterly (NWDP),Dug well,Unconfined,15.0,,32,2012,2024,10.57,7.42,16.3,8.01,8.29,-0.374,False
Tumminkatti,Tumminakatti,SHIGGAON,Haveri,15.01666667,75.23333333,CGWB manual quarterly (NWDP),Dug well,Unconfined,16.63,,98,1996,2024,7.53,5.04,11.08,5.13,5.95,-0.198,False
Vadarayanahalli,Wadarahalli,SHIGGAON,Haveri,15.08333333,75.29166667,CGWB manual quarterly (NWDP),Dug well,Unconfined,20.12,,87,1996,2024,10.53,3.66,14.39,8.41,5.98,-0.378,False
Varadahalli,Varadahalli,HAVERI,Haveri,14.83611111,75.63055556,CGWB manual quarterly (NWDP),,,,,20,1996,2013,14.62,8.45,12.57,17.14,-4.57,-1.474,False
Afzalpur1,Afzalpur,AFZALPUR,Kalaburagi,17.2,76.35833333,CGWB manual quarterly (NWDP),Dug well,Unconfined,14.9,0.02,107,1996,2024,4.29,5.29,6.98,2.64,4.34,-0.033,False
Ainapur1,Ainapur,CHINCHOLI,Kalaburagi,17.60833333,77.225,CGWB manual quarterly (NWDP),Dug well,Unconfined,9.0,0.02,103,1996,2024,3.86,4.55,5.35,3.04,2.31,0.012,False
Aland1,Aland,ALAND,Kalaburagi,17.5625,76.56666667,CGWB manual quarterly (NWDP),,,,,24,1996,2003,5.29,4.85,7.07,3.6,3.47,-0.236,False
Alur2,Alur,Yadrami,Kalaburagi,16.88611111,76.62222222,CGWB manual quarterly (NWDP),Dug well,Unconfined,13.25,0.023,106,1996,2024,6.39,4.83,8.39,5.05,3.34,0.094,False
Arjunagi,Arjunagi,AFZALPUR,Kalaburagi,17.37,76.42,CGWB manual quarterly (NWDP),,,,,4,2023,2023,24.7,24.7,16.65,49.9,-33.25,,False
Arjunagi_1,-,-,Kalaburagi,17.3656,76.4181,CGWB manual quarterly (NWDP),,,,,1,2024,2024,13.07,13.07,,,,,False
Atnur,Atnoor,AFZALPUR,Kalaburagi,17.24166667,76.49166667,CGWB manual quarterly (NWDP),Dug well,,12.95,,52,1996,2019,8.08,9.16,9.67,6.74,2.93,0.051,False
B.R.Gudi_1,-,-,Kalaburagi,16.7222,76.7028,CGWB manual quarterly (NWDP),Bore well,Semi-confined,31.5,,1,2024,2024,3.47,3.47,,,,,False
B.R.gudi,B.R.gudi,SHAHPUR,Kalaburagi,16.72222222,76.70277778,CGWB manual quarterly (NWDP),Bore well,Semi-confined,31.5,,82,1998,2024,1.79,1.65,4.13,0.56,3.57,0.023,False
Bandanwad,Banderwad,AFZALPUR,Kalaburagi,17.16666667,76.59166667,CGWB manual quarterly (NWDP),,,,,34,1996,2008,7.33,7.12,9.19,6.24,2.95,0.165,False
Battarga,Hithal Sirur,ALAND,Kalaburagi,17.38333333,76.5625,CGWB manual quarterly (NWDP),Dug well,Unconfined,16.25,0.02,105,1996,2024,6.24,4.79,7.85,5.11,2.74,-0.044,False
Belamagi,Belamagi,ALAND,Kalaburagi,17.64083333,76.74472222,CGWB manual quarterly (NWDP),Dug well,Unconfined,13.5,,39,2013,2024,5.6,4.78,8.59,4.26,4.33,-0.243,False
Bhushnur,Bhusnoor,ALAND,Kalaburagi,17.46666667,76.51666667,CGWB manual quarterly (NWDP),,,,,38,1996,2006,3.86,5.45,5.32,2.73,2.59,-0.079,False
Bijaspur,Bijaspur,SHAHPUR,Kalaburagi,16.56666667,76.81666667,CGWB manual quarterly (NWDP),Dug well,Unconfined,21.25,,75,1996,2023,8.4,6.5,10.37,7.15,3.22,0.03,False
Bolashettihal,Bolashettihal,SHORAPUR,Kalaburagi,16.39055556,76.50722222,CGWB manual quarterly (NWDP),Dug well,Unconfined,8.26,,37,2014,2024,3.26,4.22,4.2,2.71,1.49,0.276,False
Chandapur,Ganganpalli,CHINCHOLI,Kalaburagi,17.40833333,77.425,CGWB manual quarterly (NWDP),Bore well,Semi-confined,26.0,,83,1998,2024,12.49,11.98,14.97,11.15,3.82,0.045,False
Chandapur_1,-,-,Kalaburagi,17.4083,77.425,CGWB manual quarterly (NWDP),Bore well,Semi-confined,26.0,,1,2024,2024,15.72,15.72,,,,,False
Chigerahalli,Yalwar,JEVARGI,Kalaburagi,16.88611111,76.76111111,CGWB manual quarterly (NWDP),Dug well,Unconfined,12.2,0.023,103,1996,2024,3.12,1.71,5.78,2.11,3.67,0.005,False
Chimanchode,Chimmanchod,CHINCHOLI,Kalaburagi,17.51666667,77.29277778,CGWB manual quarterly (NWDP),Dug well,Unconfined,7.36,,35,2014,2024,4.26,3.05,5.45,3.8,1.65,-0.191,False
Chimmanchod,Chimmanchod,CHINCHOLI,Kalaburagi,17.52083333,77.28611111,CGWB manual quarterly (NWDP),Dug well,,11.19,,13,1998,2013,27.71,68.1,38.97,18.03,20.94,3.257,False
Chimmanchod1,Chimmanchod,CHINCHOLI,Kalaburagi,17.52083333,77.28611111,CGWB manual quarterly (NWDP),Dug well,,11.19,,10,2012,2024,4.41,2.09,6.36,3.99,2.37,-0.28,False
Chinamgeri,Chinamgeri,AFZALPUR,Kalaburagi,17.21583333,76.57305556,CGWB manual quarterly (NWDP),Dug well,Unconfined,9.9,,42,2012,2024,4.69,3.8,6.06,3.71,2.35,0.069,False
Chincholi,Anwar,CHINCHOLI,Kalaburagi,17.41666667,77.42083333,CGWB manual quarterly (NWDP),Dug well,Unconfined,13.4,0.023,107,1996,2024,7.26,6.88,8.83,6.35,2.48,-0.002,False
Chitaguppa,Diggaon,CHITAPUR,Kalaburagi,17.08,77.2,CGWB manual quarterly (NWDP),,,,,5,2023,2024,16.91,16.91,19.2,16.1,3.1,,False
Chitapur,Chitapur,CHITAPUR,Kalaburagi,17.10833333,77.08333333,CGWB manual quarterly (NWDP),,,,,8,1998,2013,8.2,44.5,18.04,1.38,16.66,2.984,False
Chitapur A,Chitapur,CHITAPUR,Kalaburagi,17.11666667,77.06972222,CGWB manual quarterly (NWDP),Dug well,Unconfined,10.3,,37,2013,2024,5.17,3.25,7.14,3.38,3.76,-0.276,False
Chithli,Chitali,ALAND,Kalaburagi,17.63333333,76.58333333,CGWB manual quarterly (NWDP),,,,,7,1996,1999,2.22,2.1,,1.5,,,False
Chittapur1,Chitapur,CHITAPUR,Kalaburagi,17.125,77.08333333,CGWB manual quarterly (NWDP),Dug well,,12.5,,69,1996,2023,1.73,0.37,2.8,1.29,1.51,0.001,False
Choudepur,Chowdapur,AFZALPUR,Kalaburagi,17.24166667,76.54166667,CGWB manual quarterly (NWDP),Dug well,Unconfined,8.0,,98,1996,2024,4.01,5.22,5.61,2.79,2.82,0.083,False
D.Ganagapur,D.Ganagapur,AFZALPUR,Kalaburagi,17.34166667,76.59166667,CGWB manual quarterly (NWDP),Bore well,,56.5,,3,2013,2016,19.12,19.12,55.8,0.35,55.45,,False
D.Ganagapur1,D.Ganagapur,JEVARGI,Kalaburagi,17.175,76.53333333,CGWB manual quarterly (NWDP),Bore well,,80.9,,24,1998,2015,8.31,41.0,14.7,4.41,10.29,1.95,False
Danduti,Dandothi,CHITAPUR,Kalaburagi,17.20833333,77.1,CGWB manual quarterly (NWDP),Dug well,,14.22,,69,1996,2014,7.19,6.12,8.3,6.28,2.02,-0.253,False
Darga Sirur,Belamagi,ALAND,Kalaburagi,17.64083333,76.74472222,CGWB manual quarterly (NWDP),Dug well,Unconfined,13.5,,39,2013,2024,9.15,7.15,11.46,7.77,3.69,-0.436,False
Devapur,Devapur,SHORAPUR,Kalaburagi,16.43333333,76.73333333,CGWB manual quarterly (NWDP),Dug well,,12.5,,85,1996,2024,5.84,5.88,7.36,4.76,2.6,0.022,False
Devapur A,Devapur,SHORAPUR,Kalaburagi,16.43388889,76.72638889,CGWB manual quarterly (NWDP),Dug well,Unconfined,13.9,,29,2014,2024,9.55,6.91,11.15,7.76,3.39,-0.569,False
Devathkall,Devatkal,SHORAPUR,Kalaburagi,16.46666667,76.63333333,CGWB manual quarterly (NWDP),Dug well,Unconfined,4.78,,92,1996,2022,1.92,3.49,2.46,1.38,1.08,0.059,False
Doranahalli,Doranhalli,SHAHPUR,Kalaburagi,16.74166667,76.85,CGWB manual quarterly (NWDP),Dug well,Unconfined,8.11,0.023,109,1996,2024,2.57,1.99,3.36,1.98,1.38,-0.015,False
Fahatabad,Farhatabad,GULBARGA,Kalaburagi,17.16666667,76.78333333,CGWB manual quarterly (NWDP),Dug well,,20.7,,52,1996,2024,9.25,5.67,12.18,7.32,4.86,-0.11,False
Farhatabad A,Farhatabad A,GULBARGA,Kalaburagi,16.70722222,76.83111111,CGWB manual quarterly (NWDP),Dug well,Unconfined,12.62,,35,2013,2024,7.68,5.89,9.76,6.61,3.15,-0.353,False
Ferozabad,Ferozabad,Kalaburagi,Kalaburagi,17.08333333,76.79583333,CGWB manual quarterly (NWDP),Dug well,Unconfined,17.5,,106,1996,2024,9.81,7.18,12.13,8.29,3.84,0.021,False
Gangapur(R.S),Koganur Ew,AFZALPUR,Kalaburagi,17.34166667,76.58888889,CGWB manual quarterly (NWDP),Dug well,Unconfined,20.0,,43,2012,2024,13.51,13.08,15.57,11.73,3.84,-0.012,False
Gaur Buzurg,Gour,AFZALPUR,Kalaburagi,17.25,76.31666667,CGWB manual quarterly (NWDP),Dug well,,15.25,,64,1996,2023,7.36,1.96,9.97,4.89,5.08,-0.009,False
Ghattarga,Ghattarga,AFZALPUR,Kalaburagi,17.09333333,76.40916667,CGWB manual quarterly (NWDP),Dug well,Unconfined,13.0,,31,2012,2024,2.98,1.97,3.61,2.51,1.1,-0.075,False
Gobbur,Gobbur,AFZALPUR,Kalaburagi,17.25833333,76.64166667,CGWB manual quarterly (NWDP),Bore well,,72.0,,22,1998,2018,13.06,10.63,21.59,8.16,13.43,0.593,False
Gobur Buzurg,Gobbur,AFZALPUR,Kalaburagi,17.25833333,76.63611111,CGWB manual quarterly (NWDP),Dug well,Unconfined,12.21,,38,2012,2024,6.3,3.46,8.1,4.72,3.38,-0.315,False
Googi,Googi,SHAHPUR,Kalaburagi,16.38361111,76.63916667,CGWB manual quarterly (NWDP),Dug well,Unconfined,6.05,,38,2013,2024,2.89,2.78,3.29,2.75,0.54,0.005,False
Gulbarga,Melkunda B,Kalaburagi,Kalaburagi,17.325,76.65083333,CGWB manual quarterly (NWDP),Bore well,Semi-confined,74.8,,82,1998,2024,10.92,9.91,15.37,7.18,8.19,0.043,False
Gulbarga_1,-,-,Kalaburagi,17.325,76.6508,CGWB manual quarterly (NWDP),Bore well,Semi-confined,74.8,,2,2024,2024,11.04,11.04,,,,,False
Gundikutti,Gundikutti,CHITAPUR,Kalaburagi,17.23611111,77.07083333,CGWB manual quarterly (NWDP),,,,,14,2007,2011,3.19,2.66,4.36,1.12,3.24,,False
Gurmatkal,Gurmatkal,YADGIR,Kalaburagi,16.87083333,77.38888889,CGWB manual quarterly (NWDP),Bore well,Semi-confined,90.0,,79,1998,2024,5.01,3.73,7.63,3.31,4.32,-0.19,False
Gurmitkal1,Gurmatkal,YADGIR,Kalaburagi,16.875,77.4,CGWB manual quarterly (NWDP),Dug well,Unconfined,14.2,0.023,103,1996,2024,6.11,4.59,9.03,4.59,4.44,-0.139,False
Haldihal,Mugulnagaon,CHITAPUR,Kalaburagi,17.225,76.96666667,CGWB manual quarterly (NWDP),Dug well,Unconfined,20.95,,43,2012,2024,4.15,2.37,6.72,2.63,4.09,-0.273,False
Hasdaugundi,Hasargundgi,AFZALPUR,Kalaburagi,17.13527778,76.59027778,CGWB manual quarterly (NWDP),Dug well,Unconfined,7.1,,13,2017,2022,3.57,2.99,5.6,1.94,3.66,-0.383,False
Hattigudur,Hattigudur,SHORAPUR,Kalaburagi,16.6,76.6,CGWB manual quarterly (NWDP),Dug well,,16.85,,66,1996,2012,7.53,7.12,8.06,7.24,0.82,-0.123,False
Hebbal B,Hebbal B,SHORAPUR,Kalaburagi,16.48194444,76.59777778,CGWB manual quarterly (NWDP),Dug well,Unconfined,14.35,,23,2017,2024,3.17,2.94,4.36,2.25,2.11,-0.102,False
Hosahalli(gulburga),Aland,ALAND,Kalaburagi,17.58333333,76.58333333,CGWB manual quarterly (NWDP),Dug well,Unconfined,17.52,,99,1996,2024,5.99,3.34,10.46,4.1,6.36,-0.106,False
Huda,Sedam,SEDAM,Kalaburagi,17.17916667,77.28472222,CGWB manual quarterly (NWDP),Dug well,Unconfined,25.21,,58,2007,2024,7.25,4.28,13.01,4.84,8.17,-0.102,False
Hunchalli,Hunchalli,SHORAPUR,Kalaburagi,16.67138889,77.32055556,CGWB manual quarterly (NWDP),Dug well,,6.79,,16,2013,2021,3.11,3.25,4.05,2.16,1.89,0.114,False
Hunsigi,Hunsgi,SHORAPUR,Kalaburagi,16.45,76.5125,CGWB manual quarterly (NWDP),Dug well,,5.3,,85,1996,2023,2.08,1.02,2.83,1.52,1.31,-0.085,False
Hunsihole,-,SHORAPUR,Kalaburagi,16.37,76.65,CGWB manual quarterly (NWDP),,,,,3,2023,2023,5.88,5.88,4.6,6.8,-2.2,,False
Jeratgi,Jeratgi,JEVARGI,Kalaburagi,17.01666667,76.45,CGWB manual quarterly (NWDP),Dug well,Unconfined,21.38,,66,2007,2024,2.32,1.93,3.2,1.79,1.41,0.003,False
Jevargi,Jevargi,JEVARGI,Kalaburagi,17.01666667,76.775,CGWB manual quarterly (NWDP),Bore well,Semi-confined,80.0,,87,1998,2024,2.3,1.39,3.74,1.6,2.14,-0.104,False
Jevargi1,Jevargi,JEVARGI,Kalaburagi,17.01361111,76.77277778,CGWB manual quarterly (NWDP),,,,,14,1996,1999,7.13,6.98,9.63,3.83,5.8,,False
Jevargi_1,-,-,Kalaburagi,17.0167,76.775,CGWB manual quarterly (NWDP),Bore well,Semi-confined,80.0,,1,2024,2024,2.16,2.16,,,,,False
Jogur,Maniyal,Kalaburagi,Kalaburagi,17.10833333,76.61666667,CGWB manual quarterly (NWDP),Dug well,Unconfined,16.5,,103,1996,2024,8.31,8.51,11.52,6.05,5.47,0.048,False
Kaalgi,kalgi,Kalagi,Kalaburagi,17.35833333,77.15,CGWB manual quarterly (NWDP),Bore well,Semi-confined,40.0,,78,2000,2024,7.91,7.85,9.68,7.15,2.53,0.016,False
Kaalgi_1,-,-,Kalaburagi,17.3583,77.15,CGWB manual quarterly (NWDP),Bore well,Semi-confined,40.0,,1,2024,2024,10.01,10.01,,,,,False
Kadganchi,Kadganchi,ALAND,Kalaburagi,17.44166667,76.66666667,CGWB manual quarterly (NWDP),Bore well,Semi-confined,80.9,,87,1998,2024,13.41,15.19,15.78,12.47,3.31,0.033,False
Kadganchi1,Kadganchi,ALAND,Kalaburagi,17.45,76.66666667,CGWB manual quarterly (NWDP),Dug well,,17.75,,76,1996,2015,5.09,4.46,7.75,3.43,4.32,-0.002,False
Kadganchi_1,-,-,Kalaburagi,17.4417,76.6667,CGWB manual quarterly (NWDP),Bore well,Semi-confined,80.9,,1,2024,2024,15.57,15.57,,,,,False
Kadli,Kadli,Kalagi,Kalaburagi,17.37777778,77.20833333,CGWB manual quarterly (NWDP),Dug well,Unconfined,14.3,,43,2012,2024,5.4,1.99,8.69,3.22,5.47,-0.553,False
Kakkeri,Kakkera,SHORAPUR,Kalaburagi,16.36666667,76.58333333,CGWB manual quarterly (NWDP),Dug well,Unconfined,20.0,0.023,109,1996,2024,3.45,5.09,4.03,3.19,0.84,0.104,False
Kalebelagundhi,Kalebelagundhi,YADGIR,Kalaburagi,16.67138889,77.32083333,CGWB manual quarterly (NWDP),Dug well,Unconfined,13.6,,18,2013,2019,11.46,11.08,11.92,11.63,0.29,-0.167,False
Kallur,Kallur,CHINCHOLI,Kalaburagi,17.38333333,77.46666667,CGWB manual quarterly (NWDP),Dug well,Unconfined,12.2,0.023,108,1996,2024,5.82,4.05,7.72,4.65,3.07,-0.065,False
Kamalanagar,Bhodhan,ALAND,Kalaburagi,17.575,76.75833333,CGWB manual quarterly (NWDP),Dug well,Unconfined,22.02,,43,2012,2024,9.82,8.47,11.65,8.59,3.06,-0.293,False
Kamalapur,Kamalapur,Kamalapur,Kalaburagi,17.58333333,76.98333333,CGWB manual quarterly (NWDP),Dug well,Unconfined,11.0,,44,2012,2024,2.71,2.11,4.09,2.33,1.76,-0.073,False
Kandukur,Kandkur,YADGIR,Kalaburagi,16.76666667,77.3,CGWB manual quarterly (NWDP),,,,,34,1996,2009,7.42,8.62,8.73,5.66,3.07,0.183,False
Karahari,Karhari,ALAND,Kalaburagi,17.60833333,76.78333333,CGWB manual quarterly (NWDP),Dug well,Unconfined,14.25,0.02,104,1996,2024,4.77,3.51,7.33,3.48,3.85,-0.023,False
Karajagi,Karajagi,AFZALPUR,Kalaburagi,17.31666667,76.20833333,CGWB manual quarterly (NWDP),Bore well,,80.9,,42,1998,2013,6.13,3.4,9.45,4.14,5.31,-0.5,False
Karajgi1,Karajagi,AFZALPUR,Kalaburagi,17.26666667,76.21666667,CGWB manual quarterly (NWDP),Dug well,Unconfined,24.45,,99,1996,2024,7.29,4.83,10.0,5.38,4.62,-0.098,False
Kaudimatti,Kaudimatti,SHORAPUR,Kalaburagi,16.48333333,76.75,CGWB manual quarterly (NWDP),Bore well,Semi-confined,32.1,,81,2000,2023,2.9,2.27,4.56,2.16,2.4,-0.004,False
Kawadimutti,Kawadimutti,SHORAPUR,Kalaburagi,16.49055556,76.74694444,CGWB manual quarterly (NWDP),Dug well,,12.36,,6,2014,2023,2.54,3.27,3.56,2.35,1.21,0.181,False
Kawalga1,Kawalga,Kalaburagi,Kalaburagi,17.16666667,76.71666667,CGWB manual quarterly (NWDP),Dug well,Unconfined,22.15,,71,1996,2024,8.68,5.76,12.37,7.2,5.17,-0.051,False
Kembhavi,Kembhavi,SHORAPUR,Kalaburagi,16.65277778,76.53611111,CGWB manual quarterly (NWDP),Bore well,,32.1,,9,1998,2020,11.8,4.52,19.1,7.18,11.92,0.428,False
Kembhavi1,Kembhavi,SHORAPUR,Kalaburagi,16.64583333,76.53333333,CGWB manual quarterly (NWDP),Dug well,Unconfined,10.0,,107,1996,2024,3.86,3.78,4.92,2.88,2.04,-0.04,False
Kera Bosga,Keribhosga,GULBARGA,Kalaburagi,17.425,76.76666667,CGWB manual quarterly (NWDP),Dug well,,10.57,,59,1996,2013,4.84,4.98,6.81,3.4,3.41,-0.09,False
Khanapur2,Khanapur,SHAHPUR,Kalaburagi,16.725,77.01666667,CGWB manual quarterly (NWDP),Dug well,Unconfined,11.0,0.023,106,1996,2024,5.81,6.27,6.9,4.78,2.12,0.127,False
Kinni,Kinni,GULBARGA,Kalaburagi,17.64972222,77.0625,CGWB manual quarterly (NWDP),,,,,1,2008,2008,11.25,11.25,11.25,,,,False
Kodalhangerga,Kodalhangerga,ALAND,Kalaburagi,17.53333333,76.58333333,CGWB manual quarterly (NWDP),,,,,42,1996,2008,5.51,2.31,7.26,3.85,3.41,-0.126,False
Kodekal,Kodekal,SHORAPUR,Kalaburagi,16.35,76.4,CGWB manual quarterly (NWDP),,,,,49,1996,2009,4.08,5.66,6.14,3.18,2.96,0.076,False
Koganur Ow,Koganur Ow,AFZALPUR,Kalaburagi,17.32722222,76.56166667,CGWB manual quarterly (NWDP),Bore well,,201.6,,3,2016,2017,11.67,11.67,,13.2,,,False
Kollur,Kollur,CHINCHOLI,Kalaburagi,17.53611111,77.43472222,CGWB manual quarterly (NWDP),Dug well,Unconfined,5.93,,98,1996,2024,2.44,1.31,3.59,1.89,1.7,-0.025,False
Kotnur,Kotnoor Darwesh,GULBARGA,Kalaburagi,17.31833333,76.8325,CGWB manual quarterly (NWDP),,,,,17,1996,2000,6.22,6.03,8.18,4.04,4.14,,False
Kumbarpet,Kumbarpet,SHORAPUR,Kalaburagi,16.5075,76.75361111,CGWB manual quarterly (NWDP),Dug well,Unconfined,15.0,,9,2017,2024,5.09,3.54,6.87,3.84,3.03,-0.444,False
Kurkunda,Kurkunda,SHAHPUR,Kalaburagi,16.58333333,77.1,CGWB manual quarterly (NWDP),Dug well,Unconfined,14.46,,91,1996,2024,8.01,4.93,9.62,7.02,2.6,0.031,False
Ladmugli,Ladmugli,Kamalapur,Kalaburagi,17.62083333,76.875,CGWB manual quarterly (NWDP),Dug well,Unconfined,11.0,,95,1996,2024,4.46,2.93,5.84,3.73,2.11,-0.045,False
Lakshampur,Lakshampur,SHORAPUR,Kalaburagi,16.53972222,76.80194444,CGWB manual quarterly (NWDP),Dug well,Unconfined,13.25,,5,2017,2024,10.6,9.68,11.95,9.9,2.05,,False
Madanhipperga,Madanhipperga,ALAND,Kalaburagi,17.45416667,76.36666667,CGWB manual quarterly (NWDP),,,,,4,1998,2013,24.27,80.4,43.54,3.86,39.68,,False
Madanhipperga1,Darga Sirur,ALAND,Kalaburagi,17.46666667,76.38333333,CGWB manual quarterly (NWDP),Dug well,Unconfined,20.75,,100,1996,2024,8.94,6.79,12.01,6.9,5.11,-0.009,False
Madarki,Madkeri,SHAHPUR,Kalaburagi,16.78333333,76.76666667,CGWB manual quarterly (NWDP),Dug well,Unconfined,9.2,0.023,107,1996,2024,2.77,2.39,4.35,1.89,2.46,-0.042,False
Madnal_1,-,SHAHPUR,Kalaburagi,15.85,76.0,CGWB manual quarterly (NWDP),,,,,5,2023,2024,3.0,3.0,3.7,3.3,0.4,,False
Madwar,Madhawar,YADGIR,Kalaburagi,16.60833333,77.35138889,CGWB manual quarterly (NWDP),Dug well,,8.18,,14,1996,2014,5.68,6.29,6.86,5.02,1.84,0.08,False
Mahagaon,Mahagaon,GULBARGA,Kalaburagi,17.51666667,76.95833333,CGWB manual quarterly (NWDP),,,,,35,1998,2009,10.13,13.78,17.39,6.26,11.13,0.998,False
Mahagaon A,Mahagaon,Kamalapur,Kalaburagi,17.56055556,76.89527778,CGWB manual quarterly (NWDP),Dug well,Unconfined,21.4,,39,2013,2024,4.47,4.84,5.73,3.14,2.59,-0.092,False
Mahagaon1,Mahagaon,GULBARGA,Kalaburagi,17.50833333,76.85,CGWB manual quarterly (NWDP),Dug well,,21.4,,38,1996,2023,6.22,3.27,8.74,5.85,2.89,0.076,False
Malgatti,Malgatti,SHORAPUR,Kalaburagi,16.56666667,76.68333333,CGWB manual quarterly (NWDP),Dug well,Unconfined,5.5,,79,1996,2024,2.82,2.96,3.34,2.59,0.75,0.054,False
Malkhed,Malkhed,SEDAM,Kalaburagi,17.20833333,77.15833333,CGWB manual quarterly (NWDP),Bore well,,60.0,,35,1998,2014,6.73,6.3,9.02,5.55,3.47,0.065,False
Malkhed1,Malkhed,SEDAM,Kalaburagi,17.19166667,77.15833333,CGWB manual quarterly (NWDP),,,,,51,1996,2011,7.56,10.93,10.42,6.3,4.12,0.327,False
Malla,Malla,SHORAPUR,Kalaburagi,16.74166667,76.55,CGWB manual quarterly (NWDP),Dug well,Unconfined,4.42,,65,2007,2024,2.17,2.47,2.52,1.85,0.67,0.059,False
Mallabad,Mallabad,Yadrami,Kalaburagi,16.76194444,76.64166667,CGWB manual quarterly (NWDP),Dug well,Unconfined,8.5,,14,2014,2024,6.43,11.09,5.27,6.4,-1.13,1.075,False
Mallabad,Matoli,AFZALPUR,Kalaburagi,17.23333333,76.41666667,CGWB manual quarterly (NWDP),Dug well,Unconfined,15.5,,103,1996,2024,10.27,6.6,12.13,8.86,3.27,0.061,False
Malnoor,Malnoor,JEVARGI,Kalaburagi,16.45833333,76.45277778,CGWB manual quarterly (NWDP),Bore well,Semi-confined,32.1,,59,2007,2024,3.36,5.29,4.76,2.74,2.02,0.211,False
Malnoor_1,-,-,Kalaburagi,16.4583,76.4528,CGWB manual quarterly (NWDP),Bore well,Semi-confined,32.1,,2,2024,2024,6.97,6.97,,,,,False
Managanal,Managanal,SHAHPUR,Kalaburagi,16.71694444,77.03722222,CGWB manual quarterly (NWDP),Dug well,Unconfined,16.0,,34,2015,2024,5.67,4.63,6.47,4.85,1.62,-0.172,False
Mandewala,Mandewala,JEVARGI,Kalaburagi,17.00083333,76.54166667,CGWB manual quarterly (NWDP),Dug well,Unconfined,21.65,,56,2007,2024,4.88,3.74,6.19,5.79,0.4,0.104,False
Margutti,Marguthi,Kamalapur,Kalaburagi,17.61666667,77.06666667,CGWB manual quarterly (NWDP),Dug well,Unconfined,19.12,0.02,103,1996,2024,5.69,3.58,9.36,4.14,5.22,-0.157,False
Martur,Martur,Shahabad,Kalaburagi,17.21666667,76.88333333,CGWB manual quarterly (NWDP),Bore well,Semi-confined,40.0,,8,2013,2020,7.67,4.72,21.48,0.88,20.6,-1.474,False
Martur,Chimmanchod,CHINCHOLI,Kalaburagi,17.50638889,77.26055556,CGWB manual quarterly (NWDP),Dug well,Unconfined,12.0,,37,2013,2024,4.42,4.23,5.29,4.34,0.95,0.013,False
Martur1,Martur,CHITAPUR,Kalaburagi,17.21111111,76.89027778,CGWB manual quarterly (NWDP),Dug well,,90.0,,60,1996,2024,2.39,6.52,3.92,1.08,2.84,-0.084,False
Mashal,Mashal,AFZALPUR,Kalaburagi,17.29166667,76.24166667,CGWB manual quarterly (NWDP),Dug well,Unconfined,18.1,,98,1996,2024,9.29,6.93,11.1,7.73,3.37,0.072,False
Mavnoor,Mavnoor,SHORAPUR,Kalaburagi,16.45,76.45,CGWB manual quarterly (NWDP),Bore well,,32.1,,20,2000,2013,3.26,4.45,4.11,2.84,1.27,-0.057,False
Moga  Buzurga,Jidga,ALAND,Kalaburagi,17.51666667,76.46666667,CGWB manual quarterly (NWDP),Dug well,Unconfined,19.12,,69,2004,2024,6.1,3.57,10.5,3.49,7.01,-0.157,False
Moghe,Narnal,CHINCHOLI,Kalaburagi,17.48333333,77.23333333,CGWB manual quarterly (NWDP),Dug well,Unconfined,9.25,0.023,104,1996,2024,2.28,2.04,4.15,1.51,2.64,-0.028,False
Mothakpalli,Motakpalli,SEDAM,Kalaburagi,16.95361111,77.38527778,CGWB manual quarterly (NWDP),Dug well,Unconfined,9.0,,34,2014,2024,3.27,2.43,4.41,2.54,1.87,-0.106,False
Mudbal,Mudbal,SHAHPUR,Kalaburagi,16.8,76.79333333,CGWB manual quarterly (NWDP),Dug well,Unconfined,16.9,0.023,107,1996,2024,5.05,2.52,7.75,3.53,4.22,-0.231,False
Mudbal Cross,Mudbal Cross,SHAHPUR,Kalaburagi,16.81833333,76.79027778,CGWB manual quarterly (NWDP),Dug well,,6.26,,5,2014,2017,4.27,3.66,5.8,3.77,2.03,,False
Mudvawadi,Mallewadi,ALAND,Kalaburagi,17.66666667,76.61666667,CGWB manual quarterly (NWDP),,,,,5,1996,2013,4.79,8.23,7.82,2.66,5.16,,False
Mundargi,Munderga,YADGIR,Kalaburagi,16.76666667,77.21666667,CGWB manual quarterly (NWDP),Dug well,Unconfined,16.47,,80,1996,2021,12.26,12.13,13.42,11.65,1.77,0.321,False
Mutpalli(Malakapalli),Motakpalli,SEDAM,Kalaburagi,16.95222222,77.34166667,CGWB manual quarterly (NWDP),Dug well,,8.78,,12,1996,2015,5.35,3.3,6.88,4.1,2.78,-0.243,False
Nagaidalai,Nagaidalai,CHINCHOLI,Kalaburagi,17.54777778,77.41111111,CGWB manual quarterly (NWDP),Dug well,Unconfined,11.71,,36,2013,2024,5.75,5.1,6.54,5.03,1.51,-0.147,False
Naikal,Naikal,SHAHPUR,Kalaburagi,16.73333333,77.05,CGWB manual quarterly (NWDP),Dug well,Unconfined,9.43,0.023,108,1996,2024,3.47,2.13,4.6,2.71,1.89,-0.014,False
Nandepalli,Nandepalli,YADGIR,Kalaburagi,16.66944444,77.38472222,CGWB manual quarterly (NWDP),,,,,16,1996,2002,3.56,3.6,4.6,2.34,2.26,0.005,False
Narayanpur,Narayanpur,SHORAPUR,Kalaburagi,16.26666667,76.38333333,CGWB manual quarterly (NWDP),,,,,45,1996,2007,1.16,1.33,1.36,0.99,0.37,0.029,False
Narnal,Chimmanchod,CHINCHOLI,Kalaburagi,17.50638889,77.26055556,CGWB manual quarterly (NWDP),Dug well,Unconfined,12.0,,33,2013,2023,5.88,4.57,8.39,4.36,4.03,-0.183,False
Narona,Narona,ALAND,Kalaburagi,17.51666667,76.73333333,CGWB manual quarterly (NWDP),,,,,12,1996,2003,7.44,8.63,9.89,2.86,7.03,-0.236,False
New Diksangi,Diksanga B,AFZALPUR,Kalaburagi,17.3,76.57,CGWB manual quarterly (NWDP),,,,,4,2023,2023,12.39,12.39,13.85,13.62,0.23,,False
New Diksangi_1,-,-,Kalaburagi,17.2964,76.5669,CGWB manual quarterly (NWDP),,,,,1,2024,2024,15.2,15.2,,,,,False
Nilhalli,Arebommanhalli,SEDAM,Kalaburagi,17.21666667,77.23333333,CGWB manual quarterly (NWDP),Dug well,Unconfined,10.42,,92,1996,2024,4.72,2.79,7.61,3.54,4.07,-0.049,False
Nilogi,Nelogi,GULBARGA,Kalaburagi,17.08333333,76.60833333,CGWB manual quarterly (NWDP),,,,,52,1996,2009,12.03,11.05,15.19,10.37,4.82,-0.038,False
Nimbala,Bedagpalli,CHINCHOLI,Kalaburagi,17.35,77.39166667,CGWB manual quarterly (NWDP),Dug well,Unconfined,17.0,,62,2007,2024,13.33,13.65,15.06,11.83,3.23,0.05,False
Nimbarga,Nimberga,ALAND,Kalaburagi,17.38333333,76.57916667,CGWB manual quarterly (NWDP),Dug well,Unconfined,14.5,0.02,105,1996,2024,7.49,5.85,10.47,5.83,4.64,-0.076,False
Nirgunda,Nirgudi,CHINCHOLI,Kalaburagi,17.3,77.36666667,CGWB manual quarterly (NWDP),,,,,19,1996,2002,4.1,3.61,6.75,3.04,3.71,-0.284,False
Pangargi,Pangarga,CHINCHOLI,Kalaburagi,17.53333333,77.15833333,CGWB manual quarterly (NWDP),,,,,39,1996,2007,4.81,2.32,7.0,3.27,3.73,-0.483,False
Paraswal,Padsawali,ALAND,Kalaburagi,17.6,76.46666667,CGWB manual quarterly (NWDP),,,,,34,1996,2006,5.28,5.62,7.84,3.97,3.87,-0.124,False
Pathan,Gola B,ALAND,Kalaburagi,17.425,76.725,CGWB manual quarterly (NWDP),Dug well,Unconfined,12.07,0.02,105,1996,2024,5.77,4.34,8.53,4.24,4.29,-0.063,False
Ramangud,Ramangud,Kalagi,Kalaburagi,17.47277778,77.20055556,CGWB manual quarterly (NWDP),Dug well,Unconfined,7.6,,6,2014,2017,1.23,1.07,2.1,1.04,1.06,,False
Ravur,Ravoor,CHITAPUR,Kalaburagi,17.075,77.00833333,CGWB manual quarterly (NWDP),Dug well,Unconfined,10.15,,108,1996,2024,7.72,7.23,8.62,7.03,1.59,-0.03,False
Revannur,Revnnor,JEVARGI,Kalaburagi,16.99166667,76.725,CGWB manual quarterly (NWDP),Dug well,Unconfined,8.17,0.023,104,1996,2024,2.32,1.91,3.33,1.73,1.6,-0.076,False
Saidapur,Saidapur,YADGIR,Kalaburagi,16.57083333,77.25,CGWB manual quarterly (NWDP),Dug well,Unconfined,12.25,,61,2007,2024,5.1,4.84,6.7,3.86,2.84,-0.093,False
Salgar,Salgera,Kamalapur,Kalaburagi,17.63333333,76.78333333,CGWB manual quarterly (NWDP),Dug well,Unconfined,12.02,0.02,107,1996,2024,3.26,1.93,4.92,2.45,2.47,-0.024,False
Saradgi,Pala,Kalaburagi,Kalaburagi,17.29166667,76.95833333,CGWB manual quarterly (NWDP),Dug well,Unconfined,8.1,,41,2012,2024,2.95,2.35,4.3,1.99,2.31,-0.069,False
Sarsamba,Sarsamba,ALAND,Kalaburagi,17.57916667,76.41666667,CGWB manual quarterly (NWDP),,,,,5,2000,2013,14.69,45.7,20.61,5.67,14.94,,False
Sasargaon,Ranapur,CHINCHOLI,Kalaburagi,17.49583333,77.21666667,CGWB manual quarterly (NWDP),Dug well,Unconfined,9.79,0.023,103,1996,2024,2.06,1.01,3.87,0.92,2.95,-0.076,False
Sedam,Sedam,SEDAM,Kalaburagi,17.175,77.28138889,CGWB manual quarterly (NWDP),,,,,2,2002,2013,44.8,80.2,44.8,,,,False
Sedam1,Sedam,SEDAM,Kalaburagi,17.17777778,77.29166667,CGWB manual quarterly (NWDP),Dug well,,11.58,,73,1996,2017,5.1,5.62,7.6,3.58,4.02,-0.121,False
Shahabad,Shahabad,CHITAPUR,Kalaburagi,17.11111111,76.94444444,CGWB manual quarterly (NWDP),,,,,32,1996,2005,10.2,9.24,13.39,8.01,5.38,-0.329,False
Shahabad A,Shahabad,Shahabad,Kalaburagi,17.12972222,76.94138889,CGWB manual quarterly (NWDP),Dug well,Unconfined,5.0,,18,2017,2024,0.86,0.92,1.05,0.76,0.29,0.036,False
Shahpur,Shahapur,SHAHPUR,Kalaburagi,16.7,76.85,CGWB manual quarterly (NWDP),Dug well,,13.65,,64,1996,2015,9.28,10.21,11.05,7.91,3.14,-0.062,False
Shakhapur,Shakhapur,ALAND,Kalaburagi,17.53333333,76.51666667,CGWB manual quarterly (NWDP),,,,,1,1997,1997,10.15,10.15,10.15,,,,False
Shantpur,Santpur,SHORAPUR,Kalaburagi,16.40833333,76.71666667,CGWB manual quarterly (NWDP),Dug well,Unconfined,8.57,,104,1996,2024,5.74,5.52,6.49,4.98,1.51,-0.01,False
Shivpur Tanda,Shivpur Tanda,Yadrami,Kalaburagi,16.80222222,76.63027778,CGWB manual quarterly (NWDP),Dug well,Unconfined,9.69,,37,2014,2024,5.23,3.28,6.85,4.03,2.82,-0.436,False
Shorapur,Shorapur,SHORAPUR,Kalaburagi,16.53138889,76.78333333,CGWB manual quarterly (NWDP),Dug well,Unconfined,13.18,,96,1996,2024,6.67,3.25,8.56,5.42,3.14,-0.113,False
Sona,Soan,JEVARGI,Kalaburagi,16.99166667,76.63333333,CGWB manual quarterly (NWDP),Dug well,Unconfined,21.72,0.023,107,1996,2024,5.01,2.74,8.82,3.32,5.5,-0.104,False
Sulahpet1,Sulepet,CHINCHOLI,Kalaburagi,17.39583333,77.35555556,CGWB manual quarterly (NWDP),Dug well,,10.37,,64,1996,2023,5.78,3.77,8.38,3.98,4.4,-0.099,False
Sulepet,Sulepet,CHINCHOLI,Kalaburagi,17.40277778,77.37777778,CGWB manual quarterly (NWDP),,,,,23,1998,2013,9.84,39.4,19.42,5.89,13.53,1.828,False
Tonsan halli,Tonsinhalli,GULBARGA,Kalaburagi,17.11666667,76.83333333,CGWB manual quarterly (NWDP),,,,,50,1996,2011,6.98,3.8,9.9,6.53,3.37,-0.363,False
Ukinal,Mallabad,Yadrami,Kalaburagi,16.75833333,76.63333333,CGWB manual quarterly (NWDP),Dug well,Unconfined,25.5,0.023,106,1996,2024,5.72,3.35,8.03,4.21,3.82,-0.075,False
Ulkal,Ulkal,SHAHPUR,Kalaburagi,16.75416667,76.7875,CGWB manual quarterly (NWDP),Dug well,Unconfined,12.52,,56,2007,2024,1.77,2.47,3.03,1.13,1.9,0.078,False
Uplai,Ganjalnkhed,Kalaburagi,Kalaburagi,17.425,76.85,CGWB manual quarterly (NWDP),Dug well,Unconfined,9.25,,98,1996,2024,4.88,3.19,6.44,3.52,2.92,-0.135,False
Vajjal,Vajjal,SHORAPUR,Kalaburagi,16.47666667,76.54722222,CGWB manual quarterly (NWDP),Dug well,Unconfined,12.13,,25,2017,2024,6.64,6.89,9.74,5.43,4.31,0.065,False
Waddahalli Tanda,Waddahalli Tanda,AFZALPUR,Kalaburagi,17.25416667,76.59055556,CGWB manual quarterly (NWDP),Dug well,Unconfined,10.1,,37,2012,2024,5.66,3.64,7.04,4.74,2.3,-0.187,False
Wadger,-,SHAHPUR,Kalaburagi,16.5875,77.1,CGWB manual quarterly (NWDP),Dug well,Unconfined,25.0,,80,1999,2024,6.82,4.02,8.3,5.94,2.36,-0.168,False
Wadgera,Wadgera,SHAHPUR,Kalaburagi,16.5875,77.1,CGWB manual quarterly (NWDP),Dug well,Unconfined,25.0,,42,2012,2024,9.64,7.12,10.25,8.97,1.28,-0.458,False
Wadgera_2,-,-,Kalaburagi,16.5875,77.1,CGWB manual quarterly (NWDP),Dug well,Unconfined,25.0,,1,2024,2024,8.9,8.9,,,,,False
Wadi,Wadi,CHITAPUR,Kalaburagi,17.0625,76.99166667,CGWB manual quarterly (NWDP),Dug well,,10.7,,82,1996,2024,2.5,1.33,4.49,1.44,3.05,-0.081,False
Wadi A,Wadi,CHITAPUR,Kalaburagi,17.04361111,76.98583333,CGWB manual quarterly (NWDP),Dug well,Unconfined,6.6,,24,2017,2024,2.44,1.87,3.76,1.8,1.96,-0.28,False
Yadgir,Yadgir,YADGIR,Kalaburagi,16.76666667,77.14166667,CGWB manual quarterly (NWDP),Bore well,Semi-confined,38.2,,74,1998,2022,9.99,7.58,11.66,8.72,2.94,-0.091,False
Yadgir1,Yadgir,YADGIR,Kalaburagi,16.75,77.11666667,CGWB manual quarterly (NWDP),Dug well,,11.58,,35,1996,2019,6.82,5.33,8.23,6.32,1.91,-0.015,False
Yedde halli,Yedhalli,YADGIR,Kalaburagi,16.83333333,77.13333333,CGWB manual quarterly (NWDP),,,,,36,1996,2006,6.14,6.73,7.39,5.11,2.28,0.041,False
Yedrami,Yedrami,JEVARGI,Kalaburagi,16.85833333,76.5375,CGWB manual quarterly (NWDP),,,,,10,1998,2013,9.5,30.31,20.59,6.24,14.35,1.807,False
Yedravi,Yadwani,JEVARGI,Kalaburagi,16.85416667,76.53888889,CGWB manual quarterly (NWDP),Dug well,,26.52,,42,2005,2017,2.66,6.88,3.82,1.36,2.46,0.293,False
Yelsangi,Yelsangi,AFZALPUR,Kalaburagi,17.35,76.46666667,CGWB manual quarterly (NWDP),,,,,46,1996,2010,6.05,10.61,8.39,4.03,4.36,0.272,False
Yergol,Yergol,YADGIR,Kalaburagi,16.9,77.06666667,CGWB manual quarterly (NWDP),Bore well,Semi-confined,32.1,,76,1999,2024,11.85,8.41,14.87,10.7,4.17,0.054,False
Abhyath Mangale,Abhyath Mangale,SOMVARPET,Kodagu,12.33055556,75.85611111,CGWB manual quarterly (NWDP),Dug well,Unconfined,8.0,,41,2012,2024,2.81,2.34,3.59,2.65,0.94,-0.084,False
Ammatti,Ammatti,VIRAJPET,Kodagu,12.24166667,75.86666667,CGWB manual quarterly (NWDP),Dug well,Unconfined,14.2,0.023,108,1996,2024,8.23,7.99,10.28,7.37,2.91,-0.027,False
Ayyangeri,Ayyangeri,MADIKERI,Kodagu,12.3525,75.5775,CGWB manual quarterly (NWDP),Dug well,Unconfined,12.35,,42,2013,2024,4.49,4.3,5.32,4.04,1.28,-0.094,False
Ballamavathu,Ballamavathu,MADIKERI,Kodagu,12.17166667,75.88111111,CGWB manual quarterly (NWDP),Dug well,Unconfined,14.0,,43,2012,2024,10.18,10.29,11.8,9.34,2.46,0.11,False
Basavanahalli A,Basavanahalli A,SOMVARPET,Kodagu,12.25,75.85,CGWB manual quarterly (NWDP),Dug well,Unconfined,16.5,,43,2012,2024,3.36,2.77,6.07,2.38,3.69,-0.088,False
Basavanane,Basavanane,SOMVARPET,Kodagu,12.78944444,75.92166667,CGWB manual quarterly (NWDP),Dug well,Unconfined,10.0,,30,2015,2024,6.08,5.5,7.7,5.55,2.15,-0.263,False
Begur,Begur,VIRAJPET,Kodagu,12.12027778,75.93861111,CGWB manual quarterly (NWDP),Dug well,Unconfined,16.0,,42,2013,2024,10.3,10.58,13.71,8.99,4.72,-0.003,False
Beluru,Beluru,SOMVARPET,Kodagu,12.57194444,75.92861111,CGWB manual quarterly (NWDP),Dug well,Unconfined,10.0,,43,2012,2024,6.06,5.94,7.9,5.62,2.28,-0.015,False
Benguru 50 Okallu,Benguru Okallu,MADIKERI,Kodagu,12.3525,75.65472222,CGWB manual quarterly (NWDP),Dug well,Unconfined,16.55,,31,2015,2024,11.03,11.07,13.18,10.57,2.61,-0.042,False
Bettagiri,Bettagiri,MADIKERI,Kodagu,12.35222222,75.68666667,CGWB manual quarterly (NWDP),Dug well,Unconfined,12.0,,33,2014,2024,7.17,6.34,12.76,5.27,7.49,-0.338,False
Bhagamandala,Bhagamandala,MADIKERI,Kodagu,12.3875,75.525,CGWB manual quarterly (NWDP),Bore well,Semi-confined,56.0,,68,2000,2024,12.73,10.87,14.17,12.95,1.22,-0.084,False
Bhagamandala1,Bhagamandala,MADIKERI,Kodagu,12.38333333,75.53333333,CGWB manual quarterly (NWDP),Dug well,Unconfined,7.5,0.023,103,1996,2024,3.18,5.0,4.04,2.72,1.32,0.032,False
Bhagamandala_2,-,-,Kodagu,12.3875,75.5175,CGWB manual quarterly (NWDP),,,,,1,2023,2023,11.0,11.0,,,,,False
Bittangala,Bittangala,VIRAJPET,Kodagu,12.16722222,75.84333333,CGWB manual quarterly (NWDP),Dug well,Unconfined,9.2,,41,2013,2024,4.65,4.82,6.62,3.97,2.65,0.026,False
Chattahalli,Chattahalli,MADIKERI,Kodagu,12.36527778,75.83611111,CGWB manual quarterly (NWDP),Dug well,Unconfined,14.5,,38,2013,2024,10.84,10.32,11.89,10.49,1.4,-0.175,False
Cheerambane,Cheerambane,MADIKERI,Kodagu,12.4375,75.91805556,CGWB manual quarterly (NWDP),Dug well,Unconfined,18.52,,105,1996,2024,11.75,8.36,13.96,11.99,1.97,-0.273,False
Chembebellur,-,-,Kodagu,12.98,77.57,CGWB manual quarterly (NWDP),,,,,3,2023,2024,1.83,1.83,2.59,,,,False
Chettimani,Chettimani,MADIKERI,Kodagu,12.37777778,75.575,CGWB manual quarterly (NWDP),Dug well,Unconfined,9.2,,16,2013,2023,5.94,6.65,6.2,6.85,-0.65,0.191,False
Cheyyandane,Cheyyandane,MADIKERI,Kodagu,12.22777778,75.69166667,CGWB manual quarterly (NWDP),Dug well,Unconfined,14.0,0.023,106,1996,2024,11.21,12.13,11.61,10.89,0.72,0.073,False
Chhatamani,Chhatamani,MADIKERI,Kodagu,12.37805556,75.57694444,CGWB manual quarterly (NWDP),Dug well,,17.0,,29,2012,2023,6.22,6.4,6.79,5.7,1.09,-0.024,False
Devanagere,Devanagere,VIRAJPET,Kodagu,12.24166667,75.80277778,CGWB manual quarterly (NWDP),Dug well,,12.0,,41,2013,2024,7.71,7.37,10.0,6.57,3.43,-0.076,False
Devarakolli,Devarakolli,MADIKERI,Kodagu,12.44944444,75.63944444,CGWB manual quarterly (NWDP),Dug well,Unconfined,12.5,,96,1996,2024,1.38,1.71,1.3,1.68,-0.38,0.006,False
Devarapura,Devarapura,VIRAJPET,Kodagu,12.17916667,75.92916667,CGWB manual quarterly (NWDP),Dug well,Unconfined,6.7,,37,2014,2024,3.15,3.08,3.78,2.91,0.87,-0.006,False
Gonikoppal,Gonikoppal,VIRAJPET,Kodagu,12.21666667,75.94166667,CGWB manual quarterly (NWDP),Dug well,Unconfined,9.47,0.023,107,1996,2024,4.3,4.12,4.83,4.04,0.79,-0.022,False
Gopalapura,Gopalapura,SOMVARPET,Kodagu,12.70555556,75.89805556,CGWB manual quarterly (NWDP),Dug well,Unconfined,6.0,,41,2013,2024,3.38,3.27,4.22,3.19,1.03,-0.005,False
Goudahalli,Goudahalli,SOMVARPET,Kodagu,12.65972222,75.88333333,CGWB manual quarterly (NWDP),Dug well,Unconfined,12.0,,40,2012,2024,7.05,6.89,9.43,5.97,3.46,0.042,False
Haathuru,Haathuru,VIRAJPET,Kodagu,12.17166667,75.88111111,CGWB manual quarterly (NWDP),Dug well,Unconfined,14.0,,41,2012,2024,1.64,1.75,2.51,1.18,1.33,0.032,False
Heravanadu,Heravanadu,MADIKERI,Kodagu,12.37916667,75.70833333,CGWB manual quarterly (NWDP),Dug well,Unconfined,10.98,0.023,107,1996,2024,6.72,6.72,8.57,6.28,2.29,0.014,False
Hoodur,Hoodur,MADIKERI,Kodagu,12.31611111,75.73972222,CGWB manual quarterly (NWDP),Dug well,,28.0,,33,2014,2024,6.9,5.63,9.28,6.32,2.96,-0.532,False
Hoodur_1,-,-,Kodagu,12.22,75.93,CGWB manual quarterly (NWDP),,,,,2,2023,2023,5.96,5.96,5.93,,,,False
Hosapatna,Hosapatna,SOMVARPET,Kodagu,12.38138889,75.90388889,CGWB manual quarterly (NWDP),Dug well,Unconfined,19.2,,41,2013,2024,12.0,10.09,14.47,10.0,4.47,-0.4,False
Hosuru Betekeri,Hosuru Betekeri,VIRAJPET,Kodagu,12.22138889,75.88111111,CGWB manual quarterly (NWDP),Dug well,Unconfined,13.0,,42,2013,2024,6.68,6.35,9.0,6.17,2.83,-0.05,False
Hudikeri,Hudikeri,VIRAJPET,Kodagu,12.08333333,75.94583333,CGWB manual quarterly (NWDP),Dug well,Unconfined,15.5,0.023,106,1996,2024,7.8,7.46,10.02,7.15,2.87,-0.031,False
Huduguru,Huduguru,SOMVARPET,Kodagu,12.51416667,75.86138889,CGWB manual quarterly (NWDP),Dug well,Unconfined,5.85,,29,2015,2024,2.3,2.57,3.99,1.2,2.79,0.098,False
Igoor,Igoor,SOMVARPET,Kodagu,12.53611111,75.84555556,CGWB manual quarterly (NWDP),Dug well,Unconfined,6.32,0.023,97,1996,2024,3.92,3.24,4.86,3.74,1.12,-0.008,False
Ingilgere,Ingilgere,VIRAJPET,Kodagu,12.27277778,75.86583333,CGWB manual quarterly (NWDP),Dug well,Unconfined,15.8,,38,2013,2024,10.5,9.85,12.99,9.48,3.51,-0.114,False
Jodubeeti,Jodubeeti,VIRAJPET,Kodagu,12.15472222,75.94027778,CGWB manual quarterly (NWDP),Dug well,,14.0,,38,2013,2024,8.35,7.51,10.66,7.54,3.12,-0.128,False
Kaarekaadu,Kaarekaadu,VIRAJPET,Kodagu,12.21138889,75.89888889,CGWB manual quarterly (NWDP),Dug well,Unconfined,15.0,,41,2012,2024,5.04,3.9,5.03,6.02,-0.99,-0.438,False
Kadanga,Kadanga,VIRAJPET,Kodagu,12.22416667,75.74111111,CGWB manual quarterly (NWDP),Dug well,Unconfined,18.4,,38,2013,2024,14.43,14.74,17.17,13.75,3.42,0.008,False
Kadanur,Kadanur,VIRAJPET,Kodagu,12.20833333,75.7625,CGWB manual quarterly (NWDP),Dug well,Unconfined,7.8,,37,2014,2024,4.75,5.3,5.98,4.78,1.2,0.114,False
Kaimane,Kaimane,VIRAJPET,Kodagu,11.99194444,76.00444444,CGWB manual quarterly (NWDP),Dug well,Unconfined,12.5,,33,2015,2024,6.55,6.59,7.98,6.26,1.72,0.013,False
Kakkabe,Kakkabe,MADIKERI,Kodagu,12.25472222,75.64305556,CGWB manual quarterly (NWDP),Dug well,Unconfined,10.0,,108,1996,2024,4.7,4.71,5.06,4.53,0.53,0.007,False
Kakotu Parambu,Kakotu Parambu,VIRAJPET,Kodagu,12.25583333,75.76027778,CGWB manual quarterly (NWDP),Dug well,Unconfined,13.9,,37,2013,2024,10.32,10.26,12.3,9.0,3.3,-0.06,False
Katakeri,Katakeri,MADIKERI,Kodagu,12.41888889,75.70277778,CGWB manual quarterly (NWDP),Dug well,Unconfined,15.0,,39,2012,2024,9.25,9.47,11.95,8.41,3.54,0.086,False
Ketagal 7th Main,Ketagal,MADIKERI,Kodagu,12.4375,75.80694444,CGWB manual quarterly (NWDP),Dug well,Unconfined,14.3,,32,2015,2024,9.06,9.46,11.77,7.72,4.05,0.129,False
Khagodu,Khagodu,MADIKERI,Kodagu,12.37361111,75.75638889,CGWB manual quarterly (NWDP),Dug well,Unconfined,8.0,,37,2012,2024,2.53,2.5,3.24,1.82,1.42,-0.08,False
Khowdikatte,Khowdikatte,SOMVARPET,Kodagu,12.61888889,75.86805556,CGWB manual quarterly (NWDP),Dug well,Unconfined,21.0,,39,2013,2024,13.26,13.06,14.6,13.34,1.26,0.309,False
Kodagarahalligrama,Kodagarahalligrama,SOMVARPET,Kodagu,12.43944444,75.86194444,CGWB manual quarterly (NWDP),Dug well,Unconfined,10.5,,40,2013,2024,6.69,7.09,8.98,5.46,3.52,0.119,False
Kodge Koppalu,Kodge Koppalu,MADIKERI,Kodagu,12.49611111,75.95333333,CGWB manual quarterly (NWDP),Dug well,,6.5,,27,2013,2024,2.4,3.68,3.82,1.44,2.38,0.194,False
Kodlipet,Kodlipet,SOMVARPET,Kodagu,12.8,75.88333333,CGWB manual quarterly (NWDP),Dug well,Unconfined,13.6,0.023,105,1996,2024,7.4,7.2,10.15,6.43,3.72,-0.015,False
Kunda,Kunda,VIRAJPET,Kodagu,12.15111111,75.88972222,CGWB manual quarterly (NWDP),Dug well,Unconfined,16.0,,41,2013,2024,7.69,7.9,11.73,6.11,5.62,0.167,False
Kushalanagara,Kushalanagara,SOMVARPET,Kodagu,12.45805556,75.95805556,CGWB manual quarterly (NWDP),Dug well,Unconfined,15.55,,42,2013,2024,5.52,6.07,8.9,2.95,5.95,-0.009,False
Madalapura,Madalapura,SOMVARPET,Kodagu,12.50416667,75.94166667,CGWB manual quarterly (NWDP),Dug well,Unconfined,7.8,0.023,100,1996,2024,2.72,4.3,3.64,1.95,1.69,0.1,False
Madikeri,Madikeri,MADIKERI,Kodagu,12.41666667,75.75,CGWB manual quarterly (NWDP),Dug well,Unconfined,8.8,,43,1996,2010,3.55,1.1,4.53,3.06,1.47,-0.079,False
Madikeri A,Madikeri A,MADIKERI,Kodagu,12.41666667,75.75,CGWB manual quarterly (NWDP),Dug well,Unconfined,8.8,,32,2012,2023,2.19,1.7,2.85,1.85,1.0,-0.065,False
Majiyalla Ana Camp,-,VIRAJPET,Kodagu,12.21,75.67,CGWB manual quarterly (NWDP),,,,,1,2023,2023,6.65,6.65,,,,,False
Majiyalla Ana Camp,Majiyalla Ana Camp,VIRAJPET,Kodagu,12.21472222,75.67888889,CGWB manual quarterly (NWDP),Dug well,,13.0,,16,2019,2024,4.91,5.47,7.01,4.09,2.92,0.489,False
Marandoda,Marandoda,MADIKERI,Kodagu,12.24166667,75.80277778,CGWB manual quarterly (NWDP),Dug well,,12.0,,8,2013,2024,7.43,10.0,6.68,6.54,0.14,0.465,False
Marandodu,Marandodu,VIRAJPET,Kodagu,12.20833333,75.67916667,CGWB manual quarterly (NWDP),Dug well,,22.0,,26,2014,2022,10.54,10.93,12.65,9.95,2.7,0.371,False
Mekari,Mekari,MADIKERI,Kodagu,12.5125,75.75416667,CGWB manual quarterly (NWDP),Dug well,Unconfined,19.56,,38,2014,2024,14.23,14.27,15.57,13.36,2.21,-0.105,False
Murnad,Murnad,MADIKERI,Kodagu,12.30833333,75.76666667,CGWB manual quarterly (NWDP),Bore well,,60.0,,15,2001,2014,14.39,29.3,37.7,7.67,30.03,1.103,False
Murnad 1,Murnad,MADIKERI,Kodagu,12.48055556,75.755,CGWB manual quarterly (NWDP),Dug well,,14.0,,78,1996,2024,4.55,12.94,4.87,4.31,0.56,0.141,False
Nanjarajapatna,Nanjarajapatna,SOMVARPET,Kodagu,12.375,75.9,CGWB manual quarterly (NWDP),Bore well,Semi-confined,45.0,,74,2000,2024,21.35,21.86,23.9,19.98,3.92,-0.043,False
Nanjarajapatna_1,-,-,Kodagu,12.375,75.9,CGWB manual quarterly (NWDP),Bore well,Semi-confined,45.0,,2,2023,2023,24.45,24.45,,25.3,,,False
Nanjarajpatna,Nanjarajpatna,SOMVARPET,Kodagu,12.37361111,75.89722222,CGWB manual quarterly (NWDP),Dug well,Unconfined,8.5,0.023,100,1996,2024,2.55,2.5,4.15,1.7,2.45,0.054,False
Napoklu,Napoklu,MADIKERI,Kodagu,12.30416667,75.69166667,CGWB manual quarterly (NWDP),Dug well,Unconfined,12.5,0.023,98,1996,2024,7.09,8.1,7.82,6.99,0.83,0.066,False
Neerkolli,Neerkolli,MADIKERI,Kodagu,12.40583333,75.76,CGWB manual quarterly (NWDP),Dug well,Unconfined,15.0,,31,2014,2024,8.09,9.61,9.08,7.19,1.89,0.435,False
Nelaje,Nelaje,MADIKERI,Kodagu,12.29777778,75.63444444,CGWB manual quarterly (NWDP),Dug well,Unconfined,11.0,,42,2013,2024,9.13,9.09,10.04,8.5,1.54,0.004,False
Nilwagilu,Nilwagilu,SOMVARPET,Kodagu,12.78166667,75.94638889,CGWB manual quarterly (NWDP),Dug well,Unconfined,9.5,,36,2012,2023,5.13,4.96,7.2,4.07,3.13,0.048,False
Ontiangadi,Ontiangadi,VIRAJPET,Kodagu,12.26277778,75.83138889,CGWB manual quarterly (NWDP),Dug well,Unconfined,11.6,,36,2013,2024,7.67,8.16,8.66,7.29,1.37,0.12,False
Peraje,Peraje,MADIKERI,Kodagu,12.52277778,75.4375,CGWB manual quarterly (NWDP),Dug well,Unconfined,9.8,,31,2013,2024,5.66,6.61,5.49,5.49,0.0,0.118,False
Ponnampet,Ponnampet,VIRAJPET,Kodagu,12.1375,75.94166667,CGWB manual quarterly (NWDP),Bore well,Semi-confined,60.0,,71,2000,2024,12.86,13.41,15.61,11.97,3.64,0.034,False
Ponnampet A,Ponnampet A,VIRAJPET,Kodagu,12.17083333,75.92916667,CGWB manual quarterly (NWDP),Dug well,Unconfined,13.86,,34,2014,2024,8.74,8.57,11.48,7.99,3.49,-0.06,False
Ponnampet1,Ponnampet,VIRAJPET,Kodagu,12.14583333,75.94305556,CGWB manual quarterly (NWDP),Dug well,,13.15,,68,1996,2023,9.15,9.66,11.32,8.67,2.65,-0.025,False
Ponnathumattai(Cherela Srimangala),Ponnathumattai,SOMVARPET,Kodagu,12.39805556,75.84055556,CGWB manual quarterly (NWDP),Dug well,,10.7,,16,2015,2024,4.53,2.88,5.48,4.04,1.44,-0.558,False
Shanivarasante,Shanivarasante,SOMVARPET,Kodagu,12.725,75.89583333,CGWB manual quarterly (NWDP),Dug well,Unconfined,14.87,0.023,107,1996,2024,5.44,5.68,6.54,5.01,1.53,-0.002,False
Shivaralli,Shivaralli,SOMVARPET,Kodagu,12.75777778,75.90027778,CGWB manual quarterly (NWDP),Dug well,Unconfined,16.0,,41,2013,2024,10.03,9.43,13.3,8.42,4.88,-0.086,False
Siddapura-A,Siddapura-A,VIRAJPET,Kodagu,12.25,75.85,CGWB manual quarterly (NWDP),Dug well,Unconfined,16.5,,40,2012,2024,11.01,10.62,12.91,10.23,2.68,-0.112,False
Somvarpet,Somvarpet,SOMVARPET,Kodagu,12.6,75.85,CGWB manual quarterly (NWDP),Bore well,Semi-confined,45.0,,74,2001,2024,5.06,4.71,6.44,4.89,1.55,-0.06,False
Somvarpet1,Somvarpet,SOMVARPET,Kodagu,12.6,75.83333333,CGWB manual quarterly (NWDP),Dug well,Unconfined,17.97,0.023,108,1996,2024,12.22,11.61,14.22,11.45,2.77,-0.018,False
Somvarpet_1,-,-,Kodagu,12.6,75.85,CGWB manual quarterly (NWDP),Bore well,Semi-confined,45.0,,2,2023,2023,3.5,3.5,,4.1,,,False
Srimangala,Srimangala,VIRAJPET,Kodagu,12.01805556,75.98888889,CGWB manual quarterly (NWDP),Dug well,,14.51,,88,1996,2024,9.97,8.81,11.06,10.01,1.05,-0.068,False
Suntikoppa,Suntikoppa,MADIKERI,Kodagu,12.44861111,75.82361111,CGWB manual quarterly (NWDP),Dug well,Unconfined,8.6,0.023,106,1996,2024,4.45,4.43,5.3,4.26,1.04,-0.004,False
T.Settigere,T.Settigere,VIRAJPET,Kodagu,12.03416667,75.97222222,CGWB manual quarterly (NWDP),Dug well,Unconfined,14.3,,38,2013,2024,7.86,8.13,10.49,6.91,3.58,0.073,False
Thayagathoor,Thayagathoor,SOMVARPET,Kodagu,12.34,75.87111111,CGWB manual quarterly (NWDP),Dug well,Unconfined,25.0,,23,2014,2024,8.04,4.5,8.15,9.02,-0.87,-0.6,False
Titimathi,Titimathi,VIRAJPET,Kodagu,12.25833333,75.92916667,CGWB manual quarterly (NWDP),Dug well,Unconfined,11.1,,37,2014,2024,3.9,3.33,5.58,3.42,2.16,-0.077,False
Virajendrapet,-,-,Kodagu,12.2,75.8,CGWB manual quarterly (NWDP),,,,,5,2023,2024,11.79,11.79,12.95,11.36,1.59,,False
Virajpet,Virajpet,VIRAJPET,Kodagu,12.20416667,75.80833333,CGWB manual quarterly (NWDP),Bore well,,90.0,,77,2000,2024,15.11,15.08,18.57,14.39,4.18,0.086,False
Virajpet1,Virajpet,VIRAJPET,Kodagu,12.2,75.8,CGWB manual quarterly (NWDP),,,,,98,1996,2023,10.86,11.05,12.75,10.65,2.1,0.013,False
Anaganapalli,Anaganapalli,BANGARAPET,Kolar,13.025,78.1625,CGWB manual quarterly (NWDP),Bore well,,60.0,,15,2005,2013,12.84,13.01,13.0,12.48,0.52,0.148,False
Ananthapura,Ananthapura,MULBAGAL,Kolar,13.15833333,78.35833333,CGWB manual quarterly (NWDP),Dug well,,17.65,,2,2012,2013,16.79,16.79,16.79,,,,False
Angondanahalli,Angondanahalli,MULBAGAL,Kolar,13.07,78.36,CGWB manual quarterly (NWDP),Dug well,Unconfined,10.5,,44,2013,2024,5.28,2.86,5.64,4.89,0.75,-0.29,False
Antarganga,Antarganga,KOLAR,Kolar,13.14083333,78.10666667,CGWB manual quarterly (NWDP),Dug well,Unconfined,8.0,,69,2005,2024,3.72,2.99,4.87,2.44,2.43,0.052,False
Arabi Kottanuru,Arabi Kottanuru,KOLAR,Kolar,13.12111111,78.0425,CGWB manual quarterly (NWDP),Dug well,Unconfined,10.0,,38,2014,2024,2.51,1.01,3.95,1.93,2.02,-0.442,False
Avani,Avani,MULBAGAL,Kolar,13.06666667,78.43333333,CGWB manual quarterly (NWDP),Bore well,,40.0,,51,1998,2020,0.74,2.89,0.68,0.71,-0.03,0.035,False
Avani,Avani,KOLAR,Kolar,13.10666667,78.32694444,CGWB manual quarterly (NWDP),Dug well,Unconfined,12.3,,34,2014,2024,2.65,2.23,3.72,1.71,2.01,-0.102,False
Avani1,Avani,MULBAGAL,Kolar,13.06944444,78.43333333,CGWB manual quarterly (NWDP),Dug well,,6.4,,43,2003,2024,1.59,4.05,2.15,1.11,1.04,0.262,False
Bagepalli,Bagepalli,BAGEPALLI,Kolar,13.78333333,77.79166667,CGWB manual quarterly (NWDP),,,,,15,1996,2013,9.48,15.95,13.1,8.05,5.05,0.576,False
Bairakur,Bairakur,MULBAGAL,Kolar,13.23694444,78.48916667,CGWB manual quarterly (NWDP),Dug well,Unconfined,10.0,,44,2013,2024,3.78,2.43,5.91,1.79,4.12,-0.285,False
Bandammanahalli,Bandammanahalli,CHIKBALLAPUR,Kolar,13.45,77.625,CGWB manual quarterly (NWDP),,,,,3,2011,2013,12.5,12.5,12.5,,,,False
Bangarapet,Bangarapet,BANGARAPET,Kolar,13.025,78.1625,CGWB manual quarterly (NWDP),Bore well,,60.0,,19,2012,2024,26.87,17.92,42.06,22.9,19.16,-1.545,False
Bangarapet1,Bangarapet,BANGARAPET,Kolar,13.025,78.1625,CGWB manual quarterly (NWDP),Bore well,,60.0,,2,2013,2013,10.48,10.48,10.48,,,,False
Basettihalli,Basettihalli,CHIKBALLAPUR,Kolar,13.53333333,77.79583333,CGWB manual quarterly (NWDP),,,,,22,1996,2013,13.05,16.5,13.52,12.28,1.24,0.27,False
Bennavara,Bennavara,BANGARAPET,Kolar,12.92222222,78.40138889,CGWB manual quarterly (NWDP),,,,,10,2005,2013,17.57,17.59,17.59,18.84,-1.25,0.742,False
Bestrahalli,Bestrahalli,MULBAGAL,Kolar,13.2125,78.31944444,CGWB manual quarterly (NWDP),,,,,31,2003,2013,17.8,18.98,18.41,16.97,1.44,0.476,False
Bethamangala,Bethamangala,BANGARAPET,Kolar,13.00833333,78.3,CGWB manual quarterly (NWDP),,,,,6,2003,2005,7.18,7.18,6.33,5.2,1.13,,False
Bevahalli,Bevahalli,MULBAGAL,Kolar,13.21,78.33,CGWB manual quarterly (NWDP),Dug well,Unconfined,7.5,,41,2013,2024,3.71,2.67,3.89,2.99,0.9,-0.128,False
Bevinahalli,Bevinahalli,GAURIBIDANUR,Kolar,13.49166667,77.47083333,CGWB manual quarterly (NWDP),Dug well,Unconfined,13.0,,68,2004,2024,8.77,7.4,9.94,7.61,2.33,0.032,False
Bhimganapalli,Bhimganapalli,BANGARAPET,Kolar,12.84166667,78.16944444,CGWB manual quarterly (NWDP),Dug well,Unconfined,12.0,,39,2014,2024,5.06,2.64,5.6,4.67,0.93,-0.56,False
Billur,Billur,BAGEPALLI,Kolar,13.85416667,78.00416667,CGWB manual quarterly (NWDP),Dug well,Unconfined,20.0,,36,2003,2014,6.35,8.75,7.83,4.97,2.86,0.173,False
Budikote,Budikote,BANGARAPET,Kolar,12.90527778,78.13166667,CGWB manual quarterly (NWDP),Dug well,Unconfined,12.05,,56,2004,2024,4.26,1.97,5.76,3.03,2.73,-0.186,False
Budikunte,Budikunte,BANGARAPET,Kolar,12.90583333,78.12972222,CGWB manual quarterly (NWDP),Dug well,Unconfined,10.4,,36,2014,2024,3.51,2.13,4.75,2.55,2.2,-0.534,False
Challdiganahalli,-,SRINIVASPUR,Kolar,13.31,78.18,CGWB manual quarterly (NWDP),,,,,5,2023,2024,31.89,31.89,32.3,30.87,1.43,,False
Chelur,Chelur,BAGEPALLI,Kolar,13.7,78.1,CGWB manual quarterly (NWDP),Bore well,,30.0,,33,1998,2022,11.74,4.4,13.2,10.64,2.56,-0.304,False
Chelur1,Chelur,BAGEPALLI,Kolar,13.70277778,78.10277778,CGWB manual quarterly (NWDP),,,,,3,2011,2013,13.94,13.94,13.94,,,,False
ChikkaIgluru,ChikkaIgluru,MALUR,Kolar,12.91166667,77.97305556,CGWB manual quarterly (NWDP),,,,,2,2012,2013,17.95,17.95,17.95,,,,False
Chikkathirupathy,Chikkathirupathy,MALUR,Kolar,12.89444444,77.86805556,CGWB manual quarterly (NWDP),Bore well,,90.0,,33,2001,2013,28.78,37.41,29.44,32.61,-3.17,1.408,False
Chintamakanahalli,-,SRINIVASPUR,Kolar,13.24,78.25,CGWB manual quarterly (NWDP),,,,,5,2023,2024,3.65,3.65,4.08,3.19,0.89,,False
Chintamani,Chintamani,CHINTAMANI,Kolar,13.4,78.05833333,CGWB manual quarterly (NWDP),Bore well,Semi-confined,90.0,,42,2000,2024,5.36,3.23,14.31,2.82,11.49,0.007,False
Chintamani A,Chintamani A,CHINTAMANI,Kolar,13.40555556,78.05527778,CGWB manual quarterly (NWDP),Dug well,Unconfined,9.8,,36,2014,2024,2.61,1.64,3.16,1.92,1.24,-0.2,False
Chintamani1,Chintamani,CHINTAMANI,Kolar,13.4,78.06666667,CGWB manual quarterly (NWDP),,,,,21,2003,2013,6.82,8.81,7.52,5.96,1.56,0.761,False
Dalasanur,Dalasanur,KOLAR,Kolar,13.275,78.00277778,CGWB manual quarterly (NWDP),Bore well,Semi-confined,60.0,,68,1998,2024,24.4,15.63,26.85,22.35,4.5,0.024,False
Dalasanur_1,-,-,Kolar,13.27,78.0,CGWB manual quarterly (NWDP),,,,,2,2023,2024,16.63,16.63,,15.66,,,False
Dasarahosahalli,Dasarahosahalli,BANGARAPET,Kolar,12.98805556,78.2275,CGWB manual quarterly (NWDP),,,,,22,2005,2013,8.64,10.71,9.95,6.16,3.79,1.283,False
Devangundi,Devangundi,MALUR,Kolar,12.97416667,77.92333333,CGWB manual quarterly (NWDP),,,,,24,2005,2013,8.83,8.95,8.84,8.66,0.18,0.105,False
Devarayasamudra,Devarayasamudra,MULBAGAL,Kolar,13.12361111,78.3,CGWB manual quarterly (NWDP),Dug well,Unconfined,30.0,,79,2003,2024,2.49,2.0,3.98,1.19,2.79,0.007,False
Dibburahalli,Dibburahalli,SIDLAGHATTA,Kolar,13.55555556,77.90277778,CGWB manual quarterly (NWDP),,,,,5,1997,1999,10.88,10.88,11.62,10.94,0.68,,False
Dibburahalli PZ,Dibburahalli,SIDLAGHATTA,Kolar,13.55583333,77.90916667,CGWB manual quarterly (NWDP),Bore well,Semi-confined,50.0,,40,2012,2024,19.69,11.1,17.86,18.58,-0.72,-1.408,False
Dibburahalli1,Dibburahalli,SIDLAGHATTA,Kolar,13.55583333,77.90916667,CGWB manual quarterly (NWDP),Bore well,Semi-confined,50.0,,3,2005,2016,23.94,19.51,26.18,,,,False
Dinnahalli,Dinnahalli,MALUR,Kolar,12.86833333,78.05472222,CGWB manual quarterly (NWDP),Dug well,,9.7,,14,2006,2012,7.29,7.33,7.21,7.21,0.0,0.071,False
Doddaganjur,Doddaganjur,KOLAR,Kolar,13.21527778,78.12361111,CGWB manual quarterly (NWDP),,,,,3,2011,2013,19.35,19.35,19.35,,,,False
Doddaganjur NAQUIM,-,CHINTAMANI,Kolar,13.37,78.11,CGWB manual quarterly (NWDP),,,,,2,2023,2023,23.92,23.92,23.66,,,,False
Doddaganjur Naquim_1,-,-,Kolar,13.3725,78.1069,CGWB manual quarterly (NWDP),,,,,3,2023,2024,23.08,23.08,,22.83,,,False
Doddapayalagurki,Doddapayalagurki,CHIKBALLAPUR,Kolar,13.51111111,77.7625,CGWB manual quarterly (NWDP),,,,,9,1996,1999,4.62,4.01,6.35,2.38,3.97,,False
Doddashivara,Doddashivara,MALUR,Kolar,13.03472222,77.98472222,CGWB manual quarterly (NWDP),Bore well,Semi-confined,73.7,,39,2002,2024,40.54,33.92,45.39,37.23,8.16,-0.217,False
Gadarajhalli,Gadarajhalli,BANGARAPET,Kolar,12.96444444,78.30944444,CGWB manual quarterly (NWDP),Dug well,Unconfined,12.9,,44,2013,2024,6.61,5.26,7.15,6.18,0.97,-0.325,False
Gajahalli,Gajahalli,CHINTAMANI,Kolar,13.31527778,78.06666667,CGWB manual quarterly (NWDP),Dug well,Unconfined,10.5,,38,2014,2024,1.54,1.25,2.76,0.98,1.78,-0.027,False
Ganjigunte,Ganjigunte,CHIKBALLAPUR,Kolar,13.48611111,77.81944444,CGWB manual quarterly (NWDP),,,,,3,2004,2013,15.51,16.9,15.63,,,,False
Ganjikunte-A,Ganjikunte-A,SIDLAGHATTA,Kolar,13.48611111,77.81972222,CGWB manual quarterly (NWDP),,,,,2,2011,2012,7.05,7.05,2.1,,,,False
Gauribidanur,Gauribidanur,GAURIBIDANUR,Kolar,13.63194444,77.57083333,CGWB manual quarterly (NWDP),Bore well,Semi-confined,90.0,,81,1998,2024,37.36,15.93,38.95,36.14,2.81,-0.335,False
Gauribidanur1,Gauribidanur,GAURIBIDANUR,Kolar,13.62638889,77.57083333,CGWB manual quarterly (NWDP),,,,,1,2010,2010,10.18,10.18,,,,,False
Gortipalli Naquim Ow,-,BAGEPALLI,Kolar,13.92,77.95,CGWB manual quarterly (NWDP),,,,,2,2023,2023,7.46,7.46,12.73,,,,False
Gortipalli Naquim Ow_1,-,-,Kolar,13.9228,77.9506,CGWB manual quarterly (NWDP),,,,,3,2023,2024,20.12,20.12,,15.3,,,False
Gowdagere1,Gowdagere,GAURIBIDANUR,Kolar,13.49166667,77.6,CGWB manual quarterly (NWDP),,,,,18,2005,2012,12.24,12.35,12.35,11.85,0.5,0.1,False
Gudibanda1,Gudibanda,GUDIBANDA,Kolar,13.66666667,77.75,CGWB manual quarterly (NWDP),Bore well,,70.0,,22,1998,2015,20.84,63.8,32.78,12.8,19.98,2.592,False
Gudibanda2,Gudibanda,GUDIBANDA,Kolar,13.66666667,77.75,CGWB manual quarterly (NWDP),Bore well,,70.0,,7,2012,2024,3.56,1.48,8.25,2.14,6.11,-0.337,False
Gudibandeii,Gudibandeii,CHIKBALLAPUR,Kolar,13.67611111,77.68416667,CGWB manual quarterly (NWDP),Dug well,Unconfined,10.0,,40,2013,2023,2.35,1.32,2.54,2.51,0.03,-0.204,False
Gudpalli,Gudpalli,MULBAGAL,Kolar,13.31333333,78.48,CGWB manual quarterly (NWDP),Dug well,Unconfined,10.5,,44,2013,2024,3.47,2.26,4.65,2.66,1.99,-0.362,False
Gulur,Gulur,BAGEPALLI,Kolar,13.83333333,77.83333333,CGWB manual quarterly (NWDP),Dug well,,20.0,,39,1996,2013,5.54,5.17,8.07,5.22,2.85,0.293,False
Hampasandra,Hampasandra,GAURIBIDANUR,Kolar,13.66666667,77.425,CGWB manual quarterly (NWDP),Bore well,Semi-confined,60.0,,55,1998,2024,31.27,16.3,35.06,27.18,7.88,-0.161,False
Hampasandra,Hampasandra,GUDIBANDA,Kolar,13.74305556,77.75138889,CGWB manual quarterly (NWDP),Dug well,Unconfined,12.0,,37,2014,2024,4.26,2.07,5.63,3.16,2.47,-0.543,False
Hebbani,Hebbani,MULBAGAL,Kolar,13.27777778,78.57361111,CGWB manual quarterly (NWDP),,,,,22,2005,2013,14.15,14.15,14.15,14.15,0.0,-0.0,False
Hebbani PZ,Hebbani,MULBAGAL,Kolar,13.2825,78.56666667,CGWB manual quarterly (NWDP),Bore well,,90.0,,2,2008,2014,11.3,-0.24,11.3,,,,False
Hudukula,Hudukula,BANGARAPET,Kolar,13.06666667,78.15833333,CGWB manual quarterly (NWDP),Bore well,Semi-confined,90.0,,75,2000,2024,22.53,15.88,23.12,21.38,1.74,-0.071,False
Hudukula_1,-,-,Kolar,13.07,78.16,CGWB manual quarterly (NWDP),,,,,1,2024,2024,22.31,22.31,,,,,False
Iragampalli,Iragampalli,CHINTAMANI,Kolar,13.5375,78.13333333,CGWB manual quarterly (NWDP),,,,,44,2003,2015,12.26,13.45,12.85,12.02,0.83,0.256,False
Jayanti,Jayanti,CHIKBALLAPUR,Kolar,13.48611111,77.80277778,CGWB manual quarterly (NWDP),,,,,14,2003,2013,8.4,10.41,10.41,6.46,3.95,0.853,False
Jodikottur,Jodikottur,BANGARAPET,Kolar,13.005,78.3425,CGWB manual quarterly (NWDP),Dug well,,13.92,,25,2005,2013,3.78,3.43,6.2,2.21,3.99,0.065,False
Kadehalli,Kadehalli,BAGEPALLI,Kolar,13.77083333,77.775,CGWB manual quarterly (NWDP),,,,,7,1996,1999,8.38,8.38,6.13,8.41,-2.28,,False
Kaiwara,Kaiwara,CHINTAMANI,Kolar,13.3375,77.99166667,CGWB manual quarterly (NWDP),Bore well,,63.5,,50,2001,2015,22.64,30.45,23.33,20.67,2.66,1.202,False
Kaiwara1,Kaiwara,SIDLAGHATTA,Kolar,13.33333333,77.82638889,CGWB manual quarterly (NWDP),,,,,23,2003,2013,6.34,7.41,7.24,3.84,3.4,0.407,False
Kappalamadugu,Kappalamadugu,MULBAGAL,Kolar,13.19166667,78.4375,CGWB manual quarterly (NWDP),,,,,2,2008,2012,12.34,12.34,12.34,,,,False
Keilolli,Keilolli,MULBAGAL,Kolar,13.12,78.29,CGWB manual quarterly (NWDP),Dug well,Unconfined,9.0,,44,2013,2024,4.0,3.06,5.15,2.95,2.2,-0.07,False
Kendatti,Kendatti,KOLAR,Kolar,13.135,78.13611111,CGWB manual quarterly (NWDP),Dug well,Unconfined,10.1,,38,2014,2024,3.36,2.4,4.94,1.94,3.0,-0.227,False
Kgf,Kgf,BANGARAPET,Kolar,12.97916667,78.26166667,CGWB manual quarterly (NWDP),Bore well,Semi-confined,90.0,,64,2006,2024,21.73,14.77,23.51,20.35,3.16,-0.063,False
Kodihalli,Kodihalli,KOLAR,Kolar,13.1125,78.13333333,CGWB manual quarterly (NWDP),,,,,2,2011,2012,14.4,14.4,14.4,,,,False
Kolar,Kolar,KOLAR,Kolar,13.125,78.125,CGWB manual quarterly (NWDP),Bore well,Semi-confined,80.0,,79,2001,2024,31.75,24.15,32.63,29.15,3.48,0.269,False
Kolar1,Kolar,KOLAR,Kolar,13.14166667,78.0875,CGWB manual quarterly (NWDP),,,,,9,2003,2006,1.95,1.88,2.58,1.16,1.42,,False
Kolar2,Kolar,KOLAR,Kolar,13.13333333,78.13333333,CGWB manual quarterly (NWDP),,,,,28,2003,2013,12.88,15.87,13.0,14.81,-1.81,1.808,False
Kolar2,Kolar,KOLAR,Kolar,13.1375,78.15,CGWB manual quarterly (NWDP),,,,,1,2013,2013,5.5,5.5,5.5,,,,False
Kondavalahalli,-,GUDIBANDA,Kolar,13.69,77.72,CGWB manual quarterly (NWDP),,,,,2,2023,2023,19.52,19.52,21.13,,,,False
Kondavalahalli_1,-,-,Kolar,13.6922,77.7181,CGWB manual quarterly (NWDP),,,,,3,2023,2024,31.37,31.37,,31.34,,,False
Krishnarajapuram,Krishnarajapuram,BANGARAPET,Kolar,12.99166667,78.275,CGWB manual quarterly (NWDP),Dug well,,11.14,,19,2003,2013,7.21,7.17,8.45,5.8,2.65,0.211,False
Kumbiganahalli,Kumbiganahalli,KOLAR,Kolar,13.24027778,77.92916667,CGWB manual quarterly (NWDP),,,,,2,2003,2003,5.04,5.04,,4.74,,,False
Kuppampalya,Kuppampalya,MULBAGAL,Kolar,13.03611111,78.43333333,CGWB manual quarterly (NWDP),,,,,16,2003,2013,11.39,12.64,11.89,7.44,4.45,0.652,False
Kuruburu,Kuruburu,CHINTAMANI,Kolar,13.30833333,78.1,CGWB manual quarterly (NWDP),Bore well,Semi-confined,70.65,,77,2001,2024,27.12,20.98,27.33,26.15,1.18,0.021,False
Kurudmale,Kurudmale,MULBAGAL,Kolar,13.06,78.37,CGWB manual quarterly (NWDP),Dug well,Unconfined,5.0,,44,2013,2024,2.18,1.95,2.76,1.65,1.11,-0.043,False
Kurugal,Kurugal,KOLAR,Kolar,13.20416667,77.99166667,CGWB manual quarterly (NWDP),Dug well,,10.14,,40,2003,2023,6.81,1.8,7.39,6.64,0.75,0.133,False
Kurugal A,Kurugal A,KOLAR,Kolar,13.10666667,78.31694444,CGWB manual quarterly (NWDP),Dug well,Unconfined,11.1,,30,2014,2024,4.02,2.52,5.42,3.29,2.13,-0.579,False
Kysamballi,Kysamballi,BANGARAPET,Kolar,13.00833333,78.36666667,CGWB manual quarterly (NWDP),,,,,25,1998,2013,18.07,59.51,19.1,16.71,2.39,3.28,False
Lakkenahalli,Lakkenahalli,BANGARAPET,Kolar,12.96666667,78.26666667,CGWB manual quarterly (NWDP),Bore well,,90.0,,53,2001,2024,29.83,21.32,32.22,27.39,4.83,0.392,False
Lakkenahalli1,Lakkenahalli,BANGARAPET,Kolar,12.88055556,78.26666667,CGWB manual quarterly (NWDP),Bore well,Semi-confined,90.0,,45,2001,2024,31.64,15.46,32.71,23.65,9.06,0.778,False
Lakshimipura,Lakshimipura,SRINIVASPUR,Kolar,13.44166667,78.30833333,CGWB manual quarterly (NWDP),Bore well,,60.0,,23,1998,2024,18.09,16.97,25.28,11.01,14.27,0.915,False
Lakshmisagara,Lakshmisagara,SRINIVASPUR,Kolar,13.23888889,78.28333333,CGWB manual quarterly (NWDP),Bore well,,65.0,,59,2000,2024,26.53,19.15,27.1,26.8,0.3,0.373,False
Lalapet,Lalapur,SRINIVASPUR,Kolar,13.275,78.26666667,CGWB manual quarterly (NWDP),,,,,14,2003,2013,14.18,14.11,14.01,14.2,-0.19,-0.007,False
Madivala,Madivala,SIDLAGHATTA,Kolar,13.50833333,77.95833333,CGWB manual quarterly (NWDP),Bore well,Semi-confined,60.0,,78,1998,2024,28.76,26.54,28.22,28.13,0.09,1.06,False
Madivala_2,-,-,Kolar,13.5083,77.9508,CGWB manual quarterly (NWDP),,,,,1,2024,2024,18.35,18.35,,,,,False
Mallasandra,Mallasandra,MULBAGAL,Kolar,13.17833333,78.35222222,CGWB manual quarterly (NWDP),Dug well,Unconfined,6.0,,37,2013,2024,2.33,2.02,3.35,1.74,1.61,-0.001,False
Malur,Malur,MALUR,Kolar,13.0,77.93333333,CGWB manual quarterly (NWDP),,,,,29,2000,2013,43.27,59.52,42.8,43.98,-1.18,2.539,False
Manchenahalli,Machenahalli,GAURIBIDANUR,Kolar,13.5,77.53333333,CGWB manual quarterly (NWDP),Bore well,Semi-confined,30.0,,81,1999,2024,12.14,8.63,12.19,11.84,0.35,0.021,False
Manchenahalli_1,-,-,Kolar,13.5,77.5333,CGWB manual quarterly (NWDP),Bore well,Semi-confined,30.0,,2,2023,2023,8.26,8.26,,7.7,,,False
Mandikal,Mandikal,CHIKBALLAPUR,Kolar,13.55166667,77.73333333,CGWB manual quarterly (NWDP),,,,,36,1996,2012,2.95,5.19,3.89,2.47,1.42,0.21,False
Manighatte,-,KOLAR,Kolar,13.18,78.22,CGWB manual quarterly (NWDP),,,,,2,2023,2023,14.6,14.6,15.16,,,,False
Mitiganahalli,Mitiganahalli,KOLAR,Kolar,12.98861111,78.10027778,CGWB manual quarterly (NWDP),Dug well,Unconfined,7.2,,34,2014,2024,0.6,0.69,0.72,0.4,0.32,-0.01,False
Mittemari,Mittemari,BAGEPALLI,Kolar,13.70833333,77.86944444,CGWB manual quarterly (NWDP),Bore well,,70.0,,60,1999,2022,31.06,11.97,33.15,25.73,7.42,1.081,False
Moorandahalli NAQUIM,-,KOLAR,Kolar,13.17,78.15,CGWB manual quarterly (NWDP),,,,,2,2023,2023,22.38,22.38,22.72,,,,False
Moorandahalli Naquim_1,-,-,Kolar,13.1675,78.1494,CGWB manual quarterly (NWDP),,,,,3,2023,2024,23.85,23.85,,23.83,,,False
Motamakalahalli,Motamakalahalli,CHINTAMANI,Kolar,13.6,78.075,CGWB manual quarterly (NWDP),Dug well,Unconfined,16.95,,61,2003,2023,9.87,6.93,10.29,8.71,1.58,-0.117,False
Mudiyanur,Mudiyanur,MULBAGAL,Kolar,13.23,78.31,CGWB manual quarterly (NWDP),Dug well,,14.5,,14,2013,2016,11.9,12.25,13.6,11.28,2.32,,False
Mulbagal,Mulbagal,MULBAGAL,Kolar,13.15,78.4,CGWB manual quarterly (NWDP),Dug well,,13.1,,54,2000,2022,10.4,10.32,11.41,7.67,3.74,1.41,False
Mulbagal Dw,Mulbagal Dw,MULBAGAL,Kolar,13.16111111,78.38944444,CGWB manual quarterly (NWDP),Dug well,Unconfined,8.0,,35,2013,2022,1.12,0.69,1.79,0.89,0.9,-0.021,False
Mulbagal1,Mulbagal,MULBAGAL,Kolar,13.15,78.4,CGWB manual quarterly (NWDP),Dug well,,13.1,,3,2013,2013,0.81,0.81,0.71,,,,False
Munganahalli,Munganahalli,CHINTAMANI,Kolar,13.58472222,78.13888889,CGWB manual quarterly (NWDP),Dug well,,15.1,,2,2008,2013,2.18,0.89,2.18,,,,False
Murugamalla,Murugamalla,CHINTAMANI,Kolar,13.43333333,78.12638889,CGWB manual quarterly (NWDP),Dug well,Unconfined,10.0,,76,2003,2024,3.92,1.58,5.02,3.18,1.84,-0.212,False
N Voddahalli,N Voddahalli,MULBAGAL,Kolar,13.20277778,78.4625,CGWB manual quarterly (NWDP),Dug well,,13.0,,27,2003,2013,2.0,2.52,3.07,0.98,2.09,0.014,False
Namagondlu,Namagondlu,GAURIBIDANUR,Kolar,13.58333333,77.60833333,CGWB manual quarterly (NWDP),Dug well,Unconfined,13.9,,68,1996,2024,5.93,2.0,7.8,4.19,3.61,-0.09,False
Nandi,Nandi,CHIKBALLAPUR,Kolar,13.38416667,77.69833333,CGWB manual quarterly (NWDP),Bore well,Semi-confined,69.0,,43,2006,2024,49.04,23.71,52.46,47.77,4.69,-1.965,False
Nandi1,Nandi,CHIKBALLAPUR,Kolar,13.40277778,77.725,CGWB manual quarterly (NWDP),,,,,25,2003,2013,18.76,19.1,18.69,18.48,0.21,0.181,False
Nangali,Nangali,MULBAGAL,Kolar,13.1875,78.52916667,CGWB manual quarterly (NWDP),Dug well,,8.25,,50,2003,2016,4.54,7.16,4.9,3.62,1.28,0.386,False
Narasapura,Narasapura,KOLAR,Kolar,13.13333333,78.00138889,CGWB manual quarterly (NWDP),Dug well,,6.45,,26,2003,2013,1.7,1.21,1.84,0.86,0.98,0.045,False
Nelam,Nelam,KOLAR,Kolar,13.1625,78.10833333,CGWB manual quarterly (NWDP),Dug well,Unconfined,6.5,,68,2003,2023,2.55,1.52,4.04,1.31,2.73,-0.005,False
Parandahalli,Parandahalli,BANGARAPET,Kolar,12.92777778,78.31944444,CGWB manual quarterly (NWDP),,,,,4,2010,2013,16.43,16.43,16.43,16.43,0.0,,False
Pathapalya,Nandi,CHIKBALLAPUR,Kolar,13.45833333,77.69166667,CGWB manual quarterly (NWDP),Bore well,,69.0,,24,1998,2013,25.63,68.98,33.9,19.87,14.03,3.886,False
Pathapalya,Pathapalya,BAGEPALLI,Kolar,13.76388889,77.96666667,CGWB manual quarterly (NWDP),Bore well,,60.0,,24,1999,2013,24.71,53.16,26.69,19.38,7.31,1.236,False
Pathapalya1,Pathapalya,BAGEPALLI,Kolar,13.75416667,77.79444444,CGWB manual quarterly (NWDP),,,,,11,1996,1998,3.97,3.97,5.24,2.56,2.68,,False
Patna,Patna,KOLAR,Kolar,13.05833333,78.24861111,CGWB manual quarterly (NWDP),Dug well,,14.05,,35,2003,2014,5.44,9.22,7.32,4.63,2.69,0.655,False
Peresandra,Peresandra,CHIKBALLAPUR,Kolar,13.58333333,77.74166667,CGWB manual quarterly (NWDP),,,,,15,1996,2000,6.62,5.86,9.13,3.61,5.52,,False
Pethandahalli,Pethandahalli,MULBAGAL,Kolar,13.24166667,78.49166667,CGWB manual quarterly (NWDP),Dug well,,11.84,,44,2003,2024,5.39,3.19,6.94,4.13,2.81,0.009,False
Pindipapanahalli,Pindipapanahalli,SIDLAGHATTA,Kolar,13.39888889,77.92472222,CGWB manual quarterly (NWDP),,,,,5,2004,2013,8.03,8.91,7.81,,,,False
Puligal,Puligal,BAGEPALLI,Kolar,13.78333333,78.08333333,CGWB manual quarterly (NWDP),Dug well,,15.0,,10,2003,2009,8.45,10.09,10.97,4.63,6.34,0.579,False
Puligallu-A,Puligallu-A,BAGEPALLI,Kolar,13.78333333,78.08333333,CGWB manual quarterly (NWDP),Dug well,,15.0,,1,2013,2013,14.0,14.0,,,,,False
Pura,Pura,GAURIBIDANUR,Kolar,13.53888889,77.60555556,CGWB manual quarterly (NWDP),Dug well,Unconfined,7.5,0.023,103,1996,2024,3.55,1.84,4.74,2.52,2.22,-0.042,False
Ramapura,Ramapura,MALUR,Kolar,12.9375,77.93888889,CGWB manual quarterly (NWDP),,,,,17,2005,2013,3.99,4.43,4.06,3.53,0.53,0.28,False
Sadali,Sadali,SIDLAGHATTA,Kolar,13.61666667,77.86666667,CGWB manual quarterly (NWDP),,,,,6,1997,1999,7.68,7.68,7.63,8.01,-0.38,,False
Sangasandra,Sangasandra,MULBAGAL,Kolar,13.22361111,78.41111111,CGWB manual quarterly (NWDP),Dug well,Unconfined,11.2,,77,2003,2024,2.67,1.5,3.68,1.73,1.95,-0.138,False
Settigere,Settigere,CHIKBALLAPUR,Kolar,13.55,77.75833333,CGWB manual quarterly (NWDP),Dug well,Unconfined,14.2,,84,1996,2023,7.46,5.15,9.02,5.57,3.45,-0.009,False
Sidlaghatta,Sidlaghatta,SIDLAGHATTA,Kolar,13.3875,77.87083333,CGWB manual quarterly (NWDP),Dug well,,12.1,,25,2003,2017,11.08,6.47,11.25,11.31,-0.06,-0.197,False
Somayajalahalli_1,-,-,Kolar,13.371871,78.3541,CGWB manual quarterly (NWDP),,,,,3,2023,2024,32.64,32.64,,32.6,,,False
Somayajalapalli,-,SRINIVASPUR,Kolar,13.37,78.35,CGWB manual quarterly (NWDP),,,,,2,2023,2023,31.32,31.32,34.05,,,,False
Taridal,Taridal,GAURIBIDANUR,Kolar,13.48333333,77.44166667,CGWB manual quarterly (NWDP),,,,,1,1997,1997,4.48,4.48,4.48,,,,False
Tatikal,Tatikal,MULBAGAL,Kolar,13.20416667,78.5,CGWB manual quarterly (NWDP),Dug well,Unconfined,8.5,,67,2003,2024,5.59,2.19,6.21,4.61,1.6,-0.147,False
Tayalur,Tayalur,MULBAGAL,Kolar,13.05694444,78.42777778,CGWB manual quarterly (NWDP),Dug well,,9.65,,12,2006,2014,7.57,6.81,8.63,8.63,0.0,0.123,False
Tekal,Tekal,MALUR,Kolar,12.98333333,78.08333333,CGWB manual quarterly (NWDP),,,,,11,2007,2013,12.09,11.58,12.98,12.98,0.0,0.007,False
Thondebhavi,Thondebhavi,GAURIBIDANUR,Kolar,13.58333333,77.58333333,CGWB manual quarterly (NWDP),Dug well,Unconfined,11.76,0.023,97,1996,2023,2.78,1.16,4.14,1.45,2.69,-0.079,False
Thoralakki,Thoralakki,BANGARAPET,Kolar,12.92083333,78.15138889,CGWB manual quarterly (NWDP),Dug well,Unconfined,10.35,,77,2003,2024,2.72,1.93,3.46,2.04,1.42,-0.06,False
Tirumani,-,MULBAGAL,Kolar,13.26,78.22,CGWB manual quarterly (NWDP),,,,,3,2023,2023,6.81,6.81,5.8,,,,False
Tirumani_2,-,-,Kolar,13.2597,78.2175,CGWB manual quarterly (NWDP),,,,,2,2023,2024,6.46,6.46,,5.6,,,False
Upparpet,Upparpet,CHINTAMANI,Kolar,13.4,77.99166667,CGWB manual quarterly (NWDP),Dug well,Unconfined,10.5,,76,2003,2024,4.66,3.46,5.84,3.89,1.95,-0.108,False
Vadagere,Vadagere,KOLAR,Kolar,13.0475,78.09638889,CGWB manual quarterly (NWDP),Dug well,Unconfined,11.0,,39,2014,2024,2.97,2.19,4.22,2.06,2.16,-0.209,False
Vatadahosahalli,Vatadahosahalli,GAURIBIDANUR,Kolar,13.69444444,77.63611111,CGWB manual quarterly (NWDP),,,,,23,1999,2013,8.79,59.16,13.76,7.31,6.45,2.744,False
Vidhuraswath,Vidhuraswath,GAURIBIDANUR,Kolar,13.66833333,77.50333333,CGWB manual quarterly (NWDP),Bore well,Semi-confined,50.0,,60,2006,2024,18.32,4.79,23.91,11.33,12.58,0.259,False
Yagavakote-A,Yagavakote-A,CHINTAMANI,Kolar,13.49305556,78.15972222,CGWB manual quarterly (NWDP),Dug well,,8.0,,2,2012,2013,7.18,7.18,,7.18,,,False
Yegavakote,Yegavakote,CHINTAMANI,Kolar,13.49305556,78.15972222,CGWB manual quarterly (NWDP),Dug well,,8.0,,26,2003,2013,9.0,8.98,9.5,8.76,0.74,0.219,False
Yellampalli,Yellampalli,MALUR,Kolar,13.74166667,77.84,CGWB manual quarterly (NWDP),Dug well,,20.0,,25,2007,2015,9.07,13.6,11.23,6.57,4.66,1.68,False
Yemnatham,Yemnatham,MULBAGAL,Kolar,13.1,78.40833333,CGWB manual quarterly (NWDP),,,,,14,2007,2013,11.39,11.39,11.39,11.39,0.0,-0.0,False
Yenigadale,Yenigadale,CHINTAMANI,Kolar,13.63333333,78.075,CGWB manual quarterly (NWDP),,,,,10,2003,2012,18.59,19.22,17.65,19.22,-1.57,0.632,False
Yeshwanthpura,Yeshwanthpura,KOLAR,Kolar,13.13166667,77.96083333,CGWB manual quarterly (NWDP),Bore well,Semi-confined,90.0,,52,2006,2024,62.72,60.57,63.03,60.12,2.91,2.006,False
Abbigere,Abbigere,KOPPAL,Koppal,15.43055556,76.11416667,CGWB manual quarterly (NWDP),Dug well,,5.55,,1,2012,2012,2.23,2.23,,,,,False
Akalkumpi,Akalkumpi,GANGAWATI,Koppal,15.61666667,76.49166667,CGWB manual quarterly (NWDP),Dug well,Unconfined,6.23,,78,1996,2023,5.06,5.68,5.34,4.46,0.88,0.103,False
Alawandi,-,-,Koppal,15.2329,75.9832,CGWB manual quarterly (NWDP),,,,,1,2024,2024,1.96,1.96,,,,,False
Bandi,Bandi,YELBARGA,Koppal,15.73333333,76.05833333,CGWB manual quarterly (NWDP),Dug well,Unconfined,15.5,,58,2008,2024,9.54,7.59,10.58,9.01,1.57,-0.274,False
Bannikoppa,Bannikoppa,KOPPAL,Koppal,15.38055556,75.94055556,CGWB manual quarterly (NWDP),Bore well,Unconfined,50.0,,27,2007,2024,9.93,5.56,10.08,10.06,0.02,-0.225,False
Basapur2,Basapur,KOPPAL,Koppal,15.36666667,76.25,CGWB manual quarterly (NWDP),Dug well,Unconfined,9.26,,88,1996,2024,6.08,4.53,7.54,4.64,2.9,0.004,False
Bhanapur,Bhanapur,YELBARGA,Koppal,15.38055556,76.04166667,CGWB manual quarterly (NWDP),Dug well,,16.5,,50,1996,2015,14.08,15.42,15.03,12.63,2.4,0.319,False
Gangavathi_1,-,-,Koppal,15.25,76.52,CGWB manual quarterly (NWDP),,,,,3,2023,2023,3.49,3.49,3.62,2.3,1.32,,False
Gangavathi_2,-,-,Koppal,15.2542,76.5172,CGWB manual quarterly (NWDP),,,,,3,2023,2024,6.15,6.15,,6.25,,,False
Gangavathi_3,-,-,Koppal,15.6006,76.6564,CGWB manual quarterly (NWDP),,,,,2,2024,2024,6.56,6.56,,,,,False
Gangavati,Gangavati,GANGAWATI,Koppal,15.45,76.52222222,CGWB manual quarterly (NWDP),Bore well,,50.0,,79,1998,2023,5.94,3.46,7.22,4.53,2.69,-0.023,False
Gangavati1,Gangavati,GANGAWATI,Koppal,15.45,76.52222222,CGWB manual quarterly (NWDP),Bore well,,50.0,,37,2012,2024,3.38,2.27,4.93,2.73,2.2,-0.006,False
Ginigera,Ginigera,KOPPAL,Koppal,15.29583333,76.20833333,CGWB manual quarterly (NWDP),Bore well,,50.0,,11,1998,2018,13.51,4.85,18.45,9.13,9.32,0.766,False
Gotagi,-,-,Koppal,15.9233,76.2053,CGWB manual quarterly (NWDP),,,,,1,2024,2024,14.97,14.97,,,,,False
Halgera,Halgera,KOPPAL,Koppal,15.38333333,76.09166667,CGWB manual quarterly (NWDP),Dug well,,15.2,,46,1998,2015,13.3,14.34,14.35,12.25,2.1,0.151,False
Hanamsagar,Hanamsagar,KUSHTAGI,Koppal,15.83333333,76.08333333,CGWB manual quarterly (NWDP),,,,,69,1996,2015,11.66,14.4,12.32,11.04,1.28,0.315,False
Herur,Herur,GANGAWATI,Koppal,15.49388889,76.50722222,CGWB manual quarterly (NWDP),Dug well,Unconfined,6.0,,42,2013,2024,2.2,1.99,2.95,1.66,1.29,0.038,False
Hirebenkal,Benkal,GANGAWATI,Koppal,15.44166667,76.44166667,CGWB manual quarterly (NWDP),,,,,17,1996,2013,7.93,9.3,9.16,6.88,2.28,0.31,False
Hosabandiharlapur,Bandiharlapur,KOPPAL,Koppal,15.375,76.37083333,CGWB manual quarterly (NWDP),Dug well,Unconfined,7.8,0.023,100,1996,2024,1.89,1.3,2.29,1.42,0.87,-0.036,False
Hosagal,-,-,Koppal,15.5303,76.2947,CGWB manual quarterly (NWDP),,,,,1,2024,2024,7.27,7.27,,,,,False
Hoshalli,Hoshalli,KOPPAL,Koppal,15.3125,76.31666667,CGWB manual quarterly (NWDP),Dug well,Unconfined,22.0,0.023,104,1996,2024,2.71,1.57,4.53,1.78,2.75,-0.055,False
Hoshalli_1,-,-,Koppal,15.31,76.32,CGWB manual quarterly (NWDP),,,,,1,2023,2023,1.82,1.82,1.82,,,,False
Hulihyder,Hulihyder,GANGAWATI,Koppal,15.65,76.38333333,CGWB manual quarterly (NWDP),,,,,40,1996,2012,6.99,7.81,7.43,6.71,0.72,0.182,False
Hullihaider,-,-,Koppal,15.6613,76.3925,CGWB manual quarterly (NWDP),,,,,1,2024,2024,6.42,6.42,,,,,False
Igalkere,Igalkere,KOPPAL,Koppal,15.34444444,76.325,CGWB manual quarterly (NWDP),Dug well,Unconfined,5.5,,42,2013,2024,2.0,1.99,2.47,1.52,0.95,0.006,False
Indragi,-,-,Koppal,15.4403,76.3261,CGWB manual quarterly (NWDP),,,,,1,2024,2024,2.19,2.19,,,,,False
Irkalagada A,Irkalagada A,KOPPAL,Koppal,15.46722222,76.22055556,CGWB manual quarterly (NWDP),Dug well,,9.0,,17,2014,2024,4.9,4.44,6.5,3.87,2.63,-0.017,False
Irkalgad,Irkalgad,KOPPAL,Koppal,15.46666667,76.22083333,CGWB manual quarterly (NWDP),Dug well,Unconfined,9.1,,70,1996,2023,4.32,3.34,4.96,4.22,0.74,-0.011,False
Itagi,Itagi,YELBARGA,Koppal,15.44361111,75.96861111,CGWB manual quarterly (NWDP),Dug well,Unconfined,11.0,,38,2014,2024,5.52,3.72,6.69,4.49,2.2,-0.447,False
Jabbalgudda,Jabbalgudda,KOPPAL,Koppal,15.43333333,76.36666667,CGWB manual quarterly (NWDP),Dug well,,5.7,,69,1996,2017,4.69,5.05,5.86,3.61,2.25,0.142,False
Jaratgi,Jaratgi,GANGAWATI,Koppal,15.58944444,76.6525,CGWB manual quarterly (NWDP),Dug well,Unconfined,8.5,,42,2013,2024,2.47,2.11,3.3,1.03,2.27,0.076,False
K. Gonal,-,-,Koppal,15.84,75.28,CGWB manual quarterly (NWDP),,,,,2,2023,2023,4.95,4.95,5.35,,,,False
K.Gonal,K.Gonal,KUSHTAGI,Koppal,15.83888889,76.29166667,CGWB manual quarterly (NWDP),Dug well,,13.0,,28,2015,2024,4.46,4.39,4.79,4.25,0.54,0.007,False
K.Hosur,K.Hosur,KUSHTAGI,Koppal,15.82777778,76.28333333,CGWB manual quarterly (NWDP),Dug well,Unconfined,11.0,,31,2015,2024,4.38,3.9,4.52,3.84,0.68,-0.11,False
Kanakgiri,Kanakgiri,GANGAWATI,Koppal,15.56666667,76.41666667,CGWB manual quarterly (NWDP),Dug well,Unconfined,9.25,,87,1996,2024,5.71,4.71,5.68,5.47,0.21,-0.052,False
Karatgi,Karatgi,GANGAWATI,Koppal,15.60833333,76.65833333,CGWB manual quarterly (NWDP),Dug well,Unconfined,6.0,,103,1996,2024,2.13,1.74,2.98,1.31,1.67,0.008,False
Karatgi1,Karatgi,GANGAWATI,Koppal,15.60833333,76.65888889,CGWB manual quarterly (NWDP),Dug well,Unconfined,6.0,,13,1998,2013,8.49,49.37,20.96,3.5,17.46,3.179,False
Katapur,Katapur,GANGAWATI,Koppal,15.585,76.48333333,CGWB manual quarterly (NWDP),,,,,10,1996,1999,6.13,6.03,5.81,6.13,-0.32,,False
Kengunti,Kengunti,KUSHTAGI,Koppal,15.80833333,76.25833333,CGWB manual quarterly (NWDP),Dug well,Unconfined,10.0,,27,2015,2023,4.65,3.01,4.91,3.72,1.19,-0.293,False
Kesarhatti,Kesarhatti,GANGAWATI,Koppal,15.50833333,76.49583333,CGWB manual quarterly (NWDP),Dug well,Unconfined,4.55,,96,1996,2024,4.5,3.8,5.13,3.58,1.55,-0.068,False
Kinhal,Kinhal,KOPPAL,Koppal,15.46666667,76.18333333,CGWB manual quarterly (NWDP),,,,,6,1996,2005,5.04,2.75,3.15,3.99,-0.84,-0.376,False
Koppal,Koppal,KOPPAL,Koppal,15.35,76.15,CGWB manual quarterly (NWDP),Dug well,,17.8,,4,1998,2002,8.13,9.63,14.7,5.28,9.42,,False
Koppal1,Koppal,KOPPAL,Koppal,15.35,76.15,CGWB manual quarterly (NWDP),Dug well,,17.8,,34,2012,2024,6.34,6.7,9.89,3.57,6.32,0.005,False
Kukanpalli,Kukanpalli,KOPPAL,Koppal,15.43333333,76.29583333,CGWB manual quarterly (NWDP),,,,,34,1996,2013,8.23,8.75,8.88,7.62,1.26,0.142,False
Kuknoor,Kuknoor,YELBARGA,Koppal,15.49083333,75.98888889,CGWB manual quarterly (NWDP),Dug well,Unconfined,16.0,,43,2013,2024,4.71,3.67,5.75,3.91,1.84,-0.002,False
Kuntoji,-,-,Koppal,15.4805,76.6635,CGWB manual quarterly (NWDP),,,,,1,2024,2024,2.64,2.64,,,,,False
Kushtagi,Kushtagi,KUSHTAGI,Koppal,15.75,76.18333333,CGWB manual quarterly (NWDP),,,,,24,1998,2013,15.08,46.32,18.07,11.66,6.41,2.412,False
Kyadiguppa,Kyadiguppa,KUSHTAGI,Koppal,15.9,76.18333333,CGWB manual quarterly (NWDP),Dug well,Unconfined,9.2,,93,1996,2024,8.31,4.76,9.01,7.64,1.37,-0.061,False
Lingadhalli,Lingadhalli,GANGAWATI,Koppal,15.41666667,76.4,CGWB manual quarterly (NWDP),Dug well,,14.0,,77,1996,2023,7.88,6.24,8.57,6.71,1.86,0.205,False
Manapura,Manapura,YELBARGA,Koppal,15.43111111,75.95055556,CGWB manual quarterly (NWDP),Dug well,Unconfined,7.1,,40,2013,2024,4.79,4.09,5.16,4.33,0.83,-0.136,False
Marali,Marali,GANGAWATI,Koppal,15.47222222,76.575,CGWB manual quarterly (NWDP),Dug well,,9.2,,17,2013,2020,6.77,9.01,7.24,5.75,1.49,0.302,False
Marukumbi,-,-,Koppal,15.5148,76.5227,CGWB manual quarterly (NWDP),,,,,1,2024,2024,6.64,6.64,,,,,False
Mudenoor,Mudenoor,KUSHTAGI,Koppal,15.83333333,76.28333333,CGWB manual quarterly (NWDP),Dug well,Unconfined,8.15,,95,1996,2024,7.01,6.25,7.38,6.53,0.85,-0.001,False
Murdi,Murdi,YELBARGA,Koppal,15.58333333,76.15,CGWB manual quarterly (NWDP),Dug well,Unconfined,17.0,,91,1996,2024,12.06,11.17,12.54,11.58,0.96,0.115,False
Musalpur,Musalpur,GANGAWATI,Koppal,15.5375,76.325,CGWB manual quarterly (NWDP),Dug well,,11.3,,74,1998,2024,7.08,5.85,9.66,4.46,5.2,-0.139,False
Muslapur,Muslapur,GANGAWATI,Koppal,15.5375,76.325,CGWB manual quarterly (NWDP),Dug well,,11.3,,4,2013,2020,8.87,6.84,10.9,2.6,8.3,,False
Muslapur_1,-,-,Koppal,15.25,76.32,CGWB manual quarterly (NWDP),,,,,1,2023,2023,4.96,4.96,,,,,False
Muslapur_2,-,-,Koppal,15.2542,76.3175,CGWB manual quarterly (NWDP),,,,,1,2023,2023,6.79,6.79,,,,,False
Narsapur,Narsapur,YELBARGA,Koppal,15.62361111,76.15833333,CGWB manual quarterly (NWDP),,,,,47,1996,2013,12.69,11.97,13.48,11.73,1.75,0.016,False
Rajora,Rajora,YELBARGA,Koppal,15.54166667,75.925,CGWB manual quarterly (NWDP),Dug well,Unconfined,13.8,,46,2011,2024,8.52,4.48,8.87,8.21,0.66,-0.368,False
Sanganhal,Sanganhal,YELBARGA,Koppal,15.55833333,76.01416667,CGWB manual quarterly (NWDP),Bore well,Semi-confined,50.0,,77,1998,2024,8.2,4.29,8.95,7.12,1.83,-0.171,False
Sanganhal Dw,Sanganhal Dw,YELBARGA,Koppal,15.57083333,75.98777778,CGWB manual quarterly (NWDP),Dug well,Unconfined,13.0,,42,2013,2024,6.68,3.62,7.8,6.08,1.72,-0.563,False
Siddapur1,Siddapur,GANGAWATI,Koppal,15.52916667,76.63333333,CGWB manual quarterly (NWDP),Dug well,Unconfined,10.35,,100,1996,2024,4.39,3.79,5.96,2.87,3.09,0.031,False
Talakal,Talakal,YELBARGA,Koppal,15.3775,76.01861111,CGWB manual quarterly (NWDP),Dug well,Unconfined,22.4,,38,2014,2024,14.35,9.46,15.61,12.74,2.87,-0.838,False
Tawargera,Tawargera,KUSHTAGI,Koppal,15.76666667,76.41666667,CGWB manual quarterly (NWDP),Bore well,,50.0,,39,1998,2023,5.84,5.7,9.59,4.14,5.45,0.273,False
Tawargera1,Tawargera,KUSHTAGI,Koppal,15.76666667,76.41666667,CGWB manual quarterly (NWDP),Bore well,,50.0,,40,2012,2024,6.5,2.9,8.02,6.12,1.9,-0.486,False
Tinakanakallu,Tankankal,KOPPAL,Koppal,15.39166667,76.18333333,CGWB manual quarterly (NWDP),Dug well,Unconfined,11.0,,74,1996,2021,9.2,7.38,9.76,8.05,1.71,0.062,False
Umalimulur,Umalimulur,KUSHTAGI,Koppal,15.78333333,76.41666667,CGWB manual quarterly (NWDP),Dug well,Unconfined,9.25,,58,2007,2024,5.72,5.68,6.35,4.63,1.72,0.032,False
Vithlapur,Vithlapur,GANGAWATI,Koppal,15.49166667,76.4,CGWB manual quarterly (NWDP),,,,,7,1996,2012,5.32,7.1,6.07,5.25,0.82,0.159,False
Yelburga,Yelburga,YELBARGA,Koppal,15.63611111,76.01944444,CGWB manual quarterly (NWDP),Dug well,Unconfined,12.5,,84,1996,2023,9.56,6.28,10.33,8.78,1.55,-0.092,False
Agalahalli_1,-,MADDUR,Mandya,12.47,77.12,CGWB manual quarterly (NWDP),,,,,5,2023,2024,5.22,5.22,7.0,0.36,6.64,,False
Anchedoddi,Anchedoddi,MALVALLI,Mandya,12.39527778,77.07722222,CGWB manual quarterly (NWDP),Dug well,Unconfined,10.0,,32,2013,2024,1.93,1.82,2.79,1.15,1.64,-0.001,False
Anjabhuvanahalli,Anjabhuvanahalli,NAGAMANGALA,Mandya,12.47277778,77.12,CGWB manual quarterly (NWDP),Dug well,Unconfined,13.0,,34,2013,2024,4.97,1.91,7.26,3.58,3.68,-0.703,False
Anjabiranahalli,Anjabiranahalli,SHRIRANGAPATTANA,Mandya,12.8275,76.40333333,CGWB manual quarterly (NWDP),Dug well,,14.0,,6,2012,2019,8.6,4.2,8.55,10.65,-2.1,-1.442,False
Ankegowdanakoppalu,Ankegowdanakoppalu,PANDAVAPURA,Mandya,12.51666667,76.55,CGWB manual quarterly (NWDP),Dug well,Unconfined,11.0,,39,2013,2024,4.87,3.32,6.23,3.35,2.88,-0.318,False
Arakere1,Arakere,SHRIRANGAPATTANA,Mandya,12.41666667,76.8,CGWB manual quarterly (NWDP),Dug well,Unconfined,20.0,0.023,109,1996,2024,2.07,1.45,2.59,1.28,1.31,-0.09,False
Bachenahalli,Bachenahalli,MALVALLI,Mandya,12.33277778,77.0875,CGWB manual quarterly (NWDP),Dug well,Unconfined,11.9,,41,2013,2024,6.04,3.92,7.49,4.04,3.45,-0.588,False
Baligatta,Baligatta,KRISHNARAJPET,Mandya,12.74861111,76.63722222,CGWB manual quarterly (NWDP),Dug well,Unconfined,11.2,,36,2013,2024,5.67,2.58,6.46,4.23,2.23,-0.505,False
Basaralu,Basaralu,MANDYA,Mandya,12.71666667,76.78333333,CGWB manual quarterly (NWDP),Dug well,Unconfined,12.0,0.023,106,1996,2024,4.14,2.14,5.05,2.7,2.35,0.06,False
Basavanapura,Basavanapuragowdagere,MADDUR,Mandya,12.56666667,76.99166667,CGWB manual quarterly (NWDP),Dug well,Unconfined,15.0,,88,1996,2022,5.47,3.87,8.11,3.12,4.99,0.029,False
Besagandhalli Cross,Baserahalli Cross,MADDUR,Mandya,12.63611111,77.01138889,CGWB manual quarterly (NWDP),Dug well,,7.75,,3,2013,2019,5.71,6.13,5.61,5.76,-0.15,,False
Besagarahalli,Besagarahalli,MADDUR,Mandya,12.63333333,76.99166667,CGWB manual quarterly (NWDP),Dug well,,8.9,,68,1996,2013,5.07,4.9,6.7,3.11,3.59,-0.066,False
Besegarahalli Cross,Besegarahalli Cross,MANDYA,Mandya,12.63333333,76.98333333,CGWB manual quarterly (NWDP),Dug well,Unconfined,9.5,,24,2013,2023,5.39,4.59,6.63,3.96,2.67,-0.166,False
Bharati Nagar,Bharati Nagar,MADDUR,Mandya,12.4675,77.03472222,CGWB manual quarterly (NWDP),Dug well,Unconfined,10.0,,40,2013,2024,3.54,3.11,4.37,2.43,1.94,-0.072,False
Bilidegilu,Bilidegilu,MANDYA,Mandya,12.625,76.86666667,CGWB manual quarterly (NWDP),Dug well,Unconfined,11.6,,100,1996,2024,4.55,3.57,4.84,3.82,1.02,0.01,False
Bindiganavale,Bindiganavale,NAGAMANGALA,Mandya,12.87805556,76.63611111,CGWB manual quarterly (NWDP),Dug well,Unconfined,11.5,,94,1996,2024,4.97,7.58,5.1,3.98,1.12,0.203,False
Bogadi,Bogadi,NAGAMANGALA,Mandya,12.75972222,76.65277778,CGWB manual quarterly (NWDP),,,,,61,1996,2013,8.92,14.77,11.16,6.16,5.0,0.61,False
Bydarahalli,Bydarahalli,PANDAVAPURA,Mandya,12.50333333,76.755,CGWB manual quarterly (NWDP),Dug well,Unconfined,7.65,,40,2013,2024,3.57,2.89,4.62,2.71,1.91,-0.117,False
Chapura Doddi,Chapura Doddi,MADDUR,Mandya,12.62222222,77.02027778,CGWB manual quarterly (NWDP),Dug well,Unconfined,16.0,,43,2013,2024,8.88,6.01,10.91,7.17,3.74,-0.608,False
Chikapalya,Chikapalya,SHRIRANGAPATTANA,Mandya,12.40861111,76.76972222,CGWB manual quarterly (NWDP),Dug well,Unconfined,4.0,,41,2013,2024,1.12,1.23,1.24,0.99,0.25,0.033,False
Chikka Arasinkere,Chikka Arasinkere,MADDUR,Mandya,12.5175,77.03388889,CGWB manual quarterly (NWDP),Dug well,Unconfined,12.1,,42,2013,2024,4.26,4.46,5.39,2.94,2.45,-0.008,False
Chinakurali,Chinakurali,PANDAVAPURA,Mandya,12.51666667,76.55,CGWB manual quarterly (NWDP),Dug well,Unconfined,11.0,,34,1996,2005,4.23,6.26,5.04,2.65,2.39,0.299,False
Chunchanahalli,Chunchanahalli,NAGAMANGALA,Mandya,13.01666667,76.73333333,CGWB manual quarterly (NWDP),Dug well,,11.02,,79,1996,2024,5.38,4.83,7.07,3.52,3.55,0.169,False
Chunchunahalli,Chunchunahalli,NAGAMANGALA,Mandya,13.02111111,76.73805556,CGWB manual quarterly (NWDP),Dug well,Unconfined,19.5,,25,2014,2023,4.58,2.74,5.86,2.64,3.22,-0.445,False
Darasaguppe,Darasaguppe,PANDAVAPURA,Mandya,12.45333333,76.69138889,CGWB manual quarterly (NWDP),Dug well,Unconfined,7.0,,43,2013,2024,2.74,2.57,3.76,2.05,1.71,0.018,False
Dasnadoddi,Dasnadoddi,MALVALLI,Mandya,12.36666667,77.1,CGWB manual quarterly (NWDP),Dug well,,21.0,,29,1996,2018,11.49,1.51,10.73,11.58,-0.85,0.538,False
Devalapura,Devalapura,NAGAMANGALA,Mandya,12.81527778,76.86944444,CGWB manual quarterly (NWDP),Dug well,Unconfined,15.0,,62,2006,2024,7.17,3.88,8.14,4.8,3.34,0.061,False
Devegowdana Koppalu,Devegowdana Koppalu,PANDAVAPURA,Mandya,12.4975,76.69444444,CGWB manual quarterly (NWDP),Dug well,Unconfined,4.5,,43,2013,2024,1.82,1.82,2.1,1.4,0.7,0.006,False
G.Kundipatna,G.Kundipatna,MANDYA,Mandya,12.59027778,76.88111111,CGWB manual quarterly (NWDP),Dug well,Unconfined,8.4,,33,2013,2021,2.46,2.28,3.76,1.63,2.13,-0.047,False
Gejjalrge,Gejjalrge,MADDUR,Mandya,12.5775,77.02388889,CGWB manual quarterly (NWDP),Dug well,,6.7,,1,2013,2013,1.3,1.3,,,,,False
Gopalapura,Gopalapura,MANDYA,Mandya,12.55277778,76.88805556,CGWB manual quarterly (NWDP),Dug well,Unconfined,8.5,,35,2013,2023,4.93,4.0,5.56,3.48,2.08,-0.054,False
Hadli,Hadli,MALVALLI,Mandya,12.4,77.13333333,CGWB manual quarterly (NWDP),Dug well,Unconfined,10.98,,79,1996,2022,5.16,4.64,6.84,3.49,3.35,0.108,False
Hagalahalli,Hagalahalli,MADDUR,Mandya,12.47277778,77.12,CGWB manual quarterly (NWDP),Dug well,Unconfined,13.0,,18,2013,2023,5.31,4.64,7.83,3.41,4.42,-0.101,False
Halagur,Halagur,MALVALLI,Mandya,12.425,77.225,CGWB manual quarterly (NWDP),,,,,44,1996,2013,8.06,10.83,8.9,6.5,2.4,0.371,False
HaleBudanur,Budanur,MANDYA,Mandya,12.54444444,76.95833333,CGWB manual quarterly (NWDP),Dug well,Unconfined,8.9,,96,1996,2021,5.21,4.74,6.22,3.83,2.39,0.005,False
Haralahalli,Haralahalli,PANDAVAPURA,Mandya,12.48333333,76.68333333,CGWB manual quarterly (NWDP),Dug well,,11.0,,35,1996,2024,3.0,5.7,3.06,2.54,0.52,0.091,False
Haralahalli-A,Haralahalli-A,PANDAVAPURA,Mandya,12.49027778,76.67916667,CGWB manual quarterly (NWDP),Dug well,Unconfined,12.0,,62,2005,2023,4.34,3.03,4.91,3.06,1.85,-0.147,False
Haravoo,Haravoo,PANDAVAPURA,Mandya,12.4625,76.62777778,CGWB manual quarterly (NWDP),Dug well,Unconfined,10.62,,92,1996,2024,5.74,6.13,7.35,4.58,2.77,0.02,False
Hebbani1,Hebbani,MALVALLI,Mandya,12.325,77.13333333,CGWB manual quarterly (NWDP),Dug well,,28.0,,73,1996,2018,23.04,26.28,23.64,21.13,2.51,0.209,False
Honnanayakanathalli,Honnanayakanathalli,MADDUR,Mandya,12.45472222,77.09305556,CGWB manual quarterly (NWDP),Dug well,Unconfined,15.0,,41,2013,2024,6.73,5.07,8.31,4.32,3.99,-0.237,False
Hulikere,Hulikere,SHRIRANGAPATTANA,Mandya,12.40833333,76.59027778,CGWB manual quarterly (NWDP),Dug well,,10.0,,23,2006,2013,2.73,4.01,3.43,1.35,2.08,0.784,False
Hunnada Doddi,Hunnada Doddi,MALVALLI,Mandya,12.52055556,77.0325,CGWB manual quarterly (NWDP),Dug well,Unconfined,8.5,,42,2013,2024,1.88,1.9,2.59,1.33,1.26,-0.024,False
Kachenanahalli,Kababanahalli,PANDAVAPURA,Mandya,12.5,76.98333333,CGWB manual quarterly (NWDP),Dug well,,9.5,,5,2013,2014,4.7,4.7,6.49,4.2,2.29,,False
Kallahallimandya,Kallahallimandya,MANDYA,Mandya,12.5,76.86666667,CGWB manual quarterly (NWDP),Dug well,,4.08,,31,2014,2024,2.6,2.29,3.22,2.17,1.05,-0.017,False
Kallahallimandya A,Kallahallimandya,MANDYA,Mandya,12.52638889,76.87833333,CGWB manual quarterly (NWDP),Dug well,,8.0,,7,2015,2022,3.15,1.63,3.54,,,-0.166,False
Karadahalli,Karadahalli,NAGAMANGALA,Mandya,12.775,76.80833333,CGWB manual quarterly (NWDP),Dug well,Unconfined,15.6,,90,1996,2023,8.79,10.39,9.6,6.63,2.97,0.426,False
Kawdley,Kawdley,MADDUR,Mandya,12.76666667,76.93333333,CGWB manual quarterly (NWDP),Dug well,Unconfined,16.1,0.023,107,1996,2024,5.22,4.28,7.03,3.37,3.66,-0.069,False
Kikkeri,Kikkeri,KRISHNARAJPET,Mandya,12.76666667,76.43333333,CGWB manual quarterly (NWDP),Dug well,,16.05,,40,1996,2020,9.31,3.83,11.16,7.06,4.1,-0.074,False
Kodiyala,Kodiyala,SHRIRANGAPATTANA,Mandya,12.45833333,76.84166667,CGWB manual quarterly (NWDP),Bore well,,60.0,,57,1998,2018,14.36,14.91,15.49,12.94,2.55,0.013,False
Kodiyala1,Kodiyala,SHRIRANGAPATTANA,Mandya,12.45833333,76.84166667,CGWB manual quarterly (NWDP),Bore well,,60.0,,39,2012,2023,4.38,5.37,4.91,3.21,1.7,-0.056,False
Koppa1,Koppa,MADDUR,Mandya,12.71666667,76.96666667,CGWB manual quarterly (NWDP),Dug well,Unconfined,10.04,0.023,106,1996,2024,2.25,2.15,2.83,1.52,1.31,-0.033,False
Koravanahalli,Koravanahalli,KRISHNARAJPET,Mandya,12.67861111,76.54861111,CGWB manual quarterly (NWDP),Dug well,,10.05,,2,2013,2013,3.68,3.68,2.4,,,,False
Krishnarajapet,Krishnarajapet,KRISHNARAJPET,Mandya,12.66666667,76.48333333,CGWB manual quarterly (NWDP),Dug well,Unconfined,14.86,,83,1996,2024,8.52,8.84,9.72,6.79,2.93,0.111,False
Kyatanahalli,Kyatanahalli,PANDAVAPURA,Mandya,12.83472222,76.73222222,CGWB manual quarterly (NWDP),Dug well,Unconfined,14.0,,25,2017,2024,1.48,2.02,1.12,1.21,-0.09,0.321,False
Maddur,Maddur,MADDUR,Mandya,12.58611111,77.04305556,CGWB manual quarterly (NWDP),Bore well,Semi-confined,40.0,,41,2012,2024,4.07,3.3,5.14,3.23,1.91,-0.15,False
Maddur2,Maddur,MADDUR,Mandya,12.58611111,77.04305556,CGWB manual quarterly (NWDP),Bore well,Semi-confined,40.0,,4,2005,2019,2.48,2.04,,1.52,,,False
Maddur2,Maddur,MADDUR,Mandya,12.6,77.05,CGWB manual quarterly (NWDP),Dug well,Unconfined,4.5,0.023,100,1996,2024,1.66,1.86,1.81,1.35,0.46,-0.005,False
Mahadeshwarapura,Mahadeshwarapura,PANDAVAPURA,Mandya,12.56666667,76.66666667,CGWB manual quarterly (NWDP),Dug well,,17.49,,50,1996,2022,8.47,3.93,10.37,6.53,3.84,0.397,False
Mahadevapura1,Mahadevapura,SHRIRANGAPATTANA,Mandya,12.4,76.76666667,CGWB manual quarterly (NWDP),Dug well,Unconfined,21.0,0.023,104,1996,2024,4.59,4.7,5.62,2.91,2.71,-0.024,False
Majjigepura,Majjigepura,SHRIRANGAPATTANA,Mandya,12.41666667,76.6,CGWB manual quarterly (NWDP),,,,,21,1996,2007,8.32,2.17,8.81,7.53,1.28,-0.36,False
Malavalli,Malavalli,MADDUR,Mandya,12.46666667,77.06666667,CGWB manual quarterly (NWDP),Bore well,Semi-confined,60.0,,74,1998,2024,16.62,12.7,18.82,16.15,2.67,0.016,False
Malavalli1,Malavalli,MALVALLI,Mandya,12.38333333,77.06666667,CGWB manual quarterly (NWDP),Dug well,,8.85,,52,1996,2023,6.17,16.57,7.66,4.93,2.73,0.078,False
Mandya Dw,Mandya Dw,MANDYA,Mandya,12.53083333,76.8975,CGWB manual quarterly (NWDP),Dug well,Unconfined,4.1,,35,2013,2023,2.55,2.56,2.42,2.45,-0.03,-0.006,False
Mandya koppalu,Mandya koppalu,SHRIRANGAPATTANA,Mandya,12.39166667,76.8,CGWB manual quarterly (NWDP),Dug well,Unconfined,12.6,0.023,106,1996,2024,1.53,0.82,3.45,0.51,2.94,-0.122,False
Mandya1,Mandya,MANDYA,Mandya,12.53333333,76.9,CGWB manual quarterly (NWDP),Bore well,,21.85,,5,1998,2023,5.17,8.09,6.61,4.12,2.49,,False
Mandya2,Mandya,MANDYA,Mandya,12.5,76.86666667,CGWB manual quarterly (NWDP),Dug well,,4.08,,54,1996,2024,2.32,5.26,2.41,1.84,0.57,-0.004,False
Maravanahalli,Maravanahalli,KRISHNARAJPET,Mandya,12.67861111,76.54694444,CGWB manual quarterly (NWDP),Dug well,Unconfined,13.5,,37,2013,2023,8.41,6.3,9.83,6.69,3.14,-0.453,False
Melukote,Melukote,PANDAVAPURA,Mandya,12.65833333,76.65,CGWB manual quarterly (NWDP),Bore well,Semi-confined,40.0,,82,1998,2024,10.9,7.15,11.76,10.29,1.47,0.157,False
Melukote-1,Melukote,PANDAVAPURA,Mandya,12.65555556,76.64722222,CGWB manual quarterly (NWDP),Dug well,Unconfined,15.46,,65,2006,2024,4.37,3.01,5.17,3.12,2.05,-0.187,False
Melukote_2,-,-,Mandya,12.6583,76.65,CGWB manual quarterly (NWDP),Bore well,Semi-confined,40.0,,1,2023,2023,6.8,6.8,,,,,False
Mudlu Koppalu,Mudlu Koppalu,NAGAMANGALA,Mandya,12.83472222,76.73222222,CGWB manual quarterly (NWDP),Dug well,Unconfined,14.0,,19,2017,2024,4.95,2.29,5.26,6.1,-0.84,-1.418,False
Nagamangala1,Nagamangala,NAGAMANGALA,Mandya,12.81666667,76.75833333,CGWB manual quarterly (NWDP),Bore well,Semi-confined,50.0,,79,1998,2024,1.35,0.68,2.06,0.7,1.36,0.04,False
Nagamangala1_1,-,-,Mandya,12.8167,76.7508,CGWB manual quarterly (NWDP),,,,,1,2023,2023,1.28,1.28,,,,,False
Nagamangala2,Nagamangala,NAGAMANGALA,Mandya,12.825,76.75833333,CGWB manual quarterly (NWDP),Dug well,Unconfined,9.8,0.023,108,1996,2024,2.72,1.98,2.98,1.94,1.04,-0.015,False
Nagathihalli,Nagathihalli,NAGAMANGALA,Mandya,12.96666667,76.66666667,CGWB manual quarterly (NWDP),Bore well,,45.0,,29,1998,2020,12.15,0.6,14.68,8.69,5.99,-0.052,False
Naguvanahalli,Naguvanahalli,SHRIRANGAPATTANA,Mandya,12.38888889,76.68333333,CGWB manual quarterly (NWDP),Dug well,Unconfined,4.6,0.023,104,1996,2024,1.08,1.53,1.22,0.99,0.23,0.002,False
Nelligere,Nelligere,NAGAMANGALA,Mandya,12.95,76.8,CGWB manual quarterly (NWDP),Dug well,Unconfined,11.0,0.023,109,1996,2024,4.0,3.39,4.98,2.37,2.61,0.002,False
Nidaghatta,Nidaghatta,MADDUR,Mandya,12.61666667,77.1,CGWB manual quarterly (NWDP),,,,,7,1996,2013,9.38,12.23,12.23,8.78,3.45,0.188,False
Ramedevanahalli,Ramedevanahalli,NAGAMANGALA,Mandya,12.91666667,76.74166667,CGWB manual quarterly (NWDP),,,,,36,1996,2013,6.17,14.08,7.1,3.15,3.95,0.149,False
Shivanasamudra,Shivanasamudra,MALVALLI,Mandya,12.25,77.09972222,CGWB manual quarterly (NWDP),Dug well,Unconfined,5.2,,61,2007,2024,0.98,1.16,1.04,0.92,0.12,0.066,False
Shivapura,Shivapura,MADDUR,Mandya,12.53138889,77.05305556,CGWB manual quarterly (NWDP),Dug well,Unconfined,6.0,,43,2013,2024,2.26,2.12,3.02,1.65,1.37,0.001,False
Sindaghatta,Sindaghatta,KRISHNARAJPET,Mandya,12.7,76.55555556,CGWB manual quarterly (NWDP),Bore well,Semi-confined,50.0,,45,1998,2024,13.64,13.64,16.04,13.02,3.02,0.287,False
Sreenivasa Agrahara,Sreenivasa Agrahara,SHRIRANGAPATTANA,Mandya,12.42861111,76.71083333,CGWB manual quarterly (NWDP),Dug well,Unconfined,11.75,,22,2017,2024,5.98,5.29,5.99,5.63,0.36,-0.213,False
Srirangapatna,Srirangapatna,SHRIRANGAPATTANA,Mandya,12.42083333,76.68472222,CGWB manual quarterly (NWDP),Dug well,Unconfined,10.25,,65,2006,2024,4.38,4.07,4.38,3.98,0.4,-0.063,False
Sundahalli,Sundahalli,MANDYA,Mandya,12.8275,76.40333333,CGWB manual quarterly (NWDP),Dug well,,14.0,,31,2013,2021,2.97,3.14,4.04,2.53,1.51,0.133,False
Tadagavadi,Tadagavadi,SHRIRANGAPATTANA,Mandya,12.44111111,76.83,CGWB manual quarterly (NWDP),Dug well,Unconfined,10.5,,23,2017,2024,2.84,2.94,2.19,3.0,-0.81,0.184,False
Tendekere,Tendekere,KRISHNARAJPET,Mandya,12.56666667,76.53333333,CGWB manual quarterly (NWDP),Dug well,Unconfined,17.55,,97,1996,2021,7.72,5.36,9.4,5.63,3.77,-0.111,False
Tirumala Sagara Chatra,Tirumala Sagara Chatra,NAGAMANGALA,Mandya,12.54861111,76.67138889,CGWB manual quarterly (NWDP),Dug well,Unconfined,9.9,,39,2013,2024,4.24,2.84,3.88,3.66,0.22,-0.028,False
Yaliyur,Yaliyur,MANDYA,Mandya,12.50833333,76.83055556,CGWB manual quarterly (NWDP),Dug well,Unconfined,12.7,,75,1996,2023,2.86,2.45,4.42,1.8,2.62,0.089,False
Airige,Hyrige,HEGGADADEVANKOTE,Mysuru,12.0,76.39166667,CGWB manual quarterly (NWDP),,,,,41,1996,2009,10.4,15.91,11.13,10.34,0.79,0.175,False
Alaguda,Alaguda,TIRUMAKUDAL-NARSIPUR,Mysuru,12.20194444,76.91055556,CGWB manual quarterly (NWDP),Dug well,Unconfined,8.5,,36,2014,2024,2.21,2.09,2.32,1.65,0.67,0.068,False
Allampur,Allampur,NANJANGUD,Mysuru,12.13083333,76.74,CGWB manual quarterly (NWDP),Dug well,Unconfined,10.0,,29,2015,2024,2.81,2.72,3.81,1.95,1.86,-0.035,False
Anechowkur,Anechowkur Forest,HUNSUR,Mysuru,12.31388889,76.45277778,CGWB manual quarterly (NWDP),Dug well,Unconfined,25.81,,70,1996,2023,8.25,4.54,10.75,7.24,3.51,-0.478,False
Attigod,Attigod,PIRIYAPATNA,Mysuru,12.49166667,76.13611111,CGWB manual quarterly (NWDP),Dug well,Unconfined,24.0,,33,2013,2022,19.5,17.56,20.44,17.63,2.81,-0.129,False
Badakanakoppalu,Badakanakoppalu,KRISHNARAJANAGARA,Mysuru,12.51138889,76.38972222,CGWB manual quarterly (NWDP),Dug well,Unconfined,14.5,,41,2013,2024,6.77,5.81,10.05,4.42,5.63,-0.195,False
Bannur,Bannur,TIRUMAKUDAL-NARSIPUR,Mysuru,12.31666667,76.85,CGWB manual quarterly (NWDP),Bore well,,45.0,,74,1999,2024,3.11,3.26,3.63,2.08,1.55,0.017,False
Bannur A,-,TIRUMAKUDAL-NARSIPUR,Mysuru,12.33,76.8625,CGWB manual quarterly (NWDP),Dug well,,9.5,,41,2005,2024,5.0,8.83,5.95,3.97,1.98,0.175,False
Bannur1,Bannur,TIRUMAKUDAL-NARSIPUR,Mysuru,12.31666667,76.83888889,CGWB manual quarterly (NWDP),,,,,31,1996,2010,2.61,2.48,4.48,1.56,2.92,-0.016,False
Beemanahalli,Beemanahalli,HEGGADADEVANKOTE,Mysuru,12.18333333,76.275,CGWB manual quarterly (NWDP),Dug well,,19.63,,3,2012,2013,14.15,14.15,18.83,4.8,14.03,,False
Beeredevanapura,Beeredevanapura,NANJANGUD,Mysuru,11.93361111,76.52583333,CGWB manual quarterly (NWDP),Dug well,Unconfined,11.0,,35,2013,2024,4.83,4.14,5.49,4.19,1.3,-0.092,False
Bettadapura,Bettadapura,NANJANGUD,Mysuru,12.09166667,76.51666667,CGWB manual quarterly (NWDP),Dug well,Unconfined,18.5,,99,1996,2024,7.8,9.02,9.17,6.54,2.63,0.303,False
Bettdapura,Bettdapura,PIRIYAPATNA,Mysuru,12.47083333,76.10833333,CGWB manual quarterly (NWDP),Bore well,Semi-confined,53.0,,78,1999,2024,14.36,10.24,16.7,11.81,4.89,0.124,False
Bevinahalli,Bevinahalli,MYSORE,Mysuru,12.30666667,76.885,CGWB manual quarterly (NWDP),Dug well,Unconfined,15.0,,41,2013,2024,2.56,2.82,4.16,2.08,2.08,-0.027,False
Bheerya-A,Bheerya-A,KRISHNARAJANAGARA,Mysuru,12.5,76.26972222,CGWB manual quarterly (NWDP),Dug well,Unconfined,15.5,,42,2012,2024,6.2,3.04,7.66,5.84,1.82,-0.975,False
Bherya,Bherya,KRISHNARAJANAGARA,Mysuru,12.5,76.26944444,CGWB manual quarterly (NWDP),Dug well,Unconfined,15.5,,63,1996,2013,7.12,8.05,9.19,5.66,3.53,0.277,False
Bilikere,Bilikere,HUNSUR,Mysuru,12.28333333,76.2875,CGWB manual quarterly (NWDP),,,,,34,1996,2013,8.9,11.66,10.44,9.61,0.83,0.438,False
Bylakuppe,Bylakuppe,PIRIYAPATNA,Mysuru,12.49166667,76.21111111,CGWB manual quarterly (NWDP),Dug well,Unconfined,14.3,,100,1996,2024,4.82,3.46,6.53,3.59,2.94,-0.064,False
Chamundibetta,Chamundibetta,KRISHNARAJANAGARA,Mysuru,12.5625,76.25861111,CGWB manual quarterly (NWDP),Dug well,Unconfined,10.58,,93,1996,2023,4.32,4.22,4.76,3.48,1.28,0.011,False
Chikkahunsur,Chikkahunsur,HUNSUR,Mysuru,12.39583333,76.34166667,CGWB manual quarterly (NWDP),,,,,40,1996,2006,2.91,3.59,3.71,2.42,1.29,0.278,False
Chikkayyanachathra,Chikkayyanachathra,NANJANGUD,Mysuru,12.07222222,76.68333333,CGWB manual quarterly (NWDP),Dug well,Unconfined,5.5,,37,2013,2024,1.46,1.76,1.53,0.89,0.64,0.051,False
Chunchankatte,Chunchankatte,KRISHNARAJANAGARA,Mysuru,12.50416667,76.29166667,CGWB manual quarterly (NWDP),Dug well,Unconfined,7.1,,35,2012,2024,4.86,3.7,4.74,4.15,0.59,-0.201,False
Dallalu,Dallalu,HUNSUR,Mysuru,12.29166667,76.1625,CGWB manual quarterly (NWDP),,,,,33,1996,2005,2.52,3.31,3.32,1.11,2.21,0.149,False
Depuru,Depuru,PIRIYAPATNA,Mysuru,12.4625,76.07305556,CGWB manual quarterly (NWDP),Dug well,Unconfined,15.0,,35,2014,2024,6.86,4.42,9.0,4.2,4.8,-0.531,False
Deveerammanahalli,Deveerammanahalli,MYSORE,Mysuru,12.26666667,76.66666667,CGWB manual quarterly (NWDP),Dug well,Unconfined,19.34,,42,1996,2023,11.09,2.98,12.51,11.02,1.49,-0.374,False
Deviramanahalli,Deviramanahalli,NANJANGUD,Mysuru,12.10277778,76.67777778,CGWB manual quarterly (NWDP),Dug well,,7.5,,30,2013,2024,2.65,2.15,4.15,1.55,2.6,-0.06,False
Elwala,Elwala,TIRUMAKUDAL-NARSIPUR,Mysuru,12.28333333,76.88333333,CGWB manual quarterly (NWDP),Dug well,,9.75,,57,1996,2015,4.95,7.7,6.15,3.97,2.18,0.045,False
Gandhigrama,Gandhigrama,NANJANGUD,Mysuru,12.11527778,76.60166667,CGWB manual quarterly (NWDP),Dug well,Unconfined,7.6,,37,2014,2024,3.72,3.73,5.36,1.87,3.49,-0.01,False
Gargeswari,Gargeswari,KRISHNARAJANAGARA,Mysuru,12.5,76.35,CGWB manual quarterly (NWDP),Dug well,,13.48,,93,1996,2023,7.53,8.33,8.56,5.55,3.01,0.086,False
Gowdagere,Gowdikere,HUNSUR,Mysuru,12.19166667,76.375,CGWB manual quarterly (NWDP),Dug well,Unconfined,9.6,0.023,98,1996,2022,3.52,6.06,4.58,2.52,2.06,0.098,False
Guluru,Guluru,NANJANGUD,Mysuru,12.11111111,76.70555556,CGWB manual quarterly (NWDP),Dug well,Unconfined,4.0,,42,2013,2024,1.31,1.45,1.94,0.75,1.19,0.055,False
Hampapur,Hampapur,HEGGADADEVANKOTE,Mysuru,12.12083333,76.46666667,CGWB manual quarterly (NWDP),Dug well,Unconfined,8.86,,40,2012,2024,5.23,3.29,6.53,4.58,1.95,-0.568,False
Hampapura,Hampapura,KRISHNARAJANAGARA,Mysuru,12.48888889,76.4,CGWB manual quarterly (NWDP),Dug well,,5.0,,2,2013,2013,3.25,3.25,,,,,False
Hampapura A,Hampapura,KRISHNARAJANAGARA,Mysuru,12.4925,76.39722222,CGWB manual quarterly (NWDP),Dug well,,7.1,,13,2013,2017,3.98,3.3,5.03,2.81,2.22,,False
Hanagodu,Hanagodu,HEGGADADEVANKOTE,Mysuru,12.14166667,76.29166667,CGWB manual quarterly (NWDP),Dug well,Unconfined,14.7,,103,1996,2024,4.81,1.33,6.42,3.32,3.1,-0.132,False
Heggadadevanakote,Heggadadevanakote,HEGGADADEVANKOTE,Mysuru,12.1,76.33333333,CGWB manual quarterly (NWDP),Dug well,Unconfined,15.0,,37,2012,2024,10.58,9.2,12.32,9.02,3.3,-0.333,False
Heggadadevanakote-A,Heggadadevanakote-A,HEGGADADEVANKOTE,Mysuru,12.09055556,76.32972222,CGWB manual quarterly (NWDP),Dug well,,10.3,,36,2011,2024,6.58,4.93,7.16,5.93,1.23,-0.049,False
Heggadevanakote,Heggadevanakote,HEGGADADEVANKOTE,Mysuru,12.18333333,76.275,CGWB manual quarterly (NWDP),Dug well,,19.63,,43,1996,2023,10.3,3.96,11.42,10.0,1.42,-0.282,False
Hejjodlu,Hejjodlu,HUNSUR,Mysuru,12.37972222,76.37361111,CGWB manual quarterly (NWDP),Dug well,Unconfined,21.75,,35,2013,2024,14.25,10.69,17.65,9.5,8.15,-0.812,False
Hosaramanahalli,Hosaramanahalli,KRISHNARAJANAGARA,Mysuru,12.36666667,76.42222222,CGWB manual quarterly (NWDP),Dug well,Unconfined,20.0,,35,2013,2022,13.68,10.99,15.08,11.18,3.9,-0.679,False
Hosur1,Hosur,KRISHNARAJANAGARA,Mysuru,12.55,76.3,CGWB manual quarterly (NWDP),Dug well,,12.6,,68,1996,2019,5.61,12.0,7.34,3.78,3.56,0.223,False
Huduguru,Huduguru,HUNSUR,Mysuru,12.35055556,76.29111111,CGWB manual quarterly (NWDP),Dug well,Unconfined,11.0,,10,2015,2018,7.27,7.27,7.99,6.68,1.31,,False
Hullahalli,Hullahalli,NANJANGUD,Mysuru,12.095,76.66888889,CGWB manual quarterly (NWDP),Dug well,Unconfined,10.65,0.023,105,1996,2024,5.13,7.48,6.63,3.83,2.8,0.219,False
Hunsur A,Hunsur A,HUNSUR,Mysuru,12.30555556,76.275,CGWB manual quarterly (NWDP),Dug well,Unconfined,10.5,,61,2007,2024,3.16,3.32,3.73,3.22,0.51,0.015,False
Hunsur1,Hunsur,HUNSUR,Mysuru,12.30833333,76.29166667,CGWB manual quarterly (NWDP),Bore well,Semi-confined,50.0,,77,1999,2024,13.17,14.4,15.23,12.12,3.11,0.073,False
Hunsur1_1,-,-,Mysuru,12.3083,76.2842,CGWB manual quarterly (NWDP),,,,,2,2023,2024,26.43,26.43,,,,,False
Hunugunahalli,Hunugunahalli,TIRUMAKUDAL-NARSIPUR,Mysuru,12.25472222,76.91055556,CGWB manual quarterly (NWDP),Dug well,Unconfined,10.0,,35,2013,2024,3.37,2.3,5.78,1.18,4.6,-0.162,False
Ibjala,Ibjala,NANJANGUD,Mysuru,12.11277778,76.44694444,CGWB manual quarterly (NWDP),Dug well,Unconfined,10.5,,40,2013,2024,4.65,4.5,6.23,3.49,2.74,-0.029,False
Jayapura(CHATNAHALLI),JAYAPUR(CHATNAHALLI),MYSORE,Mysuru,12.20416667,76.55277778,CGWB manual quarterly (NWDP),Dug well,,13.5,,11,2005,2013,11.8,10.36,10.36,12.63,-2.27,-0.486,False
Jayapura1,Jayapura,MYSORE,Mysuru,12.225,76.60833333,CGWB manual quarterly (NWDP),,,,,40,1996,2006,12.68,12.78,11.54,12.38,-0.84,0.043,False
Kahalli,Kahalli,NANJANGUD,Mysuru,12.16361111,76.84111111,CGWB manual quarterly (NWDP),Dug well,Unconfined,17.0,,31,2015,2024,10.26,9.59,13.17,7.22,5.95,-0.132,False
Kalasthavadi,Kalasthavadi,MYSORE,Mysuru,12.36111111,76.66111111,CGWB manual quarterly (NWDP),Dug well,Unconfined,9.0,,35,2013,2022,3.81,2.84,6.5,2.28,4.22,-0.039,False
Kalayanapura,Kalayanapura,KRISHNARAJANAGARA,Mysuru,12.325,76.28333333,CGWB manual quarterly (NWDP),Dug well,,20.0,,10,2012,2023,10.67,3.2,9.85,11.02,-1.17,-0.993,False
Kamalapura,Kampalapura,PIRIYAPATNA,Mysuru,12.33333333,76.10833333,CGWB manual quarterly (NWDP),Dug well,Unconfined,9.01,,95,1996,2023,3.65,2.65,4.36,3.15,1.21,-0.134,False
Kannenuru,Kannenuru,NANJANGUD,Mysuru,12.09722222,76.51388889,CGWB manual quarterly (NWDP),Dug well,Unconfined,10.5,,42,2013,2024,5.91,6.24,7.28,3.5,3.78,-0.031,False
Karimuddanahalli,Karimuddanahalli,HUNSUR,Mysuru,12.18416667,76.36666667,CGWB manual quarterly (NWDP),Bore well,Semi-confined,47.0,,78,1999,2024,14.82,15.15,16.25,13.21,3.04,0.162,False
Karimuddanahalli1,Karimuddanahalli,HEGGADADEVANKOTE,Mysuru,12.09166667,76.375,CGWB manual quarterly (NWDP),,,,,23,1996,2002,4.83,5.0,7.2,1.3,5.9,-0.163,False
Karimuddanahalli_1,-,-,Mysuru,12.1842,76.3667,CGWB manual quarterly (NWDP),Bore well,Semi-confined,47.0,,1,2023,2023,17.42,17.42,,,,,False
Karnakuppe,Karnakuppe,HUNSUR,Mysuru,12.2375,76.19166667,CGWB manual quarterly (NWDP),,,,,46,1996,2013,4.24,9.68,6.74,2.03,4.71,0.148,False
Kellanapura,Kellanapura,MYSORE,Mysuru,12.25444444,76.81694444,CGWB manual quarterly (NWDP),Dug well,,17.0,,15,2014,2024,5.0,2.25,9.13,2.68,6.45,-0.472,False
Kethupura,Kethupura,MYSORE,Mysuru,12.3,76.88805556,CGWB manual quarterly (NWDP),Dug well,Unconfined,12.0,,41,2013,2024,1.89,1.8,2.73,1.2,1.53,-0.061,False
Kittur,Kithoor,PIRIYAPATNA,Mysuru,12.47777778,76.1,CGWB manual quarterly (NWDP),Dug well,Unconfined,12.6,,99,1996,2024,5.7,4.28,6.68,3.96,2.72,-0.051,False
Koimuthur Colony,Koimuthur Colony,HUNSUR,Mysuru,12.25027778,76.33138889,CGWB manual quarterly (NWDP),Dug well,Unconfined,15.0,,35,2014,2024,6.52,5.27,11.46,4.06,7.4,-0.317,False
Konasuru,Konasuru,PIRIYAPATNA,Mysuru,12.44805556,76.07111111,CGWB manual quarterly (NWDP),Dug well,Unconfined,17.0,,41,2013,2024,2.89,1.66,3.66,2.34,1.32,-0.307,False
Kothanahalli,Kothanahalli,NANJANGUD,Mysuru,11.925,76.56805556,CGWB manual quarterly (NWDP),Dug well,Unconfined,19.5,,53,2007,2024,7.84,6.26,9.27,5.14,4.13,0.073,False
Krishnarajanagara,Krishnarajanagara,KRISHNARAJANAGARA,Mysuru,12.46666667,76.38333333,CGWB manual quarterly (NWDP),Bore well,Semi-confined,60.0,,80,1999,2024,10.96,8.13,12.94,8.58,4.36,-0.304,False
Krishnarajanagara1,Krishnarajanagara,HUNSUR,Mysuru,12.325,76.28333333,CGWB manual quarterly (NWDP),Dug well,,20.0,,94,1996,2024,4.64,3.05,5.43,3.63,1.8,-0.154,False
Kundanahalli,Kundanahalli,PIRIYAPATNA,Mysuru,12.375,76.03888889,CGWB manual quarterly (NWDP),Dug well,,12.0,,24,2013,2021,8.95,6.53,10.37,7.41,2.96,0.131,False
Mayagowdanahalli,Mayagowdanahalli,KRISHNARAJANAGARA,Mysuru,12.50055556,76.24222222,CGWB manual quarterly (NWDP),Dug well,Unconfined,10.5,,39,2013,2024,6.81,7.32,6.72,5.86,0.86,0.139,False
Motha,Motha,NANJANGUD,Mysuru,12.09444444,76.47777778,CGWB manual quarterly (NWDP),Dug well,Unconfined,10.0,,42,2013,2024,1.89,1.91,2.41,1.83,0.58,0.017,False
Muguru,Muguru,TIRUMAKUDAL-NARSIPUR,Mysuru,12.125,76.95,CGWB manual quarterly (NWDP),Bore well,Semi-confined,45.0,,58,2000,2019,5.97,10.32,8.09,4.2,3.89,0.219,False
Muguru1,Muguru,PIRIYAPATNA,Mysuru,12.33611111,76.16111111,CGWB manual quarterly (NWDP),Dug well,Unconfined,15.41,,103,1996,2024,6.09,8.24,7.04,4.74,2.3,0.285,False
Mullur,Mullur,HEGGADADEVANKOTE,Mysuru,11.98388889,76.46666667,CGWB manual quarterly (NWDP),Bore well,Semi-confined,65.0,,80,1999,2024,14.11,13.66,16.86,12.07,4.79,-0.113,False
Mulluru,Mullur,HEGGADADEVANKOTE,Mysuru,11.98333333,76.47916667,CGWB manual quarterly (NWDP),Dug well,Unconfined,16.44,,61,2007,2024,11.18,11.37,13.41,9.43,3.98,0.034,False
Mysore,Mysore,MYSORE,Mysuru,12.3,76.64166667,CGWB manual quarterly (NWDP),Bore well,Semi-confined,52.0,,79,2000,2024,10.81,10.51,11.13,10.08,1.05,0.047,False
Mysore1,Mysore,MYSORE,Mysuru,12.35833333,76.5375,CGWB manual quarterly (NWDP),Dug well,,20.0,,97,1996,2024,9.31,10.68,10.39,8.09,2.3,0.415,False
Mysore_1,-,MYSORE,Mysuru,12.3,76.63,CGWB manual quarterly (NWDP),,,,,1,2023,2023,13.45,13.45,,,,,False
Nanjanayakanahalli,Nanjanayakanahalli,HEGGADADEVANKOTE,Mysuru,12.1,76.33333333,CGWB manual quarterly (NWDP),Dug well,Unconfined,15.0,,69,1996,2024,8.35,5.2,10.33,6.65,3.68,-0.137,False
Nanjangud,Nanjangud,NANJANGUD,Mysuru,12.06666667,76.62777778,CGWB manual quarterly (NWDP),Dug well,,17.34,,28,1997,2013,3.92,4.38,3.03,3.83,-0.8,-0.076,False
P Basavanahalli,P Basavanahalli,PIRIYAPATNA,Mysuru,12.42666667,76.06138889,CGWB manual quarterly (NWDP),Dug well,,30.5,,15,2014,2024,22.27,17.36,26.7,15.87,10.83,-0.776,False
Palya,Palya,NANJANGUD,Mysuru,12.095,76.66888889,CGWB manual quarterly (NWDP),Dug well,Unconfined,10.65,0.023,41,2012,2024,2.82,3.46,6.24,1.14,5.1,0.056,False
Piriyapatna,Piriyapatna,PIRIYAPATNA,Mysuru,12.33333333,76.1,CGWB manual quarterly (NWDP),Bore well,Semi-confined,50.0,,79,1999,2024,11.91,11.16,12.21,10.64,1.57,0.162,False
Piriyapatna1,Piriyapatna,NANJANGUD,Mysuru,12.11666667,76.68333333,CGWB manual quarterly (NWDP),Dug well,,11.62,,84,1996,2023,5.93,9.4,6.92,4.47,2.45,0.356,False
Punnadahalli Koppalu,Punnadahalli Koppalu,PIRIYAPATNA,Mysuru,12.39472222,76.04666667,CGWB manual quarterly (NWDP),Dug well,Unconfined,16.5,,38,2014,2024,6.4,5.64,9.46,5.04,4.42,-0.323,False
Ranganathapura,Ranganathapura,PIRIYAPATNA,Mysuru,12.425,76.0,CGWB manual quarterly (NWDP),Dug well,Unconfined,6.0,,95,1996,2023,2.74,2.92,3.99,1.7,2.29,0.021,False
Rathnapuri,Rathnapuri,HUNSUR,Mysuru,12.23888889,76.34166667,CGWB manual quarterly (NWDP),Dug well,Unconfined,6.0,,40,2013,2024,2.67,2.45,3.31,1.7,1.61,0.054,False
Saligrama,Saligrama,KRISHNARAJANAGARA,Mysuru,12.55,76.25,CGWB manual quarterly (NWDP),Bore well,Semi-confined,55.0,,77,1999,2024,5.4,4.98,5.75,4.29,1.46,0.014,False
Saligrama1,Saligrama,KRISHNARAJANAGARA,Mysuru,12.50416667,76.29166667,CGWB manual quarterly (NWDP),Dug well,Unconfined,7.1,,101,1996,2024,3.41,2.91,3.85,2.55,1.3,-0.056,False
Saragur,Saragur,HEGGADADEVANKOTE,Mysuru,12.12083333,76.46666667,CGWB manual quarterly (NWDP),Dug well,Unconfined,8.86,,106,1996,2024,5.48,5.32,6.23,4.58,1.65,0.056,False
Shiriyur,Shiriyur,HUNSUR,Mysuru,12.38222222,76.39416667,CGWB manual quarterly (NWDP),Dug well,Unconfined,23.16,,31,2014,2024,14.27,12.5,19.09,8.23,10.86,-0.39,False
Siddalingapura,Siddalingapura,MYSORE,Mysuru,12.35833333,76.66111111,CGWB manual quarterly (NWDP),Dug well,Unconfined,5.0,,40,2013,2024,1.96,1.9,2.28,1.46,0.82,-0.0,False
Sindhuvalli,Sindhuvalli,MYSORE,Mysuru,12.26944444,76.67083333,CGWB manual quarterly (NWDP),Dug well,,26.95,,53,1996,2013,7.74,8.88,12.32,4.34,7.98,-0.475,False
Somanathapura,Somanathapura,TIRUMAKUDAL-NARSIPUR,Mysuru,12.13333333,76.94166667,CGWB manual quarterly (NWDP),Dug well,Unconfined,17.25,0.023,105,1996,2024,5.38,5.45,6.99,3.18,3.81,0.063,False
Thandavapura,Thandavapura,NANJANGUD,Mysuru,12.175,76.725,CGWB manual quarterly (NWDP),Bore well,Semi-confined,57.5,,74,2000,2024,10.65,12.76,10.53,9.81,0.72,0.214,False
Varuna,Varuna,MYSORE,Mysuru,12.26722222,76.74527778,CGWB manual quarterly (NWDP),Dug well,Unconfined,8.15,,31,2015,2024,2.74,3.09,3.18,1.92,1.26,0.164,False
Vidyapitha,Vidyapitha,NANJANGUD,Mysuru,12.10555556,76.70833333,CGWB manual quarterly (NWDP),Dug well,Unconfined,7.0,,41,2013,2024,2.5,2.65,3.59,1.84,1.75,-0.012,False
Yelemuddanahalli,Yelemuddanahalli,PIRIYAPATNA,Mysuru,12.24861111,76.05972222,CGWB manual quarterly (NWDP),Dug well,Unconfined,10.0,,88,1996,2024,5.29,1.3,8.47,2.36,6.11,-0.403,False
Amareshwara,Amareshwara,LINGSUGUR,Raichur,16.25583333,76.5,CGWB manual quarterly (NWDP),Dug well,,14.0,,9,2016,2024,5.82,5.1,7.7,4.35,3.35,-0.171,False
Ambareswar,-,LINGSUGUR,Raichur,16.26,77.57,CGWB manual quarterly (NWDP),,,,,2,2023,2023,3.43,3.43,4.0,,,,False
Ambareswar_1,-,-,Raichur,16.2558,77.5667,CGWB manual quarterly (NWDP),,,,,3,2023,2024,5.55,5.55,,5.34,,,False
Anehosur,Anehosur,LINGSUGUR,Raichur,16.16194444,76.40027778,CGWB manual quarterly (NWDP),Bore well,,201.6,,1,2016,2016,3.75,3.75,,,,,False
Ankusha Doddy,Ankusha Doddy,LINGSUGUR,Raichur,16.03444444,76.61222222,CGWB manual quarterly (NWDP),Dug well,Unconfined,10.0,,31,2014,2024,6.15,3.08,6.69,5.44,1.25,-0.652,False
Arkera,Arkera,DEVADURGA,Raichur,16.275,76.95083333,CGWB manual quarterly (NWDP),Dug well,Unconfined,11.4,,78,1996,2022,7.81,10.43,8.63,6.65,1.98,0.259,False
Asha Tanda,Asha Tanda,LINGSUGUR,Raichur,16.05638889,76.38833333,CGWB manual quarterly (NWDP),Dug well,Unconfined,5.8,,32,2014,2023,4.51,2.91,5.2,4.03,1.17,-0.309,False
Bagalwad,Bagalwad,MANVI,Raichur,16.05,76.89166667,CGWB manual quarterly (NWDP),Dug well,,7.15,0.023,99,1996,2024,3.2,1.67,3.91,2.48,1.43,-0.06,False
Bagalwad_1,-,LINGSUGUR,Raichur,16.27,76.88,CGWB manual quarterly (NWDP),,,,,2,2023,2023,1.66,1.66,1.8,,,,False
Ballatagi,Ballatagi,MANVI,Raichur,16.08611111,76.95666667,CGWB manual quarterly (NWDP),Dug well,Unconfined,13.0,,41,2013,2024,7.0,6.29,7.73,6.37,1.36,0.031,False
Basapur(S),Bassapur,SINDHNUR,Raichur,15.84583333,76.7,CGWB manual quarterly (NWDP),,,,,44,1996,2013,2.98,5.2,3.47,2.55,0.92,-0.084,False
Bhogapur,Bhogapur,SINDHNUR,Raichur,15.78888889,76.50833333,CGWB manual quarterly (NWDP),Dug well,,10.5,,10,2013,2015,8.21,8.21,8.65,7.4,1.25,,False
Bhyagawat,-,LINGSUGUR,Raichur,15.2,76.88,CGWB manual quarterly (NWDP),,,,,2,2023,2023,2.12,2.12,1.95,,,,False
Bhyagwat,Bhyagwat,MANVI,Raichur,15.99944444,76.89305556,CGWB manual quarterly (NWDP),Dug well,,16.0,,36,2013,2024,4.07,2.37,5.86,1.99,3.87,-0.149,False
Bomanhal,Bomanhal,LINGSUGUR,Raichur,16.07222222,76.34444444,CGWB manual quarterly (NWDP),Dug well,Unconfined,10.1,,41,2013,2024,1.36,1.25,2.52,0.77,1.75,-0.067,False
Buddinni,Buddinni,MANVI,Raichur,16.2,76.78333333,CGWB manual quarterly (NWDP),Dug well,Unconfined,14.0,,101,1996,2024,5.74,6.04,6.56,4.5,2.06,0.194,False
Chaatra,-,LINGSUGUR,Raichur,15.2,76.45,CGWB manual quarterly (NWDP),,,,,3,2023,2023,4.63,4.63,5.2,,,,False
Chattra,Chattra,LINGSUGUR,Raichur,15.88611111,76.45,CGWB manual quarterly (NWDP),Dug well,,10.4,,102,1996,2024,7.03,3.43,7.88,6.03,1.85,-0.098,False
Chikbergi,Chikbergi,SINDHNUR,Raichur,15.75833333,76.50555556,CGWB manual quarterly (NWDP),Dug well,Unconfined,10.0,,37,2013,2024,4.87,4.16,6.0,3.33,2.67,0.02,False
Chikkahonakuni,Chikkahonakuni,DEVADURGA,Raichur,16.06666667,76.99166667,CGWB manual quarterly (NWDP),Dug well,Unconfined,5.1,,41,2013,2024,1.44,1.38,2.22,1.05,1.17,0.006,False
Chikksarur,Chikksarur,LINGSUGUR,Raichur,16.11083333,76.63722222,CGWB manual quarterly (NWDP),Dug well,Unconfined,18.0,,37,2013,2024,8.29,6.51,10.19,6.3,3.89,-0.323,False
Chincherki,Chincherki,MANVI,Raichur,16.20111111,76.78805556,CGWB manual quarterly (NWDP),Dug well,Unconfined,8.5,,34,2014,2024,3.93,2.46,5.17,2.84,2.33,-0.208,False
Deodurg,Deodurg,DEVADURGA,Raichur,16.41666667,76.95,CGWB manual quarterly (NWDP),Bore well,,50.0,,6,1999,2014,11.4,26.18,19.7,2.52,17.18,1.296,False
Deodurg1,Deodurg,DEVADURGA,Raichur,16.41666667,76.95,CGWB manual quarterly (NWDP),Bore well,,50.0,,11,2012,2015,4.69,4.69,5.95,3.73,2.22,,False
Deosugur,Deosugur,RAICHUR,Raichur,16.30416667,77.0625,CGWB manual quarterly (NWDP),,,,,2,2008,2013,45.18,89.3,45.18,,,,False
Devarabupur Vkp Camp,Devarabupur Vkp Camp,LINGSUGUR,Raichur,16.24611111,76.58444444,CGWB manual quarterly (NWDP),Dug well,Unconfined,13.7,,35,2014,2024,7.72,4.93,8.17,6.2,1.97,-0.589,False
Echanal,Echanal,LINGSUGUR,Raichur,16.17916667,76.44555556,CGWB manual quarterly (NWDP),Dug well,Unconfined,7.7,,35,2014,2024,1.5,1.27,2.62,0.75,1.87,0.013,False
GORBAL DW,-,LINGSUGUR,Raichur,16.19,76.47,CGWB manual quarterly (NWDP),,,,,1,2023,2023,3.25,3.25,,,,,False
Gabbur,Gabbur,DEVADURGA,Raichur,16.3,77.15833333,CGWB manual quarterly (NWDP),Dug well,Unconfined,10.1,,77,1999,2023,4.27,2.33,5.7,2.94,2.76,-0.216,False
Gabbur1,Gabbur,DEVADURGA,Raichur,16.3,77.15833333,CGWB manual quarterly (NWDP),Dug well,Unconfined,10.1,,43,2012,2024,2.58,1.53,3.6,1.82,1.78,-0.13,False
Gabbur_1,-,-,Raichur,16.3,77.1583,CGWB manual quarterly (NWDP),Dug well,Unconfined,10.1,,1,2024,2024,3.29,3.29,,,,,False
Galaga,Galaga,DEVADURGA,Raichur,16.26722222,76.84138889,CGWB manual quarterly (NWDP),Dug well,Unconfined,7.0,,42,2013,2024,3.01,4.2,4.79,2.04,2.75,0.213,False
Gandhalu,Gandhalu,RAICHUR,Raichur,15.97638889,77.41194444,CGWB manual quarterly (NWDP),Dug well,Unconfined,13.0,,41,2013,2024,2.88,1.75,4.29,1.44,2.85,-0.213,False
Gorebal,Gorebal,SINDHNUR,Raichur,15.68916667,76.71972222,CGWB manual quarterly (NWDP),Dug well,,6.8,,32,2013,2022,3.17,3.06,3.67,2.56,1.11,0.074,False
Goudur,Goudur,LINGSUGUR,Raichur,16.26638889,76.66861111,CGWB manual quarterly (NWDP),Bore well,Semi-confined,201.6,,14,2016,2023,6.62,5.65,9.74,4.88,4.86,-0.255,False
Goudur_1,-,LINGSUGUR,Raichur,16.26,77.67,CGWB manual quarterly (NWDP),,,,,2,2023,2023,2.58,2.58,2.35,,,,False
Gudadur,Gudadur,SINDHNUR,Raichur,15.9125,76.67083333,CGWB manual quarterly (NWDP),Dug well,,10.0,,79,1996,2024,4.1,2.45,4.7,4.07,0.63,-0.026,False
Gunda,Gunda,SINDHNUR,Raichur,16.27083333,77.27083333,CGWB manual quarterly (NWDP),Dug well,Unconfined,8.5,,40,2012,2024,6.08,5.04,6.32,6.09,0.23,-0.082,False
Gunjehalli,Gunjehalli,RAICHUR,Raichur,16.04027778,77.40861111,CGWB manual quarterly (NWDP),Dug well,Unconfined,3.1,,42,2013,2024,1.38,0.96,1.69,1.11,0.58,-0.09,False
Gurgunta,Gurgunta,LINGSUGUR,Raichur,16.2875,76.62916667,CGWB manual quarterly (NWDP),Bore well,,50.0,,6,1999,2014,14.7,28.65,21.77,5.96,15.81,1.372,False
Hanchihal,-,SINDHNUR,Raichur,15.24,76.67,CGWB manual quarterly (NWDP),,,,,3,2023,2023,2.67,2.67,2.8,,,,False
Hanchinal,Hanchinal,SINDHNUR,Raichur,15.67222222,76.68138889,CGWB manual quarterly (NWDP),Dug well,,10.0,,34,2013,2024,3.3,2.44,4.21,2.28,1.93,-0.142,False
Hanchinhal,Hanchinhal,SINDHNUR,Raichur,15.66666667,76.7,CGWB manual quarterly (NWDP),Dug well,,6.25,,5,1996,2020,4.74,5.27,6.24,,,,False
Hemanur,Hemanur,DEVADURGA,Raichur,16.34722222,76.95388889,CGWB manual quarterly (NWDP),Dug well,Unconfined,9.0,,36,2014,2024,2.15,1.53,3.97,1.09,2.88,-0.102,False
Hirekotankal,Hirekotankal,MANVI,Raichur,15.9625,76.95277778,CGWB manual quarterly (NWDP),Dug well,Unconfined,8.0,0.023,100,1996,2024,4.59,1.83,5.61,3.89,1.72,-0.147,False
Honnali,Honnali,LINGSUGUR,Raichur,16.21472222,76.56472222,CGWB manual quarterly (NWDP),Bore well,Confined,201.6,,17,2016,2024,2.89,3.33,4.08,1.79,2.29,0.155,False
Jakkaladinni,Jakkaladinni,MANVI,Raichur,16.18222222,77.06583333,CGWB manual quarterly (NWDP),Dug well,Unconfined,6.5,,41,2013,2024,2.69,2.12,3.59,1.78,1.81,-0.036,False
Jalahalli A,Jalahalli A,DEVADURGA,Raichur,16.36805556,76.78027778,CGWB manual quarterly (NWDP),Dug well,Unconfined,7.0,,30,2015,2024,1.48,1.08,2.1,1.39,0.71,-0.071,False
Jalhalli,Jalhalli,DEVADURGA,Raichur,16.36666667,76.78333333,CGWB manual quarterly (NWDP),Dug well,,9.3,,71,1996,2021,2.13,1.0,1.99,1.68,0.31,-0.183,False
Janekal,Janekal,MANVI,Raichur,16.01527778,76.95388889,CGWB manual quarterly (NWDP),Dug well,Unconfined,20.0,,39,2013,2024,7.83,5.9,8.8,6.92,1.88,-0.27,False
Jawalgera,Jawalgera,SINDHNUR,Raichur,15.8625,76.81666667,CGWB manual quarterly (NWDP),Dug well,,10.21,,54,1996,2023,3.71,2.23,4.63,2.84,1.79,-0.225,False
Jawalgeri A,Jawalgeri A,SINDHNUR,Raichur,15.865,76.81138889,CGWB manual quarterly (NWDP),Dug well,Unconfined,26.4,,37,2013,2024,8.56,2.64,10.64,6.63,4.01,-0.837,False
Kakargal,Kakargal,DEVADURGA,Raichur,16.35,77.06666667,CGWB manual quarterly (NWDP),Dug well,Unconfined,12.9,0.023,106,1996,2024,5.91,7.71,6.69,4.81,1.88,-0.078,False
Kalamangi,Kalamangi,SINDHNUR,Raichur,16.27083333,77.27083333,CGWB manual quarterly (NWDP),Dug well,Unconfined,8.5,,43,2012,2024,3.46,2.41,4.06,2.63,1.43,-0.149,False
Kalmala,Kalmala,RAICHUR,Raichur,16.19583333,77.2125,CGWB manual quarterly (NWDP),Dug well,,11.5,,75,1996,2015,2.26,2.95,3.11,1.66,1.45,0.017,False
Kapgal,Kapgal,MANVI,Raichur,16.05,77.13333333,CGWB manual quarterly (NWDP),Dug well,,10.18,,86,1996,2020,4.61,6.05,5.62,4.02,1.6,0.108,False
Kowtal,Kowtal,MANVI,Raichur,16.1,76.8,CGWB manual quarterly (NWDP),Dug well,,12.6,,57,1996,2013,10.14,9.92,9.89,10.13,-0.24,0.036,False
Kuppi Guda,Kuppi Guda,LINGSUGUR,Raichur,16.12888889,76.57388889,CGWB manual quarterly (NWDP),Dug well,Unconfined,12.2,,29,2013,2024,7.36,5.6,8.57,6.7,1.87,-0.345,False
Kurdi,Kurdi,MANVI,Raichur,16.05,77.21388889,CGWB manual quarterly (NWDP),Bore well,Semi-confined,83.4,,36,2013,2024,3.87,3.47,4.23,3.6,0.63,-0.062,False
Kurdi A,Kurdi A,MANVI,Raichur,16.05111111,77.20777778,CGWB manual quarterly (NWDP),Dug well,Unconfined,13.4,,39,2013,2024,6.93,7.05,7.76,5.8,1.96,0.081,False
Kurdi1,Kurdi,MANVI,Raichur,16.05,77.21388889,CGWB manual quarterly (NWDP),Bore well,Semi-confined,83.4,,5,2012,2013,9.26,9.26,13.45,5.78,7.67,,False
Lingasugur,Lingsugur,LINGSUGUR,Raichur,16.16194444,76.50694444,CGWB manual quarterly (NWDP),Bore well,,201.6,,1,2016,2016,3.33,3.33,,,,,False
Lingasugur A,Lingasugur A,LINGSUGUR,Raichur,16.11666667,76.51666667,CGWB manual quarterly (NWDP),Dug well,Unconfined,15.0,,32,2015,2024,6.1,6.2,6.89,5.16,1.73,0.133,False
Lingsugur,Lingsugur,LINGSUGUR,Raichur,16.11833333,76.53527778,CGWB manual quarterly (NWDP),Dug well,,8.1,,74,1996,2016,2.63,3.04,2.92,1.99,0.93,-0.069,False
Mahampur,Mahampur,SINDHNUR,Raichur,15.83888889,76.45833333,CGWB manual quarterly (NWDP),Dug well,Unconfined,11.6,,94,1996,2023,6.33,3.45,7.8,4.91,2.89,0.062,False
Manvi1,Manvi,MANVI,Raichur,16.05,77.21388889,CGWB manual quarterly (NWDP),Bore well,Semi-confined,83.4,,63,1999,2024,8.87,6.76,10.04,6.78,3.26,0.049,False
Manvi2,Manvi,MANVI,Raichur,15.99583333,77.05194444,CGWB manual quarterly (NWDP),,,,,1,2005,2005,6.67,6.67,,,,,False
Manvi2,Manvi,MANVI,Raichur,16.0,77.03333333,CGWB manual quarterly (NWDP),Dug well,Unconfined,8.1,,92,1996,2023,5.48,10.7,8.35,4.11,4.24,0.258,False
Maski,Maski,LINGSUGUR,Raichur,15.95833333,76.65833333,CGWB manual quarterly (NWDP),Dug well,,6.6,,77,1999,2024,5.68,4.32,6.29,5.1,1.19,-0.062,False
Maski A,Maski A,LINGSUGUR,Raichur,16.27083333,77.27083333,CGWB manual quarterly (NWDP),Dug well,Unconfined,8.5,,43,2012,2024,6.21,4.85,7.02,5.28,1.74,-0.104,False
Maski1,Maski,LINGSUGUR,Raichur,15.95833333,76.65833333,CGWB manual quarterly (NWDP),Dug well,,6.6,,1,2013,2013,2.5,2.5,,,,,False
Maski_1,-,-,Raichur,16.9583,76.6583,CGWB manual quarterly (NWDP),,,,,1,2023,2023,4.85,4.85,,,,,False
Mudgal,Mudgal,LINGSUGUR,Raichur,16.01666667,76.4,CGWB manual quarterly (NWDP),Dug well,,8.0,,82,1996,2023,3.99,3.13,4.68,3.04,1.64,-0.132,False
Mustoor,Mustoor,DEVADURGA,Raichur,16.3125,77.01666667,CGWB manual quarterly (NWDP),Dug well,Unconfined,8.0,,83,1996,2024,1.85,0.78,2.39,1.45,0.94,-0.055,False
Nagarhal,Nagarhal,LINGSUGUR,Raichur,16.1,76.30833333,CGWB manual quarterly (NWDP),Bore well,,50.0,,30,2002,2016,4.43,3.01,4.87,3.9,0.97,-0.357,False
Nagarhal1,Nagarhal,LINGSUGUR,Raichur,16.1,76.30833333,CGWB manual quarterly (NWDP),Bore well,,50.0,,4,2012,2014,3.95,3.95,8.34,2.0,6.34,,False
Narashima Naik Nagar,Narashima Naik Nagar,LINGSUGUR,Raichur,16.26861111,76.53805556,CGWB manual quarterly (NWDP),Bore well,,201.6,,2,2016,2016,5.24,5.24,,,,,False
Nawalkal,Nawalkal,MANVI,Raichur,16.1625,76.96944444,CGWB manual quarterly (NWDP),Dug well,,10.85,,59,1996,2013,8.41,8.74,8.79,8.01,0.78,0.211,False
Neermanvi,Neermanvi,MANVI,Raichur,16.04166667,77.1,CGWB manual quarterly (NWDP),Dug well,Unconfined,8.5,,95,1996,2022,3.91,6.54,5.31,2.85,2.46,0.243,False
Pamankallur,Pamankallur,MANVI,Raichur,16.1,76.68333333,CGWB manual quarterly (NWDP),Dug well,Unconfined,8.2,,65,1996,2023,5.15,2.58,5.6,4.62,0.98,0.014,False
Pamankallur A,Pamankallur A,MANVI,Raichur,16.08333333,76.66666667,CGWB manual quarterly (NWDP),Dug well,,8.0,,21,2015,2024,4.6,3.32,5.92,3.77,2.15,-0.295,False
Potanhal,Potanhal,SINDHNUR,Raichur,15.91888889,76.89333333,CGWB manual quarterly (NWDP),Dug well,,15.0,,11,2013,2015,9.74,9.74,8.97,9.75,-0.78,,False
Raichur,Raichur,RAICHUR,Raichur,16.20833333,77.35,CGWB manual quarterly (NWDP),Dug well,,10.13,,75,1999,2024,4.56,4.7,5.67,3.54,2.13,-0.078,False
Raichur1,Raichur,RAICHUR,Raichur,16.20833333,77.35,CGWB manual quarterly (NWDP),Dug well,,10.13,,37,2012,2024,3.79,3.01,5.43,3.01,2.42,-0.007,False
Raichur_1,-,RAICHUR,Raichur,16.21,77.35,CGWB manual quarterly (NWDP),,,,,2,2023,2023,3.01,3.01,3.05,,,,False
Raichur_2,-,-,Raichur,16.2083,77.35,CGWB manual quarterly (NWDP),Dug well,,10.13,,1,2023,2023,4.4,4.4,,,,,False
Rajalabanda,Rajalabanda,MANVI,Raichur,15.95833333,77.175,CGWB manual quarterly (NWDP),Dug well,Unconfined,10.5,,96,1996,2024,3.86,1.23,4.78,2.7,2.08,-0.28,False
Santikellur,Santikellur,LINGSUGUR,Raichur,16.05555556,76.56666667,CGWB manual quarterly (NWDP),Dug well,,7.95,,73,1996,2015,4.2,4.66,4.67,3.47,1.2,0.027,False
Sarjapur,Sarjapur,LINGSUGUR,Raichur,16.19833333,76.44138889,CGWB manual quarterly (NWDP),Bore well,,201.6,,1,2016,2016,1.58,1.58,,,,,False
Shaktinagar,Shaktinagar,RAICHUR,Raichur,16.27083333,77.27083333,CGWB manual quarterly (NWDP),Dug well,Unconfined,8.5,,41,2012,2024,1.61,1.73,1.65,1.05,0.6,0.018,False
Sindanur,Sindanur,SINDHNUR,Raichur,15.77027778,76.75833333,CGWB manual quarterly (NWDP),Bore well,,44.0,,7,2005,2024,0.96,1.19,1.11,0.78,0.33,0.001,False
Sindhnur,Sindhnur,SINDHNUR,Raichur,15.77777778,76.76527778,CGWB manual quarterly (NWDP),Bore well,Semi-confined,44.0,,54,2006,2023,0.84,0.43,1.45,0.65,0.8,-0.04,False
Sindhnur1,Sindhnur,SINDHNUR,Raichur,15.77333333,76.76111111,CGWB manual quarterly (NWDP),Dug well,,5.3,,99,1996,2024,3.03,3.06,3.23,2.59,0.64,0.002,False
Sindhnur_1,-,SINDHNUR,Raichur,15.78,76.75,CGWB manual quarterly (NWDP),,,,,2,2023,2023,3.75,3.75,3.75,,,,False
Sirwar,Sirwar,MANVI,Raichur,16.17222222,77.17222222,CGWB manual quarterly (NWDP),Bore well,Semi-confined,50.0,,46,1999,2023,4.52,9.3,7.7,2.95,4.75,0.431,False
Sirwar1,Sirwar,MANVI,Raichur,16.17222222,77.02083333,CGWB manual quarterly (NWDP),Dug well,,10.0,,94,1996,2022,3.99,5.41,5.12,2.95,2.17,0.1,False
Turvihal,Turvihal,SINDHNUR,Raichur,15.76666667,76.6,CGWB manual quarterly (NWDP),Dug well,Unconfined,7.84,0.023,103,1996,2024,4.21,2.72,5.54,3.18,2.36,-0.068,False
Ulimeshwar,Ulimeshwar,LINGSUGUR,Raichur,15.95194444,76.44166667,CGWB manual quarterly (NWDP),Dug well,Unconfined,7.0,,36,2014,2024,5.51,5.5,6.1,5.18,0.92,0.062,False
Umloti,Umloti,SINDHNUR,Raichur,15.73333333,76.48333333,CGWB manual quarterly (NWDP),Dug well,,10.6,,42,1996,2013,5.88,7.45,6.26,5.38,0.88,0.106,False
Vachanayakana Thanda,Vachanayakana Thanda,DEVADURGA,Raichur,16.28638889,76.88555556,CGWB manual quarterly (NWDP),Dug well,Unconfined,18.0,,35,2013,2023,1.95,1.19,2.96,0.88,2.08,0.031,False
Vanukuni,Vanukuni,DEVADURGA,Raichur,16.40055556,76.98277778,CGWB manual quarterly (NWDP),Dug well,Unconfined,7.0,,34,2012,2024,0.91,1.1,1.8,0.47,1.33,0.017,False
Watgal,Watgal,MANVI,Raichur,16.10472222,76.75666667,CGWB manual quarterly (NWDP),Dug well,Unconfined,12.5,,40,2013,2024,9.22,7.6,9.87,8.85,1.02,-0.322,False
Yergera,Yergera,RAICHUR,Raichur,16.01666667,77.28333333,CGWB manual quarterly (NWDP),Dug well,Unconfined,12.75,,85,1996,2024,5.17,2.88,6.28,3.96,2.32,-0.1,False
Yergunti,Yergunti,LINGSUGUR,Raichur,16.19861111,76.44138889,CGWB manual quarterly (NWDP),Bore well,Semi-confined,201.6,,13,2016,2020,3.7,3.86,4.62,3.05,1.57,,False
Agumbe,Agumbe,TIRTHAHALLI,Shivamogga,13.51666667,75.1,CGWB manual quarterly (NWDP),Dug well,Unconfined,14.22,,43,2012,2024,7.42,6.91,11.58,6.58,5.0,-0.026,False
Ambligolla,Ambligolla,SHIKARPUR,Shivamogga,14.18333333,75.28333333,CGWB manual quarterly (NWDP),Dug well,Unconfined,11.8,,104,1996,2024,5.4,6.12,7.9,4.13,3.77,0.023,False
Anandapuram,Anandapuram,SAGAR,Shivamogga,14.06666667,75.21666667,CGWB manual quarterly (NWDP),Dug well,Unconfined,11.05,0.023,104,1996,2023,3.93,2.87,6.66,2.38,4.28,-0.032,False
Anavatti,Anavatti,SORAB,Shivamogga,14.56666667,75.14166667,CGWB manual quarterly (NWDP),Dug well,Unconfined,11.3,,93,1996,2023,4.88,3.95,7.66,3.88,3.78,0.041,False
Anavatti1,Anavatti,SORAB,Shivamogga,14.56666667,75.15,CGWB manual quarterly (NWDP),Bore well,Semi-confined,52.85,,71,1999,2024,10.02,7.3,12.2,8.36,3.84,-0.003,False
Anavatti1_1,-,-,Shivamogga,14.5667,75.15,CGWB manual quarterly (NWDP),Bore well,Semi-confined,52.85,,1,2024,2024,5.83,5.83,,,,,False
Ankaravalli,Ankaravalli,SORAB,Shivamogga,14.39888889,75.00166667,CGWB manual quarterly (NWDP),Dug well,Unconfined,16.0,,41,2013,2024,11.03,11.29,13.28,9.68,3.6,0.092,False
Arabilachi,Arabilachi,BHADRAVATI,Shivamogga,13.94027778,75.75277778,CGWB manual quarterly (NWDP),Dug well,Unconfined,9.45,,38,2014,2024,0.97,0.97,1.21,0.84,0.37,-0.004,False
Araga,Araga,TIRTHAHALLI,Shivamogga,13.73944444,75.20805556,CGWB manual quarterly (NWDP),Dug well,Unconfined,10.0,,42,2013,2024,6.3,5.85,8.52,5.84,2.68,-0.068,False
Arahatodalu,Arahatodalu,BHADRAVATI,Shivamogga,13.97916667,75.74027778,CGWB manual quarterly (NWDP),Dug well,Unconfined,3.96,,27,2014,2021,0.75,0.73,0.92,0.63,0.29,0.003,False
Arekoppa,Arekoppa,SHIKARPUR,Shivamogga,14.18333333,75.41666667,CGWB manual quarterly (NWDP),Dug well,Unconfined,9.33,,39,2012,2024,3.28,2.93,5.09,2.21,2.88,0.097,False
Arivadki,Arivadki,SAGAR,Shivamogga,14.13666667,75.0575,CGWB manual quarterly (NWDP),Dug well,Unconfined,14.0,,42,2013,2024,8.37,7.86,10.96,7.64,3.32,-0.093,False
Ayanur,Ayanur,SHIMOGA,Shivamogga,14.00833333,75.55833333,CGWB manual quarterly (NWDP),Dug well,Unconfined,17.85,0.018,108,1996,2024,3.68,1.96,6.99,1.7,5.29,-0.146,False
Baalur,Balur,SHIKARPUR,Shivamogga,14.24861111,75.50833333,CGWB manual quarterly (NWDP),Dug well,,17.0,,76,1996,2017,7.09,8.82,9.33,5.24,4.09,0.002,False
Bagavalli,Bagavalli,TIRTHAHALLI,Shivamogga,13.71444444,75.3975,CGWB manual quarterly (NWDP),Dug well,Unconfined,11.0,,42,2013,2024,4.95,4.46,6.82,4.25,2.57,-0.068,False
Balasagodu,Balasagodu,SAGAR,Shivamogga,14.1575,75.06666667,CGWB manual quarterly (NWDP),Dug well,Unconfined,13.84,,28,2016,2024,6.03,5.61,8.22,4.87,3.35,-0.097,False
Ballur,Ballur,HOSANAGARA,Shivamogga,14.00361111,75.24722222,CGWB manual quarterly (NWDP),Dug well,,18.32,,4,2016,2017,8.72,8.72,17.42,5.3,12.12,,False
Battemallappa,Battemallappa,HOSANAGARA,Shivamogga,14.02027778,75.15416667,CGWB manual quarterly (NWDP),Dug well,Unconfined,14.35,,36,2014,2024,8.02,7.16,12.14,6.52,5.62,-0.158,False
Bhadravati,Bhadravati,BHADRAVATI,Shivamogga,13.85416667,75.70833333,CGWB manual quarterly (NWDP),Bore well,,53.9,,46,2000,2023,0.74,1.2,1.03,0.38,0.65,-0.035,False
Bhadravati1,Bhadravati,BHADRAVATI,Shivamogga,13.86666667,75.73333333,CGWB manual quarterly (NWDP),Dug well,Unconfined,8.25,0.023,104,1996,2024,1.58,0.91,2.25,1.01,1.24,-0.106,False
Bheemanakone,Bheemanakone,SAGAR,Shivamogga,14.10638889,75.07638889,CGWB manual quarterly (NWDP),Dug well,Unconfined,20.0,,28,2016,2024,8.62,7.55,10.84,8.89,1.95,-0.429,False
Bilehalli,Bilehalli,HOSANAGARA,Shivamogga,13.92222222,75.12083333,CGWB manual quarterly (NWDP),Dug well,Unconfined,14.0,,38,2014,2024,5.33,4.32,8.33,4.07,4.26,-0.206,False
Brahmeshwara,Brahmeshwara,HOSANAGARA,Shivamogga,13.95722222,75.09027778,CGWB manual quarterly (NWDP),Dug well,Unconfined,11.13,,36,2014,2024,6.89,6.63,8.82,6.4,2.42,-0.07,False
Chandraguthi,Chandraguthi,SORAB,Shivamogga,14.43333333,74.95833333,CGWB manual quarterly (NWDP),Dug well,Unconfined,10.75,0.018,107,1996,2024,5.61,4.27,8.71,4.82,3.89,-0.106,False
Chennakoppa,Chennakoppa,HOSANAGARA,Shivamogga,14.03444444,75.4125,CGWB manual quarterly (NWDP),Dug well,Unconfined,24.0,,27,2016,2024,4.52,2.78,13.15,2.54,10.61,-0.669,False
Chunchanakoppa Cross,Chunchanakoppa Cross,SHIKARPUR,Shivamogga,14.24138889,75.31805556,CGWB manual quarterly (NWDP),Dug well,,13.8,,27,2013,2024,6.88,6.72,11.15,4.53,6.62,0.01,False
Devangi,Devangi,TIRTHAHALLI,Shivamogga,13.63027778,75.27166667,CGWB manual quarterly (NWDP),Dug well,Unconfined,14.2,,35,2014,2024,8.76,8.42,11.67,8.1,3.57,0.002,False
Gabadi,Gabadi,TIRTHAHALLI,Shivamogga,13.71527778,75.37222222,CGWB manual quarterly (NWDP),Dug well,Unconfined,14.7,,38,2014,2024,8.69,8.12,12.34,7.42,4.92,-0.069,False
Gajanur,Gajanur,SHIMOGA,Shivamogga,13.85,75.55,CGWB manual quarterly (NWDP),Dug well,Unconfined,19.5,0.018,99,1998,2024,2.26,1.44,3.72,1.44,2.28,-0.065,False
Ganapathikatte,Ganapathikatte,TIRTHAHALLI,Shivamogga,13.71666667,75.23333333,CGWB manual quarterly (NWDP),Dug well,Unconfined,13.0,,39,2013,2024,7.09,6.41,10.78,6.35,4.43,-0.124,False
Gartikere,Gartikere,HOSANAGARA,Shivamogga,13.89166667,75.23333333,CGWB manual quarterly (NWDP),Dug well,Unconfined,11.0,,39,2013,2024,6.49,5.84,9.02,5.54,3.48,-0.094,False
Guddekeri,Guddekeri,TIRTHAHALLI,Shivamogga,13.56416667,75.12944444,CGWB manual quarterly (NWDP),Dug well,Unconfined,11.1,,42,2013,2024,8.24,8.16,9.88,8.2,1.68,-0.023,False
Guddekoppa,Guddekoppa,TIRTHAHALLI,Shivamogga,13.77083333,75.24722222,CGWB manual quarterly (NWDP),Dug well,Unconfined,18.0,0.023,106,1996,2024,8.67,7.24,12.67,7.79,4.88,-0.056,False
Heddarapura,Heddarapura,HOSANAGARA,Shivamogga,13.93611111,75.26944444,CGWB manual quarterly (NWDP),Dug well,Unconfined,11.5,,38,2014,2024,4.89,4.39,8.03,3.58,4.45,-0.042,False
Hiriyur,Hiriyur,BHADRAVATI,Shivamogga,13.81722222,75.6675,CGWB manual quarterly (NWDP),Dug well,Unconfined,10.11,,42,2013,2024,1.88,1.91,2.32,1.52,0.8,0.03,False
Holehonnur,Holehonnur,BHADRAVATI,Shivamogga,13.98333333,75.68888889,CGWB manual quarterly (NWDP),Dug well,Unconfined,7.0,,42,2012,2024,1.8,1.89,1.96,1.68,0.28,0.021,False
Hosabale,Hosabale,SORAB,Shivamogga,14.325,75.05,CGWB manual quarterly (NWDP),Dug well,Unconfined,14.15,,77,1996,2024,7.41,7.79,9.8,6.79,3.01,-0.216,False
Hosahalli,Hosahalli,TIRTHAHALLI,Shivamogga,13.85972222,75.55805556,CGWB manual quarterly (NWDP),Dug well,Unconfined,5.85,,37,2014,2024,1.98,2.35,2.08,1.74,0.34,0.104,False
Hosanagara1,Hosanagara,HOSANAGARA,Shivamogga,13.9,75.1,CGWB manual quarterly (NWDP),Dug well,Unconfined,14.0,0.018,107,1996,2024,8.84,7.81,12.59,7.58,5.01,-0.085,False
Hosur,Hosur,SAGAR,Shivamogga,14.09722222,75.175,CGWB manual quarterly (NWDP),Dug well,,15.5,,38,2013,2024,7.22,6.08,11.08,6.71,4.37,-0.186,False
Hosur2,Hosur,SHIKARPUR,Shivamogga,14.25833333,75.41666667,CGWB manual quarterly (NWDP),Dug well,Unconfined,13.4,,66,1996,2024,7.82,7.93,11.45,5.24,6.21,0.31,False
Hulkod,Hulkod,TIRTHAHALLI,Shivamogga,13.59555556,75.25222222,CGWB manual quarterly (NWDP),Dug well,Unconfined,22.0,,36,2014,2024,8.57,8.61,11.2,8.05,3.15,0.013,False
Humacha,Humacha,HOSANAGARA,Shivamogga,13.85833333,75.20833333,CGWB manual quarterly (NWDP),Dug well,Unconfined,10.4,0.023,108,1996,2024,5.05,4.68,6.87,4.44,2.43,-0.017,False
Humchadakatte,Humchadakatte,HOSANAGARA,Shivamogga,13.87583333,75.23388889,CGWB manual quarterly (NWDP),Dug well,,17.0,,28,2014,2024,7.87,8.63,11.38,8.03,3.35,0.172,False
Hunsekatte Junction,Hunsekatte Junction,BHADRAVATI,Shivamogga,13.77611111,75.62055556,CGWB manual quarterly (NWDP),Dug well,Unconfined,20.98,,42,2013,2024,9.82,8.67,16.17,6.98,9.19,-0.227,False
Iruvakki,Iruvakki,SAGAR,Shivamogga,14.03166667,75.175,CGWB manual quarterly (NWDP),Dug well,Unconfined,11.33,,29,2014,2024,7.57,7.18,9.66,7.18,2.48,-0.018,False
Jaddihalli,Jaddihalli,SHIMOGA,Shivamogga,14.5075,75.05833333,CGWB manual quarterly (NWDP),Dug well,Unconfined,11.46,,26,2016,2024,7.39,6.12,9.42,6.72,2.7,-0.432,False
Kaijegebulu,Kaijegebulu,HOSANAGARA,Shivamogga,13.9825,75.11027778,CGWB manual quarterly (NWDP),Dug well,Unconfined,14.55,,41,2012,2024,9.14,8.69,10.82,9.03,1.79,-0.07,False
Kalmane,Kalmane,TIRTHAHALLI,Shivamogga,13.65166667,75.17555556,CGWB manual quarterly (NWDP),Dug well,Unconfined,7.56,,42,2013,2024,3.33,3.24,5.19,2.82,2.37,0.011,False
Kavurehakkalu,Kavurehakkalu,TIRTHAHALLI,Shivamogga,13.53888889,75.11388889,CGWB manual quarterly (NWDP),Dug well,Unconfined,5.9,,41,2013,2024,3.99,4.72,5.06,4.24,0.82,0.198,False
Kempegowdanagara,Kempegowdanagara,BHADRAVATI,Shivamogga,13.79027778,75.73472222,CGWB manual quarterly (NWDP),Dug well,Unconfined,7.4,,41,2013,2024,1.47,1.51,1.84,1.13,0.71,0.015,False
Kodlu,Kodlu,TIRTHAHALLI,Shivamogga,13.64138889,75.18166667,CGWB manual quarterly (NWDP),Dug well,Unconfined,22.0,,37,2014,2024,8.93,8.35,12.68,7.94,4.74,-0.107,False
Kodur,Kodur,HOSANAGARA,Shivamogga,13.92916667,75.15833333,CGWB manual quarterly (NWDP),Bore well,,74.0,,21,1998,2023,13.35,6.8,25.42,10.59,14.83,0.991,False
Kodur1,Kodur,TIRTHAHALLI,Shivamogga,13.78333333,75.125,CGWB manual quarterly (NWDP),Dug well,Unconfined,14.81,0.023,107,1996,2024,8.39,6.7,12.31,6.89,5.42,-0.092,False
Konandur,Konandur,TIRTHAHALLI,Shivamogga,13.81111111,75.16111111,CGWB manual quarterly (NWDP),,,,,2,2005,2013,24.3,49.3,49.3,-0.7,50.0,,False
Konandur Dw,Konandur Dw,TIRTHAHALLI,Shivamogga,13.73916667,75.32555556,CGWB manual quarterly (NWDP),Dug well,Unconfined,14.5,,11,2019,2024,8.65,9.1,13.31,8.32,4.99,0.285,False
Konandur II,Konandur Ii,TIRTHAHALLI,Shivamogga,13.81027778,75.2525,CGWB manual quarterly (NWDP),Dug well,Unconfined,12.0,,36,2014,2024,5.84,4.64,10.0,4.74,5.26,-0.224,False
Konandur1,Konandur,TIRTHAHALLI,Shivamogga,13.81527778,75.24305556,CGWB manual quarterly (NWDP),Dug well,,19.2,,32,2013,2022,9.2,7.34,12.62,8.48,4.14,-0.224,False
Kote Kargya,Kote Kargya,HOSANAGARA,Shivamogga,13.79888889,75.21111111,CGWB manual quarterly (NWDP),Dug well,Unconfined,13.43,,33,2013,2023,8.15,7.74,11.15,6.91,4.24,-0.037,False
Kudligere,Kudligere,BHADRAVATI,Shivamogga,13.91666667,75.76666667,CGWB manual quarterly (NWDP),Dug well,Unconfined,15.0,,79,2003,2024,2.04,1.79,2.55,1.75,0.8,-0.04,False
Kudumallige,Kudumallige,TIRTHAHALLI,Shivamogga,13.72222222,75.29,CGWB manual quarterly (NWDP),Dug well,Unconfined,11.65,,42,2013,2024,7.86,7.35,10.58,7.38,3.2,-0.053,False
Kuppagadde,Kuppagadde,SORAB,Shivamogga,14.475,75.11666667,CGWB manual quarterly (NWDP),Dug well,,14.0,,82,1996,2021,5.36,4.73,9.19,4.0,5.19,0.06,False
Madsur Lingadalli,Madsur Lingadalli,SORAB,Shivamogga,14.20888889,75.08305556,CGWB manual quarterly (NWDP),Dug well,Unconfined,18.2,,42,2013,2024,8.69,7.55,12.08,7.53,4.55,-0.189,False
Malur2,Malur,TIRTHAHALLI,Shivamogga,13.73055556,75.34166667,CGWB manual quarterly (NWDP),Dug well,Unconfined,17.0,,77,2003,2024,6.15,7.77,7.76,5.88,1.88,0.053,False
Mandagadde,Mandagadde,TIRTHAHALLI,Shivamogga,13.73333333,75.43333333,CGWB manual quarterly (NWDP),Dug well,Unconfined,9.75,,78,2003,2024,4.21,3.16,5.57,3.82,1.75,-0.112,False
Masarahalli A,Masarahalli A,BHADRAVATI,Shivamogga,13.81111111,75.72777778,CGWB manual quarterly (NWDP),Dug well,Unconfined,12.56,,41,2012,2024,3.31,4.09,3.6,1.92,1.68,0.214,False
Megaravalli,Megaravalli,TIRTHAHALLI,Shivamogga,13.625,75.125,CGWB manual quarterly (NWDP),Dug well,Unconfined,14.5,,79,2003,2024,7.94,7.79,11.54,7.19,4.35,-0.041,False
Melinahanasavadi,Melinahanasavadi,BHADRAVATI,Shivamogga,13.98333333,75.68888889,CGWB manual quarterly (NWDP),Dug well,Unconfined,7.0,,103,1996,2024,1.87,1.39,2.18,1.4,0.78,-0.022,False
Mosarahalli,Mosarahalli,BHADRAVATI,Shivamogga,13.81111111,75.72777778,CGWB manual quarterly (NWDP),Dug well,Unconfined,12.56,,49,1996,2009,2.29,1.52,2.97,1.67,1.3,-0.132,False
Mytheri,Mytheri,TIRTHAHALLI,Shivamogga,13.63472222,75.19888889,CGWB manual quarterly (NWDP),Dug well,Unconfined,16.45,,37,2014,2024,8.13,7.87,12.55,7.17,5.38,-0.076,False
Naluru,Naluru,TIRTHAHALLI,Shivamogga,13.59,75.13388889,CGWB manual quarterly (NWDP),Dug well,Unconfined,15.4,,42,2013,2024,7.52,7.02,11.51,6.57,4.94,-0.135,False
Nandikatte,Nandikatte,TIRTHAHALLI,Shivamogga,13.67527778,75.21027778,CGWB manual quarterly (NWDP),Dug well,Unconfined,22.13,,42,2013,2024,11.49,11.12,15.05,10.75,4.3,-0.088,False
Nidagalale,Nidagalale,TIRTHAHALLI,Shivamogga,13.72055556,75.43944444,CGWB manual quarterly (NWDP),Dug well,Unconfined,12.9,,42,2013,2024,2.42,2.05,3.65,1.93,1.72,-0.071,False
Nidigi,Nidigi,SHIMOGA,Shivamogga,13.88333333,75.61666667,CGWB manual quarterly (NWDP),Dug well,Unconfined,6.5,,67,2003,2023,2.16,2.07,2.66,1.9,0.76,-0.017,False
Pillangere,Pillangere,SHIMOGA,Shivamogga,13.95833333,75.64166667,CGWB manual quarterly (NWDP),Dug well,Unconfined,22.0,0.023,103,1996,2024,2.31,1.3,4.34,1.27,3.07,-0.072,False
Purale,Purale,SHIMOGA,Shivamogga,13.91666667,75.63333333,CGWB manual quarterly (NWDP),Dug well,Unconfined,5.5,,43,2012,2024,1.93,2.04,2.17,1.74,0.43,0.031,False
Riponpet,Riponpet,HOSANAGARA,Shivamogga,13.99166667,75.25416667,CGWB manual quarterly (NWDP),Dug well,Unconfined,13.0,,42,2012,2024,6.45,5.44,9.63,5.07,4.56,-0.129,False
Sagar,Sagar,SAGAR,Shivamogga,14.16666667,75.03333333,CGWB manual quarterly (NWDP),Dug well,Unconfined,11.6,0.023,108,1996,2024,5.64,5.21,7.12,5.14,1.98,-0.005,False
Settihalli,Settihalli,SHIKARPUR,Shivamogga,14.275,75.325,CGWB manual quarterly (NWDP),,,,,5,1998,2013,16.91,59.3,36.18,1.72,34.46,,False
Shankarahalli,Shankarahalli,TIRTHAHALLI,Shivamogga,13.83611111,75.21666667,CGWB manual quarterly (NWDP),Dug well,Unconfined,12.5,,97,1996,2024,5.96,5.26,9.54,4.95,4.59,-0.009,False
Shikarpur1,Shikarpur,SHIKARPUR,Shivamogga,14.25,75.36666667,CGWB manual quarterly (NWDP),Dug well,Unconfined,13.15,,80,1996,2024,4.52,2.54,6.75,3.24,3.51,-0.169,False
Shimoga,Shimoga,SHIMOGA,Shivamogga,13.83333333,75.6,CGWB manual quarterly (NWDP),Bore well,Semi-confined,60.0,,71,2000,2023,2.8,2.99,3.66,2.54,1.12,-0.015,False
Shimoga A,Shimoga,SHIMOGA,Shivamogga,13.92777778,75.58888889,CGWB manual quarterly (NWDP),Dug well,,15.0,,34,2013,2024,4.88,5.17,5.69,4.38,1.31,0.141,False
Shimoga1,Shimoga,SHIMOGA,Shivamogga,13.91666667,75.63333333,CGWB manual quarterly (NWDP),Dug well,Unconfined,5.5,,25,2003,2009,2.77,2.83,4.96,1.71,3.25,-0.043,False
Shimoga_1,-,SHIMOGA,Shivamogga,13.83,75.6,CGWB manual quarterly (NWDP),,,,,3,2023,2023,6.03,6.03,8.35,,,,False
Shimoga_2,-,-,Shivamogga,13.8333,75.6,CGWB manual quarterly (NWDP),Bore well,Semi-confined,60.0,,2,2024,2024,2.94,2.94,,,,,False
Shiralkoppa,Shiralkoppa,SHIKARPUR,Shivamogga,14.38333333,75.25,CGWB manual quarterly (NWDP),,,,,26,1996,2011,7.58,11.23,11.43,6.83,4.6,0.456,False
Sorab,Sorab,SORAB,Shivamogga,14.36666667,75.1,CGWB manual quarterly (NWDP),Dug well,Unconfined,22.88,0.023,106,1996,2024,14.66,13.36,18.63,13.8,4.83,-0.123,False
Sugur,Sugur,SHIMOGA,Shivamogga,14.00833333,75.66111111,CGWB manual quarterly (NWDP),Dug well,Unconfined,13.7,,63,2007,2024,1.49,1.46,1.6,0.95,0.65,0.037,False
Talaguppa,Talaguppa,SAGAR,Shivamogga,14.2125,74.9125,CGWB manual quarterly (NWDP),Bore well,Semi-confined,55.9,,74,1998,2024,6.24,7.42,8.86,5.32,3.54,0.028,False
Talaguppa1,Talaguppa,SAGAR,Shivamogga,14.21666667,74.91666667,CGWB manual quarterly (NWDP),Dug well,Unconfined,12.5,0.023,104,1996,2024,6.66,6.71,9.83,5.77,4.06,-0.019,False
Talaguppa_1,-,-,Shivamogga,14.2125,74.9011,CGWB manual quarterly (NWDP),,,,,2,2023,2024,5.3,5.3,,6.25,,,False
Taluve,Taluve,TIRTHAHALLI,Shivamogga,13.66583333,75.26055556,CGWB manual quarterly (NWDP),Dug well,Unconfined,12.5,,35,2014,2024,7.5,7.47,9.65,7.24,2.41,0.012,False
Tevarachatnahalli,Tevarachatnahalli,SHIMOGA,Shivamogga,13.95,75.61666667,CGWB manual quarterly (NWDP),Dug well,Unconfined,23.0,0.023,107,1996,2024,3.27,3.42,4.43,2.66,1.77,-0.042,False
Tirthahalli,Tirthahalli,TIRTHAHALLI,Shivamogga,13.58333333,75.17083333,CGWB manual quarterly (NWDP),Dug well,Unconfined,10.0,,75,2003,2024,5.92,5.4,7.73,5.99,1.74,-0.016,False
Tirthamatthur,Tirthamatthur,TIRTHAHALLI,Shivamogga,13.59555556,75.25222222,CGWB manual quarterly (NWDP),Dug well,Unconfined,22.0,,37,2014,2024,13.38,13.02,16.03,12.69,3.34,-0.093,False
Tudki,Tudki,TIRTHAHALLI,Shivamogga,13.69722222,75.26527778,CGWB manual quarterly (NWDP),Dug well,Unconfined,17.5,,41,2013,2024,8.21,8.35,10.51,7.47,3.04,0.007,False
Ulavi,Ulavi,SORAB,Shivamogga,14.28333333,75.1,CGWB manual quarterly (NWDP),Dug well,Unconfined,29.0,,91,1996,2024,11.01,8.73,14.45,9.89,4.56,0.005,False
Ullur,Ullur,SAGAR,Shivamogga,14.1225,75.12722222,CGWB manual quarterly (NWDP),Dug well,Unconfined,13.05,,35,2014,2024,4.96,4.27,6.99,5.03,1.96,-0.15,False
Umblibailu,Umblebylu,SHIMOGA,Shivamogga,13.76666667,75.575,CGWB manual quarterly (NWDP),Dug well,Unconfined,17.7,,42,2012,2024,4.12,3.29,7.48,2.59,4.89,0.032,False
Virapur,Virapur,BHADRAVATI,Shivamogga,13.86666667,75.725,CGWB manual quarterly (NWDP),Dug well,Unconfined,10.0,,37,2013,2024,1.6,1.38,1.14,1.57,-0.43,0.047,False
Yedehalli,Yedehalli,BHADRAVATI,Shivamogga,14.00833333,75.81666667,CGWB manual quarterly (NWDP),,,,,22,1996,2006,2.38,4.67,2.87,1.82,1.05,0.062,False
Akkirampura,Akkirampura,KORATAGERE,Tumakuru,13.56805556,77.30416667,CGWB manual quarterly (NWDP),Dug well,,7.8,,12,2013,2015,7.04,7.04,7.0,7.0,0.0,,False
Anchihalli,Anchihalli,KUNIGAL,Tumakuru,13.16666667,76.81833333,CGWB manual quarterly (NWDP),Dug well,Unconfined,11.6,,37,2014,2024,8.26,6.56,8.69,7.62,1.07,-0.202,False
Ankasandra I,-,CHIKNAYAKANHALLI,Tumakuru,13.46,76.53,CGWB manual quarterly (NWDP),,,,,3,2023,2023,11.05,11.05,11.47,,,,False
Ankasandrapz,-,-,Tumakuru,13.46,76.54,CGWB manual quarterly (NWDP),,,,,3,2023,2024,31.53,31.53,,18.96,,,False
B.Rangapura,-,-,Tumakuru,13.4108,76.4444,CGWB manual quarterly (NWDP),,,,,3,2023,2024,23.96,23.96,,25.94,,,False
Badavanahalli(A),Badavanahalli A,MADHUGIRI,Tumakuru,13.66666667,77.06666667,CGWB manual quarterly (NWDP),Dug well,Unconfined,7.6,,59,2005,2024,2.27,1.92,2.64,1.97,0.67,-0.003,False
Balavaneralu,Balavaneralu,TIPTUR,Tumakuru,13.38888889,76.42361111,CGWB manual quarterly (NWDP),Dug well,Unconfined,7.0,,41,2013,2024,3.13,2.09,3.59,2.41,1.18,-0.163,False
Balavanerlu Pz,-,TIPTUR,Tumakuru,13.38,76.42,CGWB manual quarterly (NWDP),,,,,5,2023,2024,24.72,24.72,21.1,23.07,-1.97,,False
Balavanerlu_1,-,-,Tumakuru,13.38,76.42,CGWB manual quarterly (NWDP),,,,,1,2024,2024,28.19,28.19,,,,,False
Beladhara,Beladhara,TUMKUR,Tumakuru,13.45,77.16666667,CGWB manual quarterly (NWDP),Dug well,,10.05,,43,1996,2013,7.36,8.04,8.22,6.39,1.83,0.162,False
Bellavi,Bellavi,TUMKUR,Tumakuru,13.41666667,77.01666667,CGWB manual quarterly (NWDP),,,,,13,2006,2013,15.17,15.17,15.17,15.17,0.0,-0.0,False
Bellavi1,Bellavi,TUMKUR,Tumakuru,13.40833333,77.025,CGWB manual quarterly (NWDP),Bore well,Semi-confined,60.0,,84,1999,2024,18.79,8.96,22.9,17.26,5.64,-0.181,False
Bellavi1_1,-,-,Tumakuru,13.4083,77.025,CGWB manual quarterly (NWDP),Bore well,Semi-confined,60.0,,1,2024,2024,7.53,7.53,,,,,False
Bhairapur(pz),-,TIPTUR,Tumakuru,13.35833333,76.475,CGWB manual quarterly (NWDP),Dug well,,46.5,,5,2007,2012,4.57,6.87,8.89,0.55,8.34,,False
Bharanapurapz,-,-,Tumakuru,13.42,76.48,CGWB manual quarterly (NWDP),,,,,2,2023,2024,20.8,20.8,,19.25,,,False
Bidarakere1,Bidarakere,MADHUGIRI,Tumakuru,13.87277778,77.22722222,CGWB manual quarterly (NWDP),Dug well,Unconfined,13.86,0.023,103,1996,2024,5.2,3.01,6.56,3.81,2.75,-0.078,False
Bommanahalli Thanda Pz,-,TIPTUR,Tumakuru,13.38,76.43,CGWB manual quarterly (NWDP),,,,,1,2023,2023,42.2,42.2,,,,,False
Bommanahalli Thanda Pz_1,-,-,Tumakuru,13.38,76.45,CGWB manual quarterly (NWDP),,,,,2,2024,2024,44.74,44.74,,,,,False
Bommianapalya,Bommianapalya,MADHUGIRI,Tumakuru,13.61388889,77.1,CGWB manual quarterly (NWDP),,,,,2,2012,2013,8.8,8.8,,8.8,,,False
Boranakanive,Boranakanive,CHIKNAYAKANHALLI,Tumakuru,13.6125,76.64583333,CGWB manual quarterly (NWDP),Bore well,,60.0,,1,2005,2005,23.67,23.67,23.67,,,,False
Bornakanive,Bornakanive,SIRA,Tumakuru,13.6125,76.64583333,CGWB manual quarterly (NWDP),Bore well,,60.0,,1,2016,2016,52.1,52.1,,,,,False
Byalya,Byalya,MADHUGIRI,Tumakuru,13.65,77.30888889,CGWB manual quarterly (NWDP),,,,,31,1997,2013,9.92,10.76,11.06,9.29,1.77,0.197,False
Byalya1,Byalya,MADHUGIRI,Tumakuru,13.725,77.31666667,CGWB manual quarterly (NWDP),Bore well,Semi-confined,50.0,,67,1999,2024,24.15,13.26,28.88,17.73,11.15,0.123,False
Bytara Hosahalli,-,-,Tumakuru,13.0571,76.7939,CGWB manual quarterly (NWDP),,,,,2,2023,2024,13.07,13.07,,15.32,,,False
C.K.Pura,C.K.Pura,PAVAGADA,Tumakuru,14.05138889,77.16805556,CGWB manual quarterly (NWDP),Dug well,Unconfined,10.0,,39,2012,2024,4.95,3.6,6.54,4.17,2.37,-0.159,False
C.N.Halli1,Challi,CHIKNAYAKANHALLI,Tumakuru,13.43333333,76.61666667,CGWB manual quarterly (NWDP),Bore well,,60.0,,43,1999,2023,29.56,11.28,32.19,23.76,8.43,-0.548,False
Challi,Challi,CHIKNAYAKANHALLI,Tumakuru,13.43333333,76.625,CGWB manual quarterly (NWDP),,,,,6,1996,2013,18.05,18.43,18.43,18.43,0.0,0.063,False
Chandrasekharapura,Chandrasekharapura,GUBBI,Tumakuru,13.13333333,76.86666667,CGWB manual quarterly (NWDP),,,,,39,1996,2013,14.66,15.0,14.73,14.23,0.5,0.046,False
Chattasandra,Chattasandra,CHIKNAYAKANHALLI,Tumakuru,13.44444444,76.50277778,CGWB manual quarterly (NWDP),Dug well,Unconfined,8.0,,41,2013,2024,3.15,2.44,3.51,1.85,1.66,-0.133,False
Chelanahalli,Chelanahalli,MADHUGIRI,Tumakuru,13.76666667,77.24166667,CGWB manual quarterly (NWDP),Dug well,,11.2,,74,1996,2022,5.82,2.99,7.32,4.18,3.14,0.091,False
Chelur2,Chelur,GUBBI,Tumakuru,13.43333333,76.90833333,CGWB manual quarterly (NWDP),Bore well,Semi-confined,50.0,,83,1999,2024,23.72,16.14,24.65,22.12,2.53,-0.283,False
Chikka Honnavali,-,-,Tumakuru,13.3569,76.3861,CGWB manual quarterly (NWDP),,,,,2,2023,2024,6.3,6.3,,6.64,,,False
Chikkahalli1,Chikkahalli,PAVAGADA,Tumakuru,14.225,77.26666667,CGWB manual quarterly (NWDP),,,,,5,1996,1997,3.28,3.28,3.5,2.53,0.97,,False
Chikkapalanahalli,Chikkapalanahalli,KORATAGERE,Tumakuru,13.43333333,77.23333333,CGWB manual quarterly (NWDP),Dug well,,9.02,,88,1996,2024,5.41,4.77,6.26,4.48,1.78,0.032,False
Chilanahalli,Chilanahalli,MADHUGIRI,Tumakuru,13.76833333,77.24444444,CGWB manual quarterly (NWDP),Dug well,Unconfined,22.0,,25,2015,2023,4.42,3.18,7.48,2.45,5.03,0.002,False
Chinnahalli,Chinnahalli,KUNIGAL,Tumakuru,12.93055556,76.91944444,CGWB manual quarterly (NWDP),Dug well,,12.3,,54,1996,2023,4.59,7.1,6.33,2.58,3.75,0.217,False
D.S Hosahalli Ow Naquim,-,TUMKUR,Tumakuru,13.28,77.04,CGWB manual quarterly (NWDP),,,,,5,2023,2024,7.01,7.01,6.82,6.5,0.32,,False
Dabbeghatta,Dabbeghatta,MADHUGIRI,Tumakuru,13.67083333,77.11527778,CGWB manual quarterly (NWDP),,,,,25,2000,2013,10.71,11.73,11.73,9.6,2.13,0.357,False
Dadagondahalli,Dadagondahalli,MADHUGIRI,Tumakuru,13.8125,77.26666667,CGWB manual quarterly (NWDP),,,,,23,1996,2002,6.9,6.84,8.59,6.0,2.59,-0.195,False
Daggenahalli,Daggenahalli,CHIKNAYAKANHALLI,Tumakuru,13.44166667,76.48333333,CGWB manual quarterly (NWDP),,,,,31,1996,2004,6.2,7.8,7.19,5.44,1.75,0.128,False
Dandinadibba,-,-,Tumakuru,13.675,77.0675,CGWB manual quarterly (NWDP),,,,,4,2023,2024,9.28,9.28,,7.61,,,False
Dandinadibbe,Dandinadibbe,MADHUGIRI,Tumakuru,13.675,77.075,CGWB manual quarterly (NWDP),Bore well,Semi-confined,70.0,,71,1999,2023,33.75,23.34,37.22,31.82,5.4,0.391,False
Dodda Agrahara Naquim,-,SIRA,Tumakuru,13.63,76.88,CGWB manual quarterly (NWDP),,,,,4,2023,2023,13.76,13.76,12.93,15.82,-2.89,,False
Dodda Agrahara Naquim_1,-,-,Tumakuru,13.6281,76.8842,CGWB manual quarterly (NWDP),,,,,2,2024,2024,19.18,19.18,,,,,False
Doddapalanahalli Ow Naquim,-,KORATAGERE,Tumakuru,13.44,77.22,CGWB manual quarterly (NWDP),,,,,3,2023,2023,23.17,23.17,23.06,,,,False
Doddapalanahalli Ow Naquim_1,-,-,Tumakuru,13.4411,77.2169,CGWB manual quarterly (NWDP),,,,,2,2024,2024,29.84,29.84,,,,,False
G.Nagenahalli,G.Nagenahalli,KORATAGERE,Tumakuru,13.47083333,77.23888889,CGWB manual quarterly (NWDP),Dug well,Unconfined,9.0,,57,2005,2023,3.64,2.27,4.45,2.73,1.72,0.043,False
G.Ranganahalli Ow Naquim,-,SIRA,Tumakuru,13.75,76.78,CGWB manual quarterly (NWDP),,,,,4,2023,2023,130.66,130.66,133.71,132.44,1.27,,False
G.Ranganahalli Ow Naquim_1,-,-,Tumakuru,13.7528,76.7836,CGWB manual quarterly (NWDP),,,,,2,2024,2024,133.45,133.45,,,,,False
Gatlagollahalli,Gatlagollahalli,KORATAGERE,Tumakuru,13.51305556,77.17861111,CGWB manual quarterly (NWDP),Dug well,Unconfined,8.95,,38,2014,2024,2.51,2.47,2.94,1.92,1.02,0.067,False
Ghansinayan,Ghansinayan,CHIKNAYAKANHALLI,Tumakuru,13.43333333,76.48333333,CGWB manual quarterly (NWDP),Dug well,Unconfined,11.38,,42,2005,2024,6.75,4.56,7.59,6.05,1.54,0.05,False
Giriyammanapalya,Giriyammanapalya,MADHUGIRI,Tumakuru,13.73222222,77.19083333,CGWB manual quarterly (NWDP),Dug well,Unconfined,17.0,,33,2015,2024,4.08,4.05,4.9,3.0,1.9,0.016,False
Gubbi,Gubbi,GUBBI,Tumakuru,13.30416667,76.94166667,CGWB manual quarterly (NWDP),Dug well,Unconfined,18.0,,99,1996,2024,7.44,2.83,8.74,6.1,2.64,-0.188,False
Gubbi1,Gubbi,GUBBI,Tumakuru,13.3,76.93333333,CGWB manual quarterly (NWDP),,,,,36,1999,2013,25.77,49.2,29.63,22.86,6.77,-0.841,False
Guligenahalli,Guligenahalli,SIRA,Tumakuru,13.70833333,76.99166667,CGWB manual quarterly (NWDP),,,,,19,1996,2013,10.62,11.37,11.37,9.88,1.49,0.123,False
Gulur1,Gulur,TUMKUR,Tumakuru,13.29166667,77.09166667,CGWB manual quarterly (NWDP),,,,,39,1996,2013,12.17,12.45,12.38,12.06,0.32,0.065,False
Hagalavadi,Hagalavadi,GUBBI,Tumakuru,13.50833333,76.76666667,CGWB manual quarterly (NWDP),Dug well,Unconfined,20.0,,16,1996,2023,11.65,16.41,12.28,8.92,3.36,0.72,False
Hagalavadi1,Hagalavadi,GUBBI,Tumakuru,13.5,76.76666667,CGWB manual quarterly (NWDP),Bore well,,50.0,,72,1999,2024,31.83,29.83,34.19,27.95,6.24,0.708,False
Hagalawadi_1,-,-,Tumakuru,13.5,76.7667,CGWB manual quarterly (NWDP),Bore well,,50.0,,2,2023,2024,22.77,22.77,,,,,False
Halkurke,Halkurke,TIPTUR,Tumakuru,13.37083333,76.47916667,CGWB manual quarterly (NWDP),Dug well,Unconfined,10.0,,63,1996,2024,4.74,1.42,5.8,2.84,2.96,-0.233,False
Halkurke-A,Halkurke-A,TIPTUR,Tumakuru,13.37083333,76.47916667,CGWB manual quarterly (NWDP),Dug well,Unconfined,10.0,,40,2012,2023,3.74,4.09,4.19,3.79,0.4,0.145,False
Hanumanalli,Hanumanalli,MADHUGIRI,Tumakuru,13.61388889,77.1,CGWB manual quarterly (NWDP),,,,,15,1996,2001,5.27,4.78,8.14,4.02,4.12,,False
Haredasanahalli,Haredasanahalli,TURUVEKERE,Tumakuru,13.24166667,76.65833333,CGWB manual quarterly (NWDP),,,,,3,2012,2013,18.7,18.7,18.7,18.7,0.0,,False
Harenahalli,Harenahalli,CHIKNAYAKANHALLI,Tumakuru,13.52222222,76.5,CGWB manual quarterly (NWDP),Dug well,,9.5,,62,1996,2013,5.57,6.34,6.4,4.25,2.15,0.036,False
Hebbur,Hebbur,TUMKUR,Tumakuru,13.15833333,77.02777778,CGWB manual quarterly (NWDP),Bore well,,60.0,,4,2005,2017,18.57,20.73,17.9,,,,False
Hebbur Pz,Hebbur Pz,TUMKUR,Tumakuru,13.15833333,77.02777778,CGWB manual quarterly (NWDP),Bore well,,60.0,,22,2012,2019,20.07,18.02,21.1,19.43,1.67,-1.353,False
Hebbur-A,Hebbur A,TUMKUR,Tumakuru,13.15,77.03,CGWB manual quarterly (NWDP),,,,,24,2005,2013,13.08,12.88,13.2,12.79,0.41,-0.042,False
Honnavalli,Honnavalli,TIPTUR,Tumakuru,13.3375,76.3875,CGWB manual quarterly (NWDP),,,,,50,1996,2013,7.3,8.59,7.79,6.86,0.93,0.194,False
Honnenahalli,Honnenahalli,SIRA,Tumakuru,13.69166667,76.85833333,CGWB manual quarterly (NWDP),Dug well,,10.0,,50,1996,2013,5.68,6.69,6.65,4.65,2.0,0.229,False
Hosakere1,Hosakere,GUBBI,Tumakuru,13.425,76.84166667,CGWB manual quarterly (NWDP),,,,,27,1996,2015,11.86,12.7,12.7,11.11,1.59,0.201,False
Hosakere2,Hosakere,MADHUGIRI,Tumakuru,13.75,77.2,CGWB manual quarterly (NWDP),Bore well,Semi-confined,35.36,,97,1996,2024,5.78,2.59,7.16,4.01,3.15,-0.126,False
Hosakere2,Hosakere,MADHUGIRI,Tumakuru,13.775,77.2,CGWB manual quarterly (NWDP),,,,,17,2005,2013,9.99,13.38,10.36,9.35,1.01,0.664,False
Hosakere2_1,-,-,Tumakuru,13.75,77.2,CGWB manual quarterly (NWDP),Bore well,Semi-confined,35.36,,1,2024,2024,5.43,5.43,,,,,False
Hosur Pz,-,-,Tumakuru,13.42,76.44,CGWB manual quarterly (NWDP),,,,,4,2023,2024,13.86,13.86,,21.09,,,False
Hosur_3,-,TIPTUR,Tumakuru,13.38,76.53,CGWB manual quarterly (NWDP),,,,,2,2023,2023,5.42,5.42,5.68,,,,False
Huchanahatti Pz,-,TIPTUR,Tumakuru,13.29,76.48,CGWB manual quarterly (NWDP),,,,,2,2023,2023,38.92,38.92,26.46,,,,False
Huchanahatti Pz_1,-,-,Tumakuru,13.29,76.48,CGWB manual quarterly (NWDP),,,,,1,2024,2024,38.71,38.71,,,,,False
Huliyar,Huliyar,CHIKNAYAKANHALLI,Tumakuru,13.58333333,76.53333333,CGWB manual quarterly (NWDP),Dug well,Unconfined,20.15,,83,1996,2024,8.87,4.45,10.83,6.2,4.63,-0.21,False
Huliyar1,Huliyar,CHIKNAYAKANHALLI,Tumakuru,13.58333333,76.53333333,CGWB manual quarterly (NWDP),Dug well,Unconfined,20.15,,36,2012,2024,12.19,8.96,12.67,11.77,0.9,-0.484,False
Huliyar1_1,-,-,Tumakuru,13.58,76.53,CGWB manual quarterly (NWDP),,,,,1,2023,2023,10.18,10.18,,,,,False
Iriksandra,Iriksandra,GUBBI,Tumakuru,13.41388889,76.94444444,CGWB manual quarterly (NWDP),Dug well,Unconfined,15.24,,32,2015,2024,5.04,3.03,5.31,3.52,1.79,-0.366,False
Jadegondanahalli,Jadegondanahalli,MADHUGIRI,Tumakuru,13.69722222,77.20083333,CGWB manual quarterly (NWDP),Dug well,Unconfined,17.0,,29,2015,2024,4.26,2.83,6.41,3.13,3.28,-0.296,False
Jadegondnahalli,Jadegondnahalli,MADHUGIRI,Tumakuru,13.69722222,77.20138889,CGWB manual quarterly (NWDP),Dug well,,13.07,,49,1996,2023,7.38,4.92,9.9,4.88,5.02,-0.009,False
Kadaba1,Kadaba,GUBBI,Tumakuru,13.24166667,76.85833333,CGWB manual quarterly (NWDP),,,,,8,2001,2013,16.62,16.9,16.9,16.9,0.0,0.191,False
Kadaba2,Kadaba,GUBBI,Tumakuru,13.24166667,76.86666667,CGWB manual quarterly (NWDP),Bore well,Semi-confined,90.0,,84,1999,2024,31.11,17.73,33.52,28.31,5.21,0.247,False
Kadaba2_1,-,-,Tumakuru,13.2417,76.8667,CGWB manual quarterly (NWDP),Bore well,Semi-confined,90.0,,1,2024,2024,17.33,17.33,,,,,False
Kallambella,Kallambella,SIRA,Tumakuru,13.63333333,76.94166667,CGWB manual quarterly (NWDP),,,,,5,2001,2013,16.23,16.39,16.39,16.39,0.0,,False
Kamagundanahalli,Kamagundanahalli,MADHUGIRI,Tumakuru,13.8125,77.26666667,CGWB manual quarterly (NWDP),,,,,2,2013,2013,12.05,12.05,12.05,,,,False
Kanameri,Kanameri,PAVAGADA,Tumakuru,14.01944444,77.20555556,CGWB manual quarterly (NWDP),Dug well,Unconfined,14.0,,42,2013,2024,5.14,2.82,7.58,2.42,5.16,-0.367,False
Karadikodi,Karadikodi,TIPTUR,Tumakuru,13.26916667,76.56527778,CGWB manual quarterly (NWDP),Dug well,Unconfined,11.5,,39,2013,2024,7.46,4.5,8.23,5.59,2.64,-0.526,False
Karekyathanahalli,Karekyathanahalli,PAVAGADA,Tumakuru,14.05694444,77.10555556,CGWB manual quarterly (NWDP),Dug well,Unconfined,10.0,,42,2013,2024,5.06,5.94,5.03,4.72,0.31,0.318,False
Katturikihalli,-,CHIKNAYAKANHALLI,Tumakuru,13.46,76.68,CGWB manual quarterly (NWDP),,,,,1,2023,2023,15.0,15.0,,,,,False
Kenkere OW,-,CHIKNAYAKANHALLI,Tumakuru,13.61,76.53,CGWB manual quarterly (NWDP),,,,,2,2023,2023,4.42,4.42,5.32,,,,False
Kenkere Ow_1,-,-,Tumakuru,13.6081,76.5333,CGWB manual quarterly (NWDP),,,,,4,2023,2024,6.18,6.18,,6.83,,,False
Kibbanahalli,Kibbanahalli,TURUVEKERE,Tumakuru,13.28333333,76.63333333,CGWB manual quarterly (NWDP),,,,,1,1996,1996,11.33,11.33,,,,,False
Kibbanahalli1,Kibbanahalli,TIPTUR,Tumakuru,13.30833333,76.65833333,CGWB manual quarterly (NWDP),Bore well,Semi-confined,60.0,,81,1999,2024,34.21,23.35,34.63,33.13,1.5,-0.056,False
Kibbanahalli1_1,-,-,Tumakuru,13.31,76.66,CGWB manual quarterly (NWDP),Bore well,Semi-confined,60.0,,2,2023,2024,15.16,15.16,,,,,False
Kondli,Kondli,GUBBI,Tumakuru,13.32777778,76.73611111,CGWB manual quarterly (NWDP),,,,,2,1999,1999,8.75,8.75,9.26,8.23,1.03,,False
Koratagere-A,Koratagere-A,KORATAGERE,Tumakuru,13.51805556,77.23472222,CGWB manual quarterly (NWDP),Dug well,Unconfined,15.5,,59,2005,2024,3.03,2.27,4.38,2.06,2.32,-0.133,False
Koratagere1,Koratagere,KORATAGERE,Tumakuru,13.52222222,77.23888889,CGWB manual quarterly (NWDP),Dug well,,15.5,,43,1996,2024,5.78,4.68,7.22,4.69,2.53,0.008,False
Koratagere2,Koratagere,KORATAGERE,Tumakuru,13.51666667,77.23333333,CGWB manual quarterly (NWDP),Bore well,,50.0,,82,1996,2024,3.95,2.75,5.54,2.78,2.76,-0.089,False
Koratagere2,Koratagere,KORATAGERE,Tumakuru,13.53333333,77.225,CGWB manual quarterly (NWDP),Dug well,Unconfined,31.24,,38,2005,2024,2.94,1.9,3.44,1.88,1.56,-0.246,False
Koratagere2_1,-,KORATAGERE,Tumakuru,13.52,77.23,CGWB manual quarterly (NWDP),,,,,1,2023,2023,3.21,3.21,,,,,False
Koratagere2_2,-,-,Tumakuru,13.52,77.23,CGWB manual quarterly (NWDP),,,,,1,2024,2024,0.83,0.83,,,,,False
Kotagudda,Kotagudda,PAVAGADA,Tumakuru,14.14305556,77.18888889,CGWB manual quarterly (NWDP),Dug well,Unconfined,14.2,,40,2012,2024,7.27,5.16,8.86,5.83,3.03,-0.25,False
Kunigal-A,Kunigal-A,KUNIGAL,Tumakuru,13.025,77.01666667,CGWB manual quarterly (NWDP),Dug well,Unconfined,19.5,,43,2012,2024,11.35,10.0,12.01,10.78,1.23,-0.287,False
Kunigal1,Kunigal,KUNIGAL,Tumakuru,13.025,77.01666667,CGWB manual quarterly (NWDP),Dug well,Unconfined,19.5,,37,1997,2009,5.92,6.83,6.48,5.17,1.31,-0.002,False
Kunigal2,Kunigal,KUNIGAL,Tumakuru,13.01666667,77.01666667,CGWB manual quarterly (NWDP),,,,,32,1999,2009,22.07,22.27,25.01,17.91,7.1,0.235,False
Kuppur Gaddige Matha,Kuppur Gaddige Matha,CHIKNAYAKANHALLI,Tumakuru,13.425,76.525,CGWB manual quarterly (NWDP),Dug well,,10.9,,13,2012,2015,10.07,10.07,10.2,9.83,0.37,,False
Lakshipura,Lakshipura,CHIKNAYAKANHALLI,Tumakuru,13.52777778,76.50277778,CGWB manual quarterly (NWDP),Dug well,Unconfined,17.0,,40,2013,2024,10.66,6.48,11.21,10.12,1.09,-0.628,False
Lokammanahalli,Lokammanahalli,TURUVEKERE,Tumakuru,13.24166667,76.65833333,CGWB manual quarterly (NWDP),,,,,12,1996,2002,17.35,17.29,17.68,15.61,2.07,-0.157,False
Madapurahat Ti Thanda Pz,-,-,Tumakuru,13.44,76.5,CGWB manual quarterly (NWDP),,,,,3,2023,2024,43.4,43.4,,37.95,,,False
Madapurahatti,-,CHIKNAYAKANHALLI,Tumakuru,13.44,76.5,CGWB manual quarterly (NWDP),,,,,2,2023,2023,24.46,24.46,28.63,,,,False
Madhugiri,Madhugiri,MADHUGIRI,Tumakuru,13.66666667,77.2,CGWB manual quarterly (NWDP),Dug well,Unconfined,13.0,0.023,107,1996,2024,3.98,2.72,6.13,2.29,3.84,-0.036,False
Madhugiri(Pz),-,MADHUGIRI,Tumakuru,13.64166667,77.19166667,CGWB manual quarterly (NWDP),Dug well,Unconfined,33.3,,42,2011,2024,2.49,1.26,2.97,0.75,2.22,-0.215,False
Madihalli,Madihalli,CHIKNAYAKANHALLI,Tumakuru,13.39166667,76.53138889,CGWB manual quarterly (NWDP),Dug well,Unconfined,13.15,,41,2012,2024,8.42,6.07,9.22,7.47,1.75,0.026,False
Madihalli I,-,CHIKNAYAKANHALLI,Tumakuru,13.39,76.52,CGWB manual quarterly (NWDP),,,,,2,2023,2023,5.3,5.3,5.4,,,,False
Madihalli Pz,-,-,Tumakuru,13.39,76.53,CGWB manual quarterly (NWDP),Dug well,Unconfined,13.15,,4,2023,2024,9.68,9.68,,8.56,,,False
Mallasandra,Mallasandra,TUMKUR,Tumakuru,13.33888889,77.025,CGWB manual quarterly (NWDP),Dug well,,19.32,,2,2009,2019,10.12,1.71,,1.71,,,False
Mangalavada,Mangalavada,PAVAGADA,Tumakuru,14.07083333,77.07916667,CGWB manual quarterly (NWDP),Dug well,,21.75,,10,1999,2014,7.88,13.34,6.6,2.55,4.05,0.885,False
Mangalawada-A,Mangalawada-A,PAVAGADA,Tumakuru,14.07083333,77.07916667,CGWB manual quarterly (NWDP),Dug well,,21.75,,11,2012,2015,8.35,8.35,9.59,7.37,2.22,,False
Marishettyhalli Ow Naquim,-,GUBBI,Tumakuru,13.31,76.78,CGWB manual quarterly (NWDP),,,,,2,2023,2023,29.57,29.57,29.83,,,,False
Marishettyhalli Ow Naquim_1,-,-,Tumakuru,13.3067,76.7844,CGWB manual quarterly (NWDP),,,,,4,2023,2024,28.71,28.71,,31.48,,,False
Mattighatta,Mattighatta,CHIKNAYAKANHALLI,Tumakuru,13.46666667,76.48333333,CGWB manual quarterly (NWDP),Dug well,Unconfined,9.5,0.023,106,1996,2024,4.23,2.71,5.3,2.65,2.65,-0.073,False
Mavinahalli,Mavinahalli,GUBBI,Tumakuru,13.16805556,76.94305556,CGWB manual quarterly (NWDP),Dug well,,11.0,,39,2012,2024,8.81,6.47,9.31,7.75,1.56,-0.307,False
Mavinakere,-,-,Tumakuru,13.065,76.7015,CGWB manual quarterly (NWDP),,,,,2,2023,2024,14.38,14.38,,13.05,,,False
Mayasandra,Mayasandra,TURUVEKERE,Tumakuru,13.07222222,76.75833333,CGWB manual quarterly (NWDP),Dug well,Unconfined,10.92,0.023,101,1996,2023,4.16,2.48,4.99,3.03,1.96,-0.128,False
Mayasandra1,Mayasandra,TURUVEKERE,Tumakuru,13.075,76.76666667,CGWB manual quarterly (NWDP),Bore well,,69.0,,69,1999,2019,10.53,14.89,11.97,8.51,3.46,0.33,False
Midigeshi,Midigeshi,MADHUGIRI,Tumakuru,13.82916667,77.20416667,CGWB manual quarterly (NWDP),Dug well,Unconfined,10.0,0.023,108,1996,2024,3.08,2.38,4.02,2.15,1.87,-0.029,False
Muddenahalli 1,-,-,Tumakuru,13.72,77.26,CGWB manual quarterly (NWDP),,,,,4,2023,2024,19.75,19.75,,18.84,,,False
Muddenahalli1,Muddenahalli,MADHUGIRI,Tumakuru,13.71666667,77.25833333,CGWB manual quarterly (NWDP),Bore well,Semi-confined,55.0,,73,1999,2023,31.72,31.56,31.4,30.0,1.4,0.588,False
Mysorappan Palya,Mysorappan Palya,CHIKNAYAKANHALLI,Tumakuru,13.45027778,76.46222222,CGWB manual quarterly (NWDP),Dug well,,11.0,,32,2014,2024,4.83,3.11,6.97,2.8,4.17,-0.383,False
Mysorappan palya_1,-,-,Tumakuru,13.45,77.45,CGWB manual quarterly (NWDP),,,,,1,2023,2023,3.1,3.1,,,,,False
Nagavalli,Nagavalli,KUNIGAL,Tumakuru,13.02916667,77.03333333,CGWB manual quarterly (NWDP),Bore well,Semi-confined,60.0,,81,1999,2024,17.03,12.3,17.46,15.63,1.83,0.231,False
Nagavalli_2,-,-,Tumakuru,13.0292,77.0333,CGWB manual quarterly (NWDP),Bore well,Semi-confined,60.0,,1,2024,2024,7.6,7.6,,,,,False
Nagenahalli,Nagenahalli,KORATAGERE,Tumakuru,13.475,77.24166667,CGWB manual quarterly (NWDP),Dug well,Unconfined,10.0,0.023,108,1996,2024,4.28,2.25,5.7,3.4,2.3,-0.105,False
Nagenahalli1,Nagenahalli,KORATAGERE,Tumakuru,13.37916667,77.24166667,CGWB manual quarterly (NWDP),,,,,31,1996,2007,5.37,4.39,7.36,3.14,4.22,-0.019,False
Navule,Navule,CHIKNAYAKANHALLI,Tumakuru,13.42777778,76.56944444,CGWB manual quarterly (NWDP),Dug well,Unconfined,13.2,,41,2012,2024,10.27,7.43,11.32,9.03,2.29,-0.351,False
Neelagondanahalli,Neelagondanahalli,KORATAGERE,Tumakuru,13.4275,77.25305556,CGWB manual quarterly (NWDP),Dug well,Unconfined,5.8,,35,2015,2024,2.03,1.82,2.62,1.28,1.34,-0.014,False
Nelahal,Nelahal,TUMKUR,Tumakuru,13.5,77.01666667,CGWB manual quarterly (NWDP),Dug well,Unconfined,14.65,,45,1996,2023,12.97,14.7,13.63,12.28,1.35,0.157,False
Nelahal1,Nelahal,TUMKUR,Tumakuru,13.50833333,77.01666667,CGWB manual quarterly (NWDP),Bore well,,70.0,,77,1999,2023,21.36,17.59,23.73,19.14,4.59,0.26,False
Nelahalu_1,-,-,Tumakuru,13.5083,77.0167,CGWB manual quarterly (NWDP),Bore well,,70.0,,2,2024,2024,17.43,17.43,,,,,False
Nittur,Nittur,GUBBI,Tumakuru,13.31666667,76.86666667,CGWB manual quarterly (NWDP),,,,,2,1996,1997,6.78,6.78,,8.1,,,False
Nonavinakere,Nonavinakere,TIPTUR,Tumakuru,13.15833333,76.55833333,CGWB manual quarterly (NWDP),Dug well,Unconfined,12.6,0.023,108,1996,2024,4.47,2.09,5.16,3.57,1.59,-0.218,False
Palavalli,Palavalli,PAVAGADA,Tumakuru,14.15833333,77.29166667,CGWB manual quarterly (NWDP),Dug well,Unconfined,12.64,0.023,109,1996,2024,5.42,4.28,6.04,4.55,1.49,0.131,False
Pavagada,Pavagada,PAVAGADA,Tumakuru,14.1,77.28333333,CGWB manual quarterly (NWDP),Dug well,Unconfined,9.0,,103,1996,2024,3.55,1.91,4.32,2.78,1.54,-0.075,False
Pulamachi,Pulamachi,MADHUGIRI,Tumakuru,13.83333333,77.275,CGWB manual quarterly (NWDP),Dug well,,11.64,,53,1996,2013,8.21,10.76,9.47,6.96,2.51,0.347,False
Puruvara,Puruvara,MADHUGIRI,Tumakuru,13.6875,77.30694444,CGWB manual quarterly (NWDP),,,,,1,2006,2006,2.15,2.15,,,,,False
Puruvara1,Puruvara,MADHUGIRI,Tumakuru,13.7,77.28333333,CGWB manual quarterly (NWDP),Dug well,,11.66,,18,1996,2004,6.46,5.52,5.33,7.02,-1.69,-0.362,False
Rangapura_3,-,-,Tumakuru,13.2109,76.4595,CGWB manual quarterly (NWDP),,,,,2,2023,2024,11.86,11.86,,9.67,,,False
Rangasamudra,Rangasamudra,PAVAGADA,Tumakuru,14.175,77.0875,CGWB manual quarterly (NWDP),Dug well,Unconfined,11.95,,77,1996,2022,2.75,5.62,3.36,1.63,1.73,0.096,False
Rangasamudra1,Rangasamudra,PAVAGADA,Tumakuru,14.175,77.09166667,CGWB manual quarterly (NWDP),,,,,30,1999,2013,6.61,30.77,12.92,3.26,9.66,1.104,False
Rudrapura,Rudrapura,TIPTUR,Tumakuru,13.40555556,76.4125,CGWB manual quarterly (NWDP),Dug well,Unconfined,9.9,,37,2013,2024,5.55,2.18,6.2,4.43,1.77,-0.503,False
Sailapura,Sailapura,PAVAGADA,Tumakuru,14.15,77.14166667,CGWB manual quarterly (NWDP),,,,,2,1996,1996,5.12,5.12,,7.2,,,False
Sasalu Pz,-,-,Tumakuru,13.36,76.57,CGWB manual quarterly (NWDP),,,,,4,2023,2024,17.14,17.14,,13.24,,,False
Sasalu_1,-,CHIKNAYAKANHALLI,Tumakuru,13.36,76.57,CGWB manual quarterly (NWDP),,,,,2,2023,2023,8.1,8.1,9.41,,,,False
Siddagangamatha,Siddagangamatha,TUMKUR,Tumakuru,13.325,77.15,CGWB manual quarterly (NWDP),Dug well,Unconfined,13.0,0.023,101,1996,2024,4.76,3.18,5.66,3.79,1.87,-0.065,False
Siddanakatte OW,-,CHIKNAYAKANHALLI,Tumakuru,13.52,76.67,CGWB manual quarterly (NWDP),,,,,1,2023,2023,14.7,14.7,,,,,False
Siddanakatte Ow_1,-,-,Tumakuru,13.5208,76.6672,CGWB manual quarterly (NWDP),,,,,1,2024,2024,39.2,39.2,,,,,False
Sidhlakona Ow Naquim,-,SIRA,Tumakuru,13.58,76.9,CGWB manual quarterly (NWDP),,,,,3,2023,2023,17.92,17.92,13.05,,,,False
Sidhlakona Ow Naquim_1,-,-,Tumakuru,13.5758,76.9011,CGWB manual quarterly (NWDP),,,,,2,2023,2024,24.02,24.02,,20.89,,,False
Singanahalli,Singanahalli,GUBBI,Tumakuru,13.32222222,76.96388889,CGWB manual quarterly (NWDP),Dug well,Unconfined,12.0,,43,2013,2024,2.38,1.05,3.19,1.09,2.1,-0.343,False
Sira,Sira,SIRA,Tumakuru,13.75,76.9,CGWB manual quarterly (NWDP),Dug well,Unconfined,9.9,,86,1996,2024,5.1,5.43,5.83,4.35,1.48,0.015,False
Sira I,Sira I,SIRA,Tumakuru,13.74027778,76.91972222,CGWB manual quarterly (NWDP),Dug well,Unconfined,10.12,,21,2013,2024,5.04,5.46,6.3,4.04,2.26,0.509,False
Sira1,Sira,SIRA,Tumakuru,13.74166667,76.9,CGWB manual quarterly (NWDP),Bore well,,50.0,,77,1999,2024,8.83,7.66,9.32,7.34,1.98,0.199,False
Sira_1,-,-,Tumakuru,13.7417,76.9,CGWB manual quarterly (NWDP),Bore well,,50.0,,1,2024,2024,8.97,8.97,,,,,False
Siravara,Siravara,TUMKUR,Tumakuru,13.21666667,77.0,CGWB manual quarterly (NWDP),,,,,49,1996,2013,7.9,8.67,8.8,6.66,2.14,0.147,False
Somanahlli OW,-,CHIKNAYAKANHALLI,Tumakuru,13.64,76.58,CGWB manual quarterly (NWDP),,,,,2,2023,2023,13.69,13.69,16.2,,,,False
Somanahlli Ow_1,-,-,Tumakuru,13.6433,76.5842,CGWB manual quarterly (NWDP),,,,,3,2023,2024,24.01,24.01,,20.57,,,False
Somenahalli,Somenahalli,TURUVEKERE,Tumakuru,13.16666667,76.6,CGWB manual quarterly (NWDP),Dug well,,14.95,,21,1998,2019,11.56,14.0,12.57,9.9,2.67,-0.022,False
Srirampura,Srirampura,MADHUGIRI,Tumakuru,13.7,77.28333333,CGWB manual quarterly (NWDP),Dug well,,11.66,,13,2012,2015,9.65,9.65,8.47,9.12,-0.65,,False
Suragondanahalli,Suragondanahalli,TIPTUR,Tumakuru,13.4,76.44166667,CGWB manual quarterly (NWDP),Dug well,Unconfined,15.93,,40,2013,2024,3.21,2.48,3.97,2.32,1.65,-0.118,False
Tarabenahalli_1,-,CHIKNAYAKANHALLI,Tumakuru,13.37,76.63,CGWB manual quarterly (NWDP),,,,,2,2023,2023,18.19,18.19,19.42,,,,False
Tarabenahalli_2,-,-,Tumakuru,13.3739,76.6339,CGWB manual quarterly (NWDP),,,,,3,2023,2024,20.28,20.28,,19.84,,,False
Tharaty,-,-,Tumakuru,13.4842,77.1928,CGWB manual quarterly (NWDP),,,,,2,2023,2024,3.42,3.42,,3.78,,,False
Thimmarajanahalli,Thimmarajanahalli,TUMKUR,Tumakuru,13.475,77.04583333,CGWB manual quarterly (NWDP),,,,,15,1996,2013,13.3,13.68,12.78,13.4,-0.62,0.079,False
Thirumani,Thirumani,PAVAGADA,Tumakuru,14.24166667,77.4375,CGWB manual quarterly (NWDP),,,,,13,1996,2013,11.57,12.45,12.44,10.26,2.18,0.276,False
Thovinakere,Thovinakere,KORATAGERE,Tumakuru,13.54583333,77.08333333,CGWB manual quarterly (NWDP),Dug well,Unconfined,9.57,,3,1997,2023,5.05,12.0,,1.57,,,False
Thovinakere1,Thovinakere,KORATAGERE,Tumakuru,13.5375,77.075,CGWB manual quarterly (NWDP),Bore well,,62.0,,67,1999,2023,24.57,15.49,26.75,21.74,5.01,0.096,False
Tiptur,Tiptur,TIPTUR,Tumakuru,13.25,76.49166667,CGWB manual quarterly (NWDP),Dug well,Unconfined,13.1,,82,1996,2024,5.56,7.09,6.54,3.73,2.81,0.099,False
Tiptur1,Tiptur,TIPTUR,Tumakuru,13.25833333,76.47916667,CGWB manual quarterly (NWDP),Bore well,Semi-confined,50.0,,82,1999,2024,24.93,17.79,23.92,24.07,-0.15,0.234,False
Tiptur1_1,-,-,Tumakuru,13.26,76.48,CGWB manual quarterly (NWDP),Bore well,Semi-confined,50.0,,2,2023,2024,17.08,17.08,,,,,False
Tovinkere,-,-,Tumakuru,13.5375,77.0669,CGWB manual quarterly (NWDP),,,,,2,2023,2024,15.56,15.56,,,,,False
Tumbadi,Tumbadi,KORATAGERE,Tumakuru,13.56666667,77.24166667,CGWB manual quarterly (NWDP),Dug well,Unconfined,5.75,,99,1996,2024,2.2,1.27,2.78,1.47,1.31,-0.094,False
Tumkur,Tumkur,TUMKUR,Tumakuru,13.33333333,77.1,CGWB manual quarterly (NWDP),Bore well,Semi-confined,60.0,,45,1996,2024,3.11,2.17,3.18,3.4,-0.22,-0.108,False
Tumkur1,Tumkur,TUMKUR,Tumakuru,13.33333333,77.1,CGWB manual quarterly (NWDP),Bore well,Semi-confined,60.0,,40,2012,2024,11.36,4.23,12.21,11.64,0.57,-0.867,False
Tumkur1_1,-,-,Tumakuru,13.3333,77.1,CGWB manual quarterly (NWDP),Bore well,Semi-confined,60.0,,1,2024,2024,0.95,0.95,,,,,False
Turuvekere,Turuvekere,TURUVEKERE,Tumakuru,13.16111111,76.66666667,CGWB manual quarterly (NWDP),Dug well,Unconfined,12.8,0.023,109,1996,2024,4.3,3.54,5.77,2.51,3.26,-0.126,False
Turuvekere1,Turuvekere,TURUVEKERE,Tumakuru,13.16666667,76.66666667,CGWB manual quarterly (NWDP),Bore well,Semi-confined,50.0,,85,1999,2024,16.55,10.49,18.63,14.69,3.94,-0.22,False
Turuvekere1_1,-,-,Tumakuru,13.1667,76.6667,CGWB manual quarterly (NWDP),Bore well,Semi-confined,50.0,,1,2024,2024,14.07,14.07,,,,,False
Virachinnenahalli,Virachinnenahalli,MADHUGIRI,Tumakuru,13.80222222,77.20222222,CGWB manual quarterly (NWDP),Dug well,,19.0,,16,2015,2022,4.78,9.41,3.44,2.35,1.09,0.887,False
Yadiyur,Yadiyur,KUNIGAL,Tumakuru,12.98333333,76.85833333,CGWB manual quarterly (NWDP),Dug well,,12.38,,64,1996,2023,5.14,13.83,6.74,3.46,3.28,0.102,False
Yalanadu,Yalanadu,CHIKNAYAKANHALLI,Tumakuru,13.59166667,76.48333333,CGWB manual quarterly (NWDP),Dug well,,8.77,,72,1996,2022,6.26,3.62,7.15,5.38,1.77,0.008,False
Yediyur,Yediyur,KUNIGAL,Tumakuru,12.975,76.88333333,CGWB manual quarterly (NWDP),Bore well,Semi-confined,60.0,,46,2000,2024,21.06,15.94,25.68,17.35,8.33,0.228,False
Yediyur_2,-,-,Tumakuru,12.975,76.8833,CGWB manual quarterly (NWDP),Bore well,Semi-confined,60.0,,1,2024,2024,45.79,45.79,,,,,False
Yegachihalli,Yegachihalli,CHIKNAYAKANHALLI,Tumakuru,13.61666667,76.6,CGWB manual quarterly (NWDP),,,,,7,1999,2001,7.73,7.73,7.9,7.58,0.32,,False
Yelanadu,Yelanadu,CHIKNAYAKANHALLI,Tumakuru,13.6,76.48333333,CGWB manual quarterly (NWDP),Bore well,,60.0,,36,2000,2013,9.2,11.0,9.91,8.51,1.4,0.336,False
Yellappana Gudde,Yellappana Gudde,KUNIGAL,Tumakuru,13.00555556,76.95833333,CGWB manual quarterly (NWDP),Dug well,Unconfined,8.7,,25,2012,2021,3.83,3.01,4.48,2.98,1.5,-0.327,False
Yellattanaikanahosakote,Yellattanaikanahosakote,PAVAGADA,Tumakuru,14.275,77.17916667,CGWB manual quarterly (NWDP),Dug well,,15.78,,66,1996,2015,12.33,14.29,12.79,11.51,1.28,0.096,False
Airodi,Airodi,UDUPI,Udupi,13.45583333,74.71111111,CGWB manual quarterly (NWDP),Dug well,Unconfined,7.0,,39,2013,2024,2.8,2.78,4.47,2.21,2.26,0.026,False
Ajekar_1,-,-,Udupi,13.32,74.98,CGWB manual quarterly (NWDP),,,,,3,2023,2024,9.69,9.69,12.57,,,,False
Ajekar_1,-,-,Udupi,13.32,75.0,CGWB manual quarterly (NWDP),,,,,4,2023,2023,5.16,5.16,6.07,4.37,1.7,,False
Ajekar_2,-,-,Udupi,13.3203,75.0003,CGWB manual quarterly (NWDP),,,,,3,2023,2024,9.59,9.59,,9.8,,,False
Ampaaru,Ampaaru,KUNDAPURA,Udupi,13.64722222,74.82111111,CGWB manual quarterly (NWDP),Dug well,Unconfined,13.7,,33,2013,2022,7.8,7.08,10.47,7.14,3.33,-0.086,False
Ankadakatte,Ankadakatte,KUNDAPURA,Udupi,13.60416667,74.69416667,CGWB manual quarterly (NWDP),Dug well,Unconfined,8.6,,41,2013,2024,4.21,4.14,6.3,3.76,2.54,0.02,False
Arasa Katte_1,-,KUNDAPURA,Udupi,13.6,74.68,CGWB manual quarterly (NWDP),,,,,5,2023,2024,6.2,6.2,8.5,4.1,4.4,,False
Ardi,Ardi,KUNDAPURA,Udupi,13.51805556,74.97444444,CGWB manual quarterly (NWDP),Dug well,Unconfined,13.0,0.023,105,1996,2024,7.09,7.75,9.79,6.97,2.82,0.008,False
Areshirur,Areshirur,KUNDAPURA,Udupi,13.83194444,74.74416667,CGWB manual quarterly (NWDP),Dug well,Unconfined,10.0,,37,2014,2024,6.78,6.18,8.16,6.51,1.65,-0.184,False
Asodu-Kalavara,Asodu-Kalavara,KUNDAPURA,Udupi,13.58944444,74.73916667,CGWB manual quarterly (NWDP),Dug well,Unconfined,11.0,,36,2014,2024,4.81,4.75,7.06,4.54,2.52,-0.041,False
Badamikatte,Nire Badanikatte,UDUPI,Udupi,13.32916667,74.90416667,CGWB manual quarterly (NWDP),Dug well,Unconfined,11.0,,35,2013,2024,6.43,6.65,7.85,7.1,0.75,0.179,False
Bailur_2,-,-,Udupi,13.53,74.92,CGWB manual quarterly (NWDP),,,,,5,2023,2024,7.68,7.68,8.22,6.57,1.65,,False
Baindur,Baindur,KUNDAPURA,Udupi,13.85833333,74.63333333,CGWB manual quarterly (NWDP),Bore well,Semi-confined,50.0,,20,1999,2012,9.24,6.78,11.62,9.26,2.36,-0.651,False
Baindur 1,Baindur,KUNDAPURA,Udupi,13.80472222,74.67583333,CGWB manual quarterly (NWDP),Dug well,Unconfined,12.0,0.023,102,1996,2024,1.34,0.84,2.59,0.95,1.64,0.007,False
Bajegoli,-,-,Udupi,13.2,75.07,CGWB manual quarterly (NWDP),,,,,5,2023,2024,10.25,10.25,12.91,10.21,2.7,,False
Bantkal,Bantkal,UDUPI,Udupi,13.25194444,74.79555556,CGWB manual quarterly (NWDP),Dug well,Unconfined,12.05,,36,2014,2024,8.27,8.05,10.31,7.69,2.62,-0.015,False
Belvai,-,-,Udupi,13.13,74.98,CGWB manual quarterly (NWDP),,,,,1,2023,2023,10.06,10.06,10.06,,,,False
Brahmavara,Brahmavara,UDUPI,Udupi,13.43555556,74.74416667,CGWB manual quarterly (NWDP),Dug well,Unconfined,12.57,,85,1996,2024,7.36,8.13,10.86,6.9,3.96,0.015,False
Goliangadi,Goliangadi,UDUPI,Udupi,13.54027778,74.99166667,CGWB manual quarterly (NWDP),Dug well,Unconfined,14.64,0.023,108,1996,2024,8.51,8.07,12.49,7.62,4.87,-0.021,False
Golihole,Golihole,KUNDAPURA,Udupi,13.83416667,74.73611111,CGWB manual quarterly (NWDP),Dug well,Unconfined,10.0,,43,2012,2024,5.16,5.64,6.62,4.34,2.28,0.219,False
Gopadi,Gopadi,KUNDAPURA,Udupi,13.68916667,74.65305556,CGWB manual quarterly (NWDP),Dug well,Unconfined,11.7,,40,2013,2024,3.06,3.51,5.37,2.49,2.88,0.121,False
Halbadi Jn,Halbadi Jn,KUNDAPURA,Udupi,13.5175,74.93472222,CGWB manual quarterly (NWDP),Dug well,Unconfined,9.0,,41,2012,2024,6.39,6.68,7.68,6.29,1.39,0.071,False
Halkal,Halkal,KUNDAPURA,Udupi,13.82638889,74.80194444,CGWB manual quarterly (NWDP),Dug well,Unconfined,11.8,,38,2014,2024,7.28,7.89,9.53,7.1,2.43,0.018,False
Hangarakatte,Hangarakatte,KUNDAPURA,Udupi,13.54166667,74.69166667,CGWB manual quarterly (NWDP),Dug well,Unconfined,5.0,,42,2012,2024,1.64,1.63,2.63,1.47,1.16,0.026,False
Hebri_1,-,-,Udupi,13.45,74.98,CGWB manual quarterly (NWDP),,,,,5,2023,2024,8.39,8.39,10.1,7.27,2.83,,False
Herady-Barkur,Herady-Barkur,UDUPI,Udupi,13.48138889,74.75222222,CGWB manual quarterly (NWDP),Dug well,Unconfined,9.6,,38,2014,2024,4.87,4.91,7.4,3.77,3.63,0.004,False
Hiriadka,Hiriadka,UDUPI,Udupi,13.35,74.86666667,CGWB manual quarterly (NWDP),Dug well,,12.95,,91,1996,2023,6.29,8.57,8.07,6.38,1.69,0.01,False
Hosmar,-,-,Udupi,13.14,75.12,CGWB manual quarterly (NWDP),,,,,5,2023,2024,6.95,6.95,9.1,5.3,3.8,,False
Hunsemakki,Hunsemakki,KUNDAPURA,Udupi,13.59,74.78166667,CGWB manual quarterly (NWDP),Dug well,Unconfined,10.15,,37,2014,2024,4.56,4.66,6.09,3.78,2.31,-0.002,False
Idooru Kunjadi,Idooru Kunjadi,KUNDAPURA,Udupi,13.75444444,74.78277778,CGWB manual quarterly (NWDP),Dug well,Unconfined,10.5,,42,2012,2024,7.31,7.6,8.94,7.24,1.7,0.035,False
Jodu Katte Guddeanngadi,Jodu Katte Guddeanngadi,KARKAL,Udupi,13.32111111,74.87861111,CGWB manual quarterly (NWDP),Dug well,Unconfined,13.5,,38,2014,2024,8.12,7.83,12.13,7.33,4.8,-0.115,False
Kandlur,Kandlur,KUNDAPURA,Udupi,13.6375,74.76638889,CGWB manual quarterly (NWDP),Dug well,Unconfined,9.4,,37,2014,2024,6.15,6.46,8.09,5.85,2.24,0.064,False
Kannangaaru,Kannangaaru,UDUPI,Udupi,13.12277778,74.77444444,CGWB manual quarterly (NWDP),Dug well,Unconfined,10.45,,42,2013,2024,6.41,6.61,8.7,5.68,3.02,0.065,False
Karebylu,Karebylu,KUNDAPURA,Udupi,13.63055556,74.87916667,CGWB manual quarterly (NWDP),Dug well,Unconfined,9.8,,41,2013,2024,5.26,5.41,5.42,5.19,0.23,0.001,False
Karje,Karje,UDUPI,Udupi,13.42694444,74.87583333,CGWB manual quarterly (NWDP),Dug well,Unconfined,11.0,,41,2013,2024,5.47,5.4,9.03,4.28,4.75,-0.009,False
Katpadi,Katpadi,UDUPI,Udupi,13.2825,74.74833333,CGWB manual quarterly (NWDP),Dug well,Unconfined,14.06,,38,2013,2024,8.96,8.56,12.12,8.1,4.02,-0.016,False
Kaup,Kaup,UDUPI,Udupi,13.225,74.75,CGWB manual quarterly (NWDP),Bore well,Semi-confined,50.0,0.023,80,1996,2024,7.27,7.61,8.92,6.85,2.07,0.067,False
Kaup_1,-,-,Udupi,13.225,74.75,CGWB manual quarterly (NWDP),Bore well,Semi-confined,50.0,0.023,2,2023,2023,8.18,8.18,,8.47,,,False
Kirimanjeshwar,Kirimanjeshwar,KUNDAPURA,Udupi,13.78333333,74.71666667,CGWB manual quarterly (NWDP),Dug well,Unconfined,8.0,0.023,106,1996,2024,3.69,4.83,5.36,3.27,2.09,0.093,False
Kokkarne,Kokkarne,UDUPI,Udupi,13.45944444,74.83916667,CGWB manual quarterly (NWDP),Dug well,Unconfined,12.0,,41,2013,2024,5.75,5.54,8.02,4.85,3.17,0.016,False
Kollur1,Kollur,KUNDAPURA,Udupi,13.86666667,74.8,CGWB manual quarterly (NWDP),Dug well,Unconfined,13.18,0.023,107,1996,2024,9.27,10.56,10.7,8.55,2.15,0.072,False
Kota,Kota,UDUPI,Udupi,13.2375,74.74694444,CGWB manual quarterly (NWDP),Dug well,Unconfined,9.0,0.023,106,1996,2024,4.33,4.8,6.25,3.54,2.71,0.008,False
Koup Uliyargoli, Uliargoli,UDUPI,Udupi,13.24722222,74.74722222,CGWB manual quarterly (NWDP),Dug well,Unconfined,14.0,,103,1996,2024,6.63,7.54,8.69,6.08,2.61,0.069,False
Kukkehalli,Kukkehalli,UDUPI,Udupi,13.39222222,74.85277778,CGWB manual quarterly (NWDP),Dug well,Unconfined,12.1,,38,2014,2024,7.73,7.92,10.61,7.03,3.58,0.024,False
Kukundur_1,-,-,Udupi,13.25,74.98,CGWB manual quarterly (NWDP),,,,,5,2023,2024,6.15,6.15,7.64,4.18,3.46,,False
Kumbashi,Kumbashi,KUNDAPURA,Udupi,13.56388889,74.70027778,CGWB manual quarterly (NWDP),Dug well,Unconfined,8.95,,41,2012,2024,3.73,4.12,5.92,3.67,2.25,0.118,False
Kundapura,Kundapura,KUNDAPURA,Udupi,13.62861111,74.69305556,CGWB manual quarterly (NWDP),Dug well,Unconfined,9.13,,90,1996,2024,4.44,4.68,6.69,3.65,3.04,0.013,False
Kunjaragiri Cross,Kunjaragiri Cross,UDUPI,Udupi,13.2725,74.76694444,CGWB manual quarterly (NWDP),Dug well,Unconfined,16.0,,37,2014,2024,8.43,8.0,11.04,7.74,3.3,-0.111,False
Kunjibettu,Kunjibettu,UDUPI,Udupi,13.34583333,74.75805556,CGWB manual quarterly (NWDP),Dug well,Unconfined,13.2,,42,2013,2024,7.51,8.4,9.05,7.5,1.55,0.09,False
Kurkal,Kurkal,UDUPI,Udupi,13.27111111,74.78777778,CGWB manual quarterly (NWDP),Dug well,Unconfined,14.6,,36,2014,2024,8.17,8.4,10.95,7.52,3.43,0.077,False
Maathbettu-Maniyala,-,-,Udupi,13.37,75.0,CGWB manual quarterly (NWDP),,,,,5,2023,2024,5.7,5.7,8.37,4.36,4.01,,False
Madamakki,Madamakki,KUNDAPURA,Udupi,13.51527778,75.01944444,CGWB manual quarterly (NWDP),Dug well,Unconfined,10.02,,42,2013,2024,4.24,4.37,5.76,4.45,1.31,0.029,False
Maikome,Maikome,KUNDAPURA,Udupi,13.495,74.83194444,CGWB manual quarterly (NWDP),Dug well,Unconfined,13.0,,37,2014,2024,8.18,8.5,11.71,7.29,4.42,0.039,False
Malpe,Malpe,UDUPI,Udupi,13.35,74.7,CGWB manual quarterly (NWDP),Dug well,Unconfined,6.5,0.023,106,1996,2024,3.01,3.41,4.37,2.69,1.68,0.034,False
Mandarti,Mandarti,UDUPI,Udupi,13.49777778,74.81111111,CGWB manual quarterly (NWDP),Dug well,Unconfined,14.5,,38,2013,2024,7.77,7.94,10.27,7.49,2.78,0.031,False
Mannuru,Mannuru,UDUPI,Udupi,13.53583333,74.70333333,CGWB manual quarterly (NWDP),Dug well,Unconfined,12.0,,41,2013,2024,2.85,2.99,5.1,1.85,3.25,0.062,False
Maravanthe,Maravanthe,KUNDAPURA,Udupi,13.725,74.64444444,CGWB manual quarterly (NWDP),Dug well,Unconfined,11.5,,41,2013,2024,6.86,7.07,9.83,5.94,3.89,0.035,False
Margoli-Basrur,Margoli-Basrur,KUNDAPURA,Udupi,13.62694444,74.73194444,CGWB manual quarterly (NWDP),Dug well,Unconfined,8.8,,36,2014,2024,4.13,4.3,6.55,3.46,3.09,0.054,False
Miyar_1,-,-,Udupi,13.2,75.03,CGWB manual quarterly (NWDP),,,,,5,2023,2024,7.13,7.13,8.67,6.09,2.58,,False
Mudubidri A,-,-,Udupi,13.07,74.98,CGWB manual quarterly (NWDP),,,,,5,2023,2024,8.15,8.15,8.47,11.15,-2.68,,False
Mundargi_1,-,-,Udupi,13.43,74.98,CGWB manual quarterly (NWDP),,,,,5,2023,2024,7.93,7.93,10.1,6.84,3.26,,False
Nandanavana,Nandanavana,KUNDAPURA,Udupi,13.81972222,74.63444444,CGWB manual quarterly (NWDP),Dug well,Unconfined,7.0,,41,2012,2024,2.87,2.97,5.07,2.1,2.97,0.022,False
Neralakatte,Neralakatte,KUNDAPURA,Udupi,13.66305556,74.79027778,CGWB manual quarterly (NWDP),Dug well,Unconfined,15.0,,41,2012,2024,6.82,6.49,9.73,5.68,4.05,0.108,False
Nitte,-,-,Udupi,13.19,74.92,CGWB manual quarterly (NWDP),,,,,5,2023,2024,6.43,6.43,6.1,6.8,-0.7,,False
Parkala,Parkala,UDUPI,Udupi,13.355,74.80722222,CGWB manual quarterly (NWDP),Dug well,Unconfined,11.0,,34,2013,2024,6.89,9.5,8.85,6.26,2.59,0.181,False
Perduru,Perduru,UDUPI,Udupi,13.38194444,74.90388889,CGWB manual quarterly (NWDP),Dug well,Unconfined,15.0,,42,2013,2024,8.95,9.24,12.29,8.22,4.07,0.032,False
Pethri,Pethri,UDUPI,Udupi,13.41916667,74.82027778,CGWB manual quarterly (NWDP),Dug well,Unconfined,15.76,,42,2013,2024,8.32,8.21,12.67,7.24,5.43,-0.082,False
Sabrikatta,Sabrikatta,UDUPI,Udupi,13.51222222,74.77555556,CGWB manual quarterly (NWDP),Dug well,Unconfined,13.8,,42,2013,2024,7.99,8.39,10.53,7.5,3.03,0.081,False
Saligrama,Saligrama,UDUPI,Udupi,13.50055556,74.70888889,CGWB manual quarterly (NWDP),Dug well,Unconfined,13.14,,42,2013,2024,3.67,3.31,5.47,2.77,2.7,-0.068,False
Samplge,-,-,Udupi,13.05,74.93,CGWB manual quarterly (NWDP),,,,,5,2023,2024,7.88,7.88,8.1,7.7,0.4,,False
Santhekatte,Santhekatte,UDUPI,Udupi,13.38527778,74.73472222,CGWB manual quarterly (NWDP),Dug well,Unconfined,12.0,,42,2013,2024,7.76,7.99,9.6,7.52,2.08,0.078,False
Sasthana,Sasthana,UDUPI,Udupi,13.47722222,74.74444444,CGWB manual quarterly (NWDP),Dug well,Unconfined,10.44,,42,2013,2024,2.48,2.6,4.67,1.67,3.0,0.069,False
Shankarnarayana,Shankarnarayana,KUNDAPURA,Udupi,13.60416667,74.8625,CGWB manual quarterly (NWDP),Dug well,Unconfined,12.15,0.023,106,1996,2024,5.37,7.36,8.13,4.68,3.45,0.055,False
Shiroor,Shiroor,UDUPI,Udupi,13.5125,74.84,CGWB manual quarterly (NWDP),Dug well,Unconfined,11.0,,40,2013,2024,3.98,3.88,8.42,2.62,5.8,0.001,False
Siddapur2,Siddapur,KUNDAPURA,Udupi,13.65833333,74.90833333,CGWB manual quarterly (NWDP),Bore well,Semi-confined,64.55,,80,1999,2024,12.27,11.74,17.39,11.22,6.17,0.04,False
Siddapura1,Siddapura,KUNDAPURA,Udupi,13.66666667,74.9125,CGWB manual quarterly (NWDP),Dug well,Unconfined,14.0,0.023,107,1996,2024,7.34,7.75,10.73,6.31,4.42,0.041,False
Someswar,-,-,Udupi,13.48,75.05,CGWB manual quarterly (NWDP),,,,,5,2023,2024,8.16,8.16,11.25,6.67,4.58,,False
Thekkatte,Thekkatte,KUNDAPURA,Udupi,13.55333333,74.70194444,CGWB manual quarterly (NWDP),Dug well,Unconfined,8.51,,42,2013,2024,4.14,4.31,6.44,3.51,2.93,0.04,False
Thodaaru,-,-,Udupi,13.04,74.97,CGWB manual quarterly (NWDP),,,,,5,2023,2024,10.57,10.57,13.17,9.52,3.65,,False
Trasi,Trasi,KUNDAPURA,Udupi,13.68916667,74.65277778,CGWB manual quarterly (NWDP),Dug well,Unconfined,14.4,,41,2013,2024,9.81,9.78,12.6,9.42,3.18,-0.007,False
Uchila,Uchila,UDUPI,Udupi,13.19222222,74.75277778,CGWB manual quarterly (NWDP),Dug well,Unconfined,13.0,,19,2013,2023,7.06,5.59,10.48,6.41,4.07,-0.211,False
Uchila A,Uchila A,UDUPI,Udupi,13.17805556,74.75888889,CGWB manual quarterly (NWDP),Dug well,Unconfined,13.7,,29,2014,2024,6.12,5.24,9.15,5.44,3.71,-0.166,False
Udupi,Udupi,UDUPI,Udupi,13.33333333,74.75,CGWB manual quarterly (NWDP),Dug well,Unconfined,15.3,0.023,107,1996,2024,10.29,10.94,13.18,9.43,3.75,0.019,False
Vandse,Wandse,KUNDAPURA,Udupi,13.70833333,74.7625,CGWB manual quarterly (NWDP),Dug well,Unconfined,10.0,0.023,106,1996,2024,4.81,5.17,5.64,4.74,0.9,0.015,False
Vastre,Vastre,KUNDAPURA,Udupi,13.84833333,74.67333333,CGWB manual quarterly (NWDP),Dug well,Unconfined,8.9,,38,2014,2024,5.46,5.07,7.11,5.24,1.87,-0.124,False
Yennehole_1,-,-,Udupi,13.3,74.98,CGWB manual quarterly (NWDP),,,,,5,2023,2024,4.6,4.6,6.0,4.07,1.93,,False
Alakod,Alakod,KUMTA,Uttara Kannada,14.31666667,74.49444444,CGWB manual quarterly (NWDP),Dug well,Unconfined,12.15,,37,2014,2024,8.77,8.56,10.09,8.74,1.35,-0.071,False
Amdalli,Amdalli,KARWAR,Uttara Kannada,14.78333333,74.25,CGWB manual quarterly (NWDP),Dug well,Unconfined,6.83,,103,1996,2024,1.34,2.64,2.58,0.74,1.84,0.046,False
Amminalli,Amminalli,SIRSI,Uttara Kannada,14.3875,74.80833333,CGWB manual quarterly (NWDP),Dug well,Unconfined,11.0,,43,2012,2024,6.95,6.99,9.32,6.55,2.77,0.027,False
Ankola,Ankola,ANKOLA,Uttara Kannada,14.66388889,74.32777778,CGWB manual quarterly (NWDP),Bore well,Semi-confined,50.0,,80,1999,2024,8.2,7.24,10.99,6.76,4.23,0.088,False
Ankola1,Ankola,ANKOLA,Uttara Kannada,14.66666667,74.3,CGWB manual quarterly (NWDP),Dug well,Unconfined,13.0,0.023,100,1996,2024,5.39,4.02,8.93,4.42,4.51,-0.086,False
Ankola_1,-,-,Uttara Kannada,14.6639,74.3178,CGWB manual quarterly (NWDP),,,,,1,2024,2024,2.27,2.27,,,,,False
Anmod,Anmod,SUPA,Uttara Kannada,15.4375,74.30555556,CGWB manual quarterly (NWDP),,,,,14,1996,2001,8.73,8.44,9.57,8.4,1.17,-0.299,False
Anshi,Anshi,SUPA,Uttara Kannada,14.9875,74.38333333,CGWB manual quarterly (NWDP),Dug well,Unconfined,11.65,,105,1996,2024,4.31,3.74,8.72,2.47,6.25,-0.05,False
Antarvalli,Antarvalli,KUMTA,Uttara Kannada,14.47111111,74.45944444,CGWB manual quarterly (NWDP),Dug well,Unconfined,14.65,,35,2014,2024,11.98,12.37,13.54,10.96,2.58,0.055,False
Arekoppa,Arekoppa,SIRSI,Uttara Kannada,14.59583333,74.87916667,CGWB manual quarterly (NWDP),Dug well,Unconfined,16.0,,40,2013,2024,5.44,5.63,9.09,4.3,4.79,-0.006,False
Arge Karwar,Arge Karwar,KARWAR,Uttara Kannada,14.76916667,74.1625,CGWB manual quarterly (NWDP),Dug well,Unconfined,3.7,,41,2013,2024,1.06,1.12,1.82,0.63,1.19,0.006,False
Asnoti,Asnoti,KARWAR,Uttara Kannada,14.88222222,74.15083333,CGWB manual quarterly (NWDP),Dug well,Unconfined,8.6,,36,2014,2024,3.21,3.24,5.81,2.21,3.6,-0.039,False
Badal,Baad,KUMTA,Uttara Kannada,14.425,74.60555556,CGWB manual quarterly (NWDP),Dug well,Unconfined,8.7,,106,1996,2024,4.49,4.48,6.19,4.22,1.97,-0.007,False
Banavasi,Banavasi,SIRSI,Uttara Kannada,14.53416667,75.01888889,CGWB manual quarterly (NWDP),Dug well,Unconfined,19.0,0.023,105,1996,2024,15.27,15.06,15.88,15.31,0.57,-0.028,False
Bandal,Bandal,SIRSI,Uttara Kannada,14.53333333,74.66666667,CGWB manual quarterly (NWDP),Dug well,Unconfined,11.1,0.023,103,1996,2024,6.18,6.12,8.29,6.05,2.24,-0.007,False
Bandel,Bandel,SIRSI,Uttara Kannada,14.525,74.65833333,CGWB manual quarterly (NWDP),Bore well,,60.0,,44,1999,2014,9.68,8.55,13.88,8.29,5.59,-0.283,False
Baralkod,Baralkod,SUPA,Uttara Kannada,15.43888889,74.38611111,CGWB manual quarterly (NWDP),Dug well,,11.2,,45,1996,2015,6.71,7.2,9.83,5.72,4.11,0.017,False
Bargi,Bargi,KUMTA,Uttara Kannada,14.525,74.40416667,CGWB manual quarterly (NWDP),Dug well,Unconfined,8.5,,40,2013,2024,2.97,3.29,5.61,1.82,3.79,-0.005,False
Basavanabail,Basavanabail,SIDDAPUR,Uttara Kannada,14.25555556,74.78194444,CGWB manual quarterly (NWDP),Dug well,Unconfined,13.2,,40,2013,2024,2.4,2.28,4.0,1.82,2.18,-0.033,False
Belekeri,Belekeri,ANKOLA,Uttara Kannada,14.725,74.26666667,CGWB manual quarterly (NWDP),Dug well,Unconfined,9.25,0.023,99,1996,2024,5.67,6.28,6.78,5.49,1.29,0.043,False
Bhagavathi,Bhagavathi,HALIYAL,Uttara Kannada,15.16111111,74.75638889,CGWB manual quarterly (NWDP),Dug well,Unconfined,15.45,,36,2012,2024,4.41,5.4,8.47,1.97,6.5,0.22,False
Bhatkal,Bhatkal,BHATKAL,Uttara Kannada,13.98333333,74.55,CGWB manual quarterly (NWDP),Dug well,Unconfined,8.0,,5,1999,2013,13.89,30.08,25.82,-0.7,26.52,,False
Bhatkal1,Bhatkal,BHATKAL,Uttara Kannada,13.98333333,74.55,CGWB manual quarterly (NWDP),Dug well,Unconfined,8.0,,41,2012,2024,3.6,3.4,5.43,2.78,2.65,-0.04,False
Bilgi1,Bilgi,SIDDAPUR,Uttara Kannada,14.3625,74.79722222,CGWB manual quarterly (NWDP),Dug well,Unconfined,14.0,0.018,106,1996,2024,8.94,9.5,10.11,8.5,1.61,0.065,False
Chandavar,Chandavar,HONAVAR,Uttara Kannada,14.4,74.47916667,CGWB manual quarterly (NWDP),Dug well,Unconfined,9.8,0.023,108,1996,2024,5.29,5.12,7.14,5.17,1.97,0.033,False
Chipgi,Chipgi,SIRSI,Uttara Kannada,14.65694444,74.87222222,CGWB manual quarterly (NWDP),,,,,1,1998,1998,9.03,9.03,,9.03,,,False
Dandeli,Dandeli,HALIYAL,Uttara Kannada,15.24166667,74.60833333,CGWB manual quarterly (NWDP),Bore well,Semi-confined,60.0,,79,1998,2024,9.59,9.82,12.22,8.35,3.87,-0.051,False
Dandeli Dw,Dandeli Dw,HALIYAL,Uttara Kannada,15.24194444,74.62583333,CGWB manual quarterly (NWDP),Dug well,Unconfined,6.12,,40,2012,2024,1.23,1.13,1.58,1.17,0.41,-0.023,False
Dandeli_1,-,-,Uttara Kannada,15.2417,74.6008,CGWB manual quarterly (NWDP),,,,,1,2024,2024,4.12,4.12,,,,,False
Deevalli,Deevalli,KUMTA,Uttara Kannada,14.41694444,74.55416667,CGWB manual quarterly (NWDP),Dug well,Unconfined,7.4,,42,2013,2024,3.44,3.41,5.65,2.94,2.71,-0.041,False
Dhareshwara,Dhareshwara,KUMTA,Uttara Kannada,14.36833333,74.41194444,CGWB manual quarterly (NWDP),Dug well,Unconfined,6.62,,42,2013,2024,3.85,3.89,4.37,3.7,0.67,-0.015,False
Dibbanagal,Dibbanagal,HONAVAR,Uttara Kannada,14.26388889,74.53055556,CGWB manual quarterly (NWDP),Dug well,Unconfined,10.9,,41,2013,2024,5.11,5.15,8.56,3.99,4.57,0.018,False
Dodmane,Dodmane,SIDDAPUR,Uttara Kannada,14.3625,74.70416667,CGWB manual quarterly (NWDP),Dug well,Unconfined,8.71,0.018,107,1996,2024,4.27,4.47,5.22,4.08,1.14,0.001,False
Douginala,Douginala,YELLAPUR,Uttara Kannada,15.08777778,74.74694444,CGWB manual quarterly (NWDP),Dug well,Unconfined,11.6,,34,2014,2024,8.02,8.24,9.24,7.69,1.55,-0.012,False
Gerusoppa Kpc Colony,Gerusoppa Kpc Colony,HONAVAR,Uttara Kannada,14.24722222,74.65555556,CGWB manual quarterly (NWDP),Dug well,Unconfined,5.52,,41,2013,2024,2.72,2.95,4.37,2.1,2.27,0.055,False
Gokarn,Gokarn,KUMTA,Uttara Kannada,14.55,74.31666667,CGWB manual quarterly (NWDP),Dug well,Unconfined,12.0,,104,1996,2024,3.4,5.95,5.11,2.88,2.23,0.223,False
Golgod,Golgod,SIDDAPUR,Uttara Kannada,14.28666667,74.86305556,CGWB manual quarterly (NWDP),Dug well,Unconfined,25.1,,37,2014,2024,10.16,9.27,15.63,8.27,7.36,-0.254,False
Gopishitta,Gopishitta,KARWAR,Uttara Kannada,14.90944444,74.2425,CGWB manual quarterly (NWDP),Dug well,Unconfined,13.24,,37,2014,2024,5.36,5.14,7.07,5.09,1.98,-0.059,False
Gotegali,Gotegali,KARWAR,Uttara Kannada,14.90388889,74.3025,CGWB manual quarterly (NWDP),Dug well,Unconfined,10.8,,37,2014,2024,4.1,3.92,7.95,2.16,5.79,-0.069,False
Gunavante,Gunavante,HONAVAR,Uttara Kannada,14.22111111,74.46694444,CGWB manual quarterly (NWDP),Dug well,,7.0,,17,2013,2017,4.95,5.01,5.48,4.8,0.68,,False
Haldipur,Haldipur,HONAVAR,Uttara Kannada,14.35416667,74.425,CGWB manual quarterly (NWDP),Dug well,Unconfined,6.84,0.023,107,1996,2024,3.35,3.49,4.41,3.06,1.35,-0.005,False
Haliyal,Haliyal,HALIYAL,Uttara Kannada,15.33611111,74.75138889,CGWB manual quarterly (NWDP),Dug well,,12.8,,58,1996,2015,4.9,10.71,8.1,3.31,4.79,0.395,False
Hapkarni,Hapkarni,KARWAR,Uttara Kannada,14.90277778,74.28333333,CGWB manual quarterly (NWDP),Dug well,Unconfined,8.38,,37,2014,2024,2.76,2.59,5.91,1.82,4.09,-0.068,False
Hematemane,Hematemane,SIDDAPUR,Uttara Kannada,14.22916667,74.85833333,CGWB manual quarterly (NWDP),Dug well,Unconfined,7.09,,42,2013,2024,4.3,4.4,5.28,4.21,1.07,0.021,False
Hirematha,Hirematha,HONAVAR,Uttara Kannada,14.26333333,74.43527778,CGWB manual quarterly (NWDP),Dug well,Unconfined,5.45,,32,2014,2024,2.92,3.03,3.46,3.07,0.39,0.036,False
Honakona,Honakona,KARWAR,Uttara Kannada,14.89111111,74.18416667,CGWB manual quarterly (NWDP),Dug well,Unconfined,10.0,,42,2013,2024,5.54,5.46,7.58,4.99,2.59,-0.004,False
Honnavar,Honnavar,HONAVAR,Uttara Kannada,14.28611111,74.45277778,CGWB manual quarterly (NWDP),Dug well,,20.85,,52,2006,2024,16.28,14.48,18.4,16.34,2.06,-0.092,False
Hosalli,Hosalli,SIDDAPUR,Uttara Kannada,14.25277778,74.89166667,CGWB manual quarterly (NWDP),Dug well,Unconfined,15.75,,38,2014,2024,9.45,9.3,12.73,8.87,3.86,-0.065,False
Idagunji,Idagunji,HONAVAR,Uttara Kannada,14.22777778,74.49444444,CGWB manual quarterly (NWDP),Dug well,Unconfined,9.27,,41,2013,2024,6.77,6.84,6.74,6.67,0.07,0.021,False
Islur,Islur,SIRSI,Uttara Kannada,14.68333333,74.88333333,CGWB manual quarterly (NWDP),Dug well,Unconfined,12.0,,39,2013,2024,5.54,5.08,8.61,4.72,3.89,-0.159,False
Joida,Joida,SUPA,Uttara Kannada,15.16666667,74.475,CGWB manual quarterly (NWDP),Dug well,Unconfined,10.0,,106,1996,2024,3.24,2.76,6.18,2.18,4.0,0.017,False
Kabbinahakkalu,Kabbinahakkalu,HONAVAR,Uttara Kannada,14.25972222,74.67638889,CGWB manual quarterly (NWDP),Dug well,Unconfined,6.9,,41,2013,2024,2.52,2.93,5.22,1.92,3.3,0.02,False
Kadra,Kadra,KARWAR,Uttara Kannada,14.825,74.34861111,CGWB manual quarterly (NWDP),Dug well,Unconfined,9.38,,53,2006,2022,5.22,4.05,7.33,4.6,2.73,-0.052,False
Kanagod,Kanagod,SIDDAPUR,Uttara Kannada,14.38944444,74.93916667,CGWB manual quarterly (NWDP),Dug well,Unconfined,8.88,,41,2013,2024,4.59,4.46,6.64,4.09,2.55,-0.018,False
Kannegeri,Kannegeri,YELLAPUR,Uttara Kannada,15.05722222,74.735,CGWB manual quarterly (NWDP),Dug well,Unconfined,12.65,,28,2016,2024,3.66,2.54,7.35,2.26,5.09,-0.505,False
Kansur,Kansur,SIRSI,Uttara Kannada,14.53333333,74.84166667,CGWB manual quarterly (NWDP),Bore well,Semi-confined,60.0,,84,1999,2024,3.9,3.66,5.06,3.48,1.58,-0.088,False
Kansur1,Kansur,SIDDAPUR,Uttara Kannada,14.51666667,74.84166667,CGWB manual quarterly (NWDP),Dug well,Unconfined,8.62,0.018,108,1996,2024,4.17,4.22,5.54,3.86,1.68,-0.0,False
Kansur_1,-,-,Uttara Kannada,14.5333,74.8342,CGWB manual quarterly (NWDP),,,,,1,2024,2024,0.83,0.83,,,,,False
Karwar,Karwar,KARWAR,Uttara Kannada,14.82083333,74.13333333,CGWB manual quarterly (NWDP),Bore well,Semi-confined,35.0,,81,1999,2024,2.14,2.68,2.88,1.78,1.1,0.034,False
Karwar1,Karwar,KARWAR,Uttara Kannada,14.8,74.13333333,CGWB manual quarterly (NWDP),Dug well,Unconfined,4.45,0.023,107,1996,2024,1.77,2.81,2.78,1.4,1.38,0.013,False
Karwar_1,-,-,Uttara Kannada,14.8208,74.1333,CGWB manual quarterly (NWDP),Bore well,Semi-confined,35.0,,1,2024,2024,1.8,1.8,,,,,False
Katur,Katur,MUNDGOD,Uttara Kannada,14.81388889,74.93583333,CGWB manual quarterly (NWDP),Dug well,Unconfined,9.13,,40,2013,2024,2.62,2.27,5.72,1.38,4.34,-0.106,False
Keni,Keni,ANKOLA,Uttara Kannada,14.66944444,74.28888889,CGWB manual quarterly (NWDP),Dug well,Unconfined,6.8,,40,2013,2024,2.67,2.82,4.54,1.96,2.58,0.012,False
Kirvatti,Kirvatti,YELLAPUR,Uttara Kannada,15.05833333,74.85,CGWB manual quarterly (NWDP),Bore well,Semi-confined,50.4,,78,1999,2023,11.07,10.66,13.76,9.81,3.95,-0.009,False
Kirvatti_1,-,-,Uttara Kannada,15.0583,74.85,CGWB manual quarterly (NWDP),Bore well,Semi-confined,50.4,,2,2024,2024,9.84,9.84,,,,,False
Kolgibis,Kolgibis,SIRSI,Uttara Kannada,14.55805556,74.7625,CGWB manual quarterly (NWDP),Dug well,Unconfined,16.0,,42,2013,2024,12.2,12.21,13.57,11.41,2.16,-0.133,False
Kulgi,Kulgi,HALIYAL,Uttara Kannada,15.16666667,74.63333333,CGWB manual quarterly (NWDP),Dug well,Unconfined,12.5,,22,1996,2024,3.64,3.54,6.49,2.3,4.19,-0.013,False
Kulgi A,Kulgi A,HALIYAL,Uttara Kannada,15.16638889,74.63916667,CGWB manual quarterly (NWDP),Dug well,,11.5,,23,2014,2024,2.92,2.07,4.59,2.08,2.51,-0.12,False
Kumbarawada,Kumbarawada,SUPA,Uttara Kannada,15.12916667,74.40833333,CGWB manual quarterly (NWDP),Bore well,Semi-confined,60.0,,71,1999,2023,9.5,8.7,12.56,8.69,3.87,0.001,False
Kumbarwad,Kumbarwad,SUPA,Uttara Kannada,15.13333333,74.4,CGWB manual quarterly (NWDP),Dug well,Unconfined,11.05,,100,1996,2024,5.03,5.36,7.81,4.27,3.54,0.008,False
Kumta,Kumta,KUMTA,Uttara Kannada,14.425,74.425,CGWB manual quarterly (NWDP),Bore well,Semi-confined,43.2,,64,1999,2018,9.09,8.94,9.53,9.15,0.38,0.003,False
Kumta1,Kumta,KUMTA,Uttara Kannada,14.4,74.4,CGWB manual quarterly (NWDP),Dug well,Unconfined,14.35,0.023,104,1996,2024,6.5,6.67,7.72,6.25,1.47,0.044,False
Kursi,Kursi,SIRSI,Uttara Kannada,14.54027778,74.68611111,CGWB manual quarterly (NWDP),Dug well,Unconfined,9.85,,38,2014,2024,4.76,4.43,7.16,3.78,3.38,-0.098,False
Madangeri,Madangeri,KUMTA,Uttara Kannada,14.575,74.36666667,CGWB manual quarterly (NWDP),Dug well,Unconfined,12.05,,83,1996,2024,6.3,6.07,8.71,5.45,3.26,0.0,False
Madanur,Madanur,YELLAPUR,Uttara Kannada,15.03333333,74.85222222,CGWB manual quarterly (NWDP),Dug well,Unconfined,11.6,,37,2014,2024,3.42,3.54,6.04,1.85,4.19,0.057,False
Mainalli,Mainalli,YELLAPUR,Uttara Kannada,14.80833333,74.89166667,CGWB manual quarterly (NWDP),Dug well,Unconfined,13.85,,88,1996,2023,6.14,5.81,10.59,3.99,6.6,0.041,False
Majali,Majali,KARWAR,Uttara Kannada,14.9,74.15,CGWB manual quarterly (NWDP),Dug well,Unconfined,4.41,0.023,108,1996,2024,1.65,1.63,2.59,1.28,1.31,-0.006,False
Malgi,Malgi,MUNDGOD,Uttara Kannada,14.77083333,75.01666667,CGWB manual quarterly (NWDP),Dug well,Unconfined,15.63,0.023,108,1996,2024,7.35,6.47,9.72,6.51,3.21,-0.08,False
Mandlikoppa,Mandlikoppa,SIDDAPUR,Uttara Kannada,14.40694444,74.8875,CGWB manual quarterly (NWDP),Dug well,Unconfined,9.9,,42,2013,2024,4.87,4.43,8.38,3.89,4.49,-0.121,False
Manki,Manki,HONAVAR,Uttara Kannada,14.19166667,74.475,CGWB manual quarterly (NWDP),Bore well,Semi-confined,50.0,,76,1999,2024,5.54,5.37,8.06,4.75,3.31,0.027,False
Manki1,Manki,BHATKAL,Uttara Kannada,14.1,74.49166667,CGWB manual quarterly (NWDP),Dug well,Unconfined,12.23,0.023,108,1996,2024,6.79,6.39,8.84,5.86,2.98,0.009,False
Manki_1,-,-,Uttara Kannada,14.1917,74.4675,CGWB manual quarterly (NWDP),,,,,1,2024,2024,2.27,2.27,,,,,False
Mavinagundi,Mavinkod,SIDDAPUR,Uttara Kannada,14.25277778,74.78333333,CGWB manual quarterly (NWDP),Dug well,Unconfined,12.0,,100,1996,2024,6.97,5.74,8.08,6.78,1.3,-0.089,False
Mirjan,Mirjan,KUMTA,Uttara Kannada,14.49305556,74.425,CGWB manual quarterly (NWDP),Dug well,Unconfined,10.0,,93,1996,2023,3.9,7.05,4.75,3.74,1.01,0.167,False
Moodkani,Moodkani,HONAVAR,Uttara Kannada,14.24583333,74.55833333,CGWB manual quarterly (NWDP),Dug well,Unconfined,7.2,,41,2013,2024,3.32,3.36,4.28,2.81,1.47,0.025,False
Mundgod,Mundgod,MUNDGOD,Uttara Kannada,14.98333333,75.075,CGWB manual quarterly (NWDP),Dug well,Unconfined,10.1,,89,1996,2024,3.57,1.88,7.22,2.01,5.21,-0.09,False
Murudeswar,Murudeswar,BHATKAL,Uttara Kannada,14.09166667,74.49166667,CGWB manual quarterly (NWDP),Dug well,Unconfined,7.16,0.023,108,1996,2024,4.39,4.93,4.39,4.7,-0.31,0.013,False
Nujje,Nujje,SUPA,Uttara Kannada,15.05638889,74.34777778,CGWB manual quarterly (NWDP),Dug well,Unconfined,9.0,,33,2014,2024,2.69,2.84,5.78,1.66,4.12,-0.003,False
Pradhani,Pradhani,SUPA,Uttara Kannada,15.20666667,74.57166667,CGWB manual quarterly (NWDP),Dug well,,12.6,,9,2014,2017,4.62,4.62,7.53,2.56,4.97,,False
Ragi Hosalli,Ragi Hosalli,SIRSI,Uttara Kannada,14.52361111,74.60138889,CGWB manual quarterly (NWDP),Dug well,Unconfined,7.82,,38,2014,2024,3.69,3.67,5.13,3.47,1.66,-0.027,False
Sadashivgad,Sadashivgad,KARWAR,Uttara Kannada,14.85416667,74.12972222,CGWB manual quarterly (NWDP),Dug well,Unconfined,4.7,0.023,107,1996,2024,1.8,2.05,2.93,1.35,1.58,-0.003,False
Sampagod,Sampagod,SIDDAPUR,Uttara Kannada,14.43888889,74.87638889,CGWB manual quarterly (NWDP),Dug well,Unconfined,11.5,,105,1996,2024,5.7,5.51,9.43,4.67,4.76,-0.05,False
Shirali,Shirali,BHATKAL,Uttara Kannada,14.02777778,74.52972222,CGWB manual quarterly (NWDP),Dug well,Unconfined,7.9,,42,2013,2024,3.79,3.45,6.2,3.26,2.94,-0.096,False
Siddapur2,Siddapur,SIDDAPUR,Uttara Kannada,14.35,74.9,CGWB manual quarterly (NWDP),Dug well,Unconfined,14.9,0.018,107,1996,2024,7.72,7.5,9.63,7.08,2.55,-0.006,False
Sirsi,Sirsi,SIRSI,Uttara Kannada,14.625,74.87361111,CGWB manual quarterly (NWDP),Bore well,,60.0,,48,1999,2019,26.57,7.35,27.33,23.88,3.45,-0.199,False
Sirsi1,Sirsi,SIRSI,Uttara Kannada,14.625,74.87361111,CGWB manual quarterly (NWDP),Bore well,,60.0,,38,2012,2024,8.36,7.95,10.17,8.63,1.54,-0.097,False
Sunkatti,Sunkatti,SIDDAPUR,Uttara Kannada,14.30333333,74.84638889,CGWB manual quarterly (NWDP),Dug well,Unconfined,13.65,,42,2013,2024,7.32,7.21,10.25,6.76,3.49,-0.04,False
Torke,Torke,KUMTA,Uttara Kannada,14.55694444,74.35138889,CGWB manual quarterly (NWDP),Dug well,Unconfined,10.0,,40,2013,2024,3.54,3.47,6.22,2.44,3.78,-0.021,False
Tyagli,Tyagli,SIDDAPUR,Uttara Kannada,14.48277778,74.87444444,CGWB manual quarterly (NWDP),Dug well,Unconfined,10.0,,42,2013,2024,6.33,6.56,7.81,6.4,1.41,-0.01,False
Unchalli,Unchalli,SIRSI,Uttara Kannada,14.57805556,74.90611111,CGWB manual quarterly (NWDP),Dug well,Unconfined,9.95,,42,2013,2024,5.82,6.09,8.85,4.99,3.86,-0.007,False
Uppadike,Uppadike,SIDDAPUR,Uttara Kannada,14.38416667,74.86194444,CGWB manual quarterly (NWDP),Dug well,Unconfined,11.95,,35,2014,2024,7.79,8.07,9.92,7.07,2.85,0.046,False
Vadageri,Vadageri,MUNDGOD,Uttara Kannada,14.875,75.04861111,CGWB manual quarterly (NWDP),Dug well,Unconfined,15.9,,42,2013,2024,6.15,4.94,8.58,5.1,3.48,-0.302,False
Vandatte,Vandatte,SIRSI,Uttara Kannada,14.36666667,74.725,CGWB manual quarterly (NWDP),Dug well,Unconfined,16.0,,39,2013,2024,9.24,9.49,10.78,8.74,2.04,-0.036,False
Yekkambi,Yekkambi,SIRSI,Uttara Kannada,14.68333333,74.93333333,CGWB manual quarterly (NWDP),Dug well,Unconfined,11.8,0.018,108,1996,2024,6.01,5.72,8.52,5.03,3.49,0.011,False
Yellapur,Yellapur,YELLAPUR,Uttara Kannada,14.95833333,74.725,CGWB manual quarterly (NWDP),Bore well,,60.0,,72,1999,2024,9.38,8.74,11.99,8.99,3.0,-0.094,False
Yellapur1,Yellapur,YELLAPUR,Uttara Kannada,14.96666667,74.73333333,CGWB manual quarterly (NWDP),Dug well,Unconfined,13.0,,97,1996,2024,6.28,5.58,10.15,4.79,5.36,-0.035,False
Agarkhed_2,-,-,Vijayapura,17.312356,76.05674,CGWB manual quarterly (NWDP),,,,,1,2024,2024,14.12,14.12,,,,,False
Agasabala Cross,Agasabala Cross,BASAVANA BAGEVADI,Vijayapura,16.47916667,76.10333333,CGWB manual quarterly (NWDP),Dug well,Unconfined,12.0,,42,2013,2024,7.53,5.06,7.79,7.25,0.54,-0.49,False
Aliyabad,Aliyabad,BIJAPUR,Vijayapura,16.89166667,75.79166667,CGWB manual quarterly (NWDP),Dug well,Unconfined,11.0,,102,1996,2024,4.63,3.77,5.89,3.67,2.22,-0.021,False
Almatti,Almatti,BASAVANA BAGEVADI,Vijayapura,16.34277778,75.90472222,CGWB manual quarterly (NWDP),,,,,30,2000,2013,3.49,10.61,9.22,1.03,8.19,0.093,False
Almel,Almel,SINDGI,Vijayapura,17.09166667,76.225,CGWB manual quarterly (NWDP),Bore well,,90.0,,38,1996,2013,2.44,4.82,3.64,0.87,2.77,-0.182,False
Almela Pz,Almela Pz,SINDGI,Vijayapura,17.09166667,76.225,CGWB manual quarterly (NWDP),Bore well,,90.0,,1,2016,2016,4.62,4.62,4.62,,,,False
Ambalanur,Ambalanur,SINDGI,Vijayapura,16.62333333,76.25527778,CGWB manual quarterly (NWDP),Dug well,Unconfined,13.26,,40,2013,2024,7.32,7.8,8.89,4.39,4.5,0.051,False
Arakeri,-,-,Vijayapura,16.913963,75.694664,CGWB manual quarterly (NWDP),,,,,1,2024,2024,3.07,3.07,,,,,False
Aremural,Aremural,SINDGI,Vijayapura,17.09083333,76.21361111,CGWB manual quarterly (NWDP),,,,,13,1999,2002,12.51,13.02,12.46,9.52,2.94,,False
Atharga,Atharga,INDI,Vijayapura,16.9875,75.8875,CGWB manual quarterly (NWDP),Dug well,,12.73,,58,1996,2021,11.02,7.8,12.2,10.56,1.64,0.182,False
Ayeri,Ayeri,SINDGI,Vijayapura,16.97694444,76.30027778,CGWB manual quarterly (NWDP),Dug well,Unconfined,7.45,,37,2014,2024,3.41,3.26,4.92,2.72,2.2,-0.063,False
Babaleshwar,Babaleshwar,BASAVANA BAGEVADI,Vijayapura,16.67055556,75.8425,CGWB manual quarterly (NWDP),Bore well,,40.0,,66,1999,2021,11.74,17.13,14.68,10.95,3.73,0.161,False
Babaleshwar1,Babaleshwar,BIJAPUR,Vijayapura,16.675,75.58333333,CGWB manual quarterly (NWDP),Dug well,,11.91,,63,1996,2020,9.74,7.44,11.52,8.68,2.84,0.126,False
Bagevadi,Bagevadi,BASAVANA BAGEVADI,Vijayapura,16.57722222,75.97055556,CGWB manual quarterly (NWDP),Bore well,,40.0,,36,1999,2012,13.1,7.86,14.6,9.81,4.79,-0.86,False
Bagevadi1,Bagevadi,BASAVANA BAGEVADI,Vijayapura,16.58333333,75.98333333,CGWB manual quarterly (NWDP),,,,,11,1996,2008,8.64,12.2,10.07,8.04,2.03,0.509,False
Bardol,Bardol,INDI,Vijayapura,17.27777778,75.72777778,CGWB manual quarterly (NWDP),Dug well,Unconfined,8.48,0.02,96,1996,2024,4.5,4.69,7.0,3.17,3.83,0.018,False
Bardol_1,-,-,Vijayapura,17.279634,75.722962,CGWB manual quarterly (NWDP),,,,,1,2024,2024,5.26,5.26,,,,,False
Basavan Bagewadi,-,-,Vijayapura,16.578383,75.96649,CGWB manual quarterly (NWDP),,,,,2,2024,2024,14.35,14.35,,,,,False
Basavanabagewadi,Basavanabagewadi,BASAVANA BAGEVADI,Vijayapura,16.565,75.95583333,CGWB manual quarterly (NWDP),Dug well,Unconfined,10.32,,41,2013,2024,4.93,6.65,8.33,2.97,5.36,0.226,False
Basavanabagewadi_1,-,BASAVANA BAGEVADI,Vijayapura,16.58,75.97,CGWB manual quarterly (NWDP),,,,,2,2023,2023,15.04,15.04,17.55,,,,False
Basavanabagewadi_2,-,-,Vijayapura,16.575,75.9681,CGWB manual quarterly (NWDP),,,,,3,2023,2024,13.65,13.65,,16.61,,,False
Bavur,Bavur,MUDDEBIHAL,Vijayapura,16.44388889,76.25166667,CGWB manual quarterly (NWDP),Dug well,Unconfined,8.93,,37,2014,2024,4.27,2.53,5.04,3.3,1.74,-0.347,False
Bhudihala,Bhudihala,INDI,Vijayapura,17.24527778,75.90333333,CGWB manual quarterly (NWDP),Dug well,Unconfined,8.0,,42,2012,2024,4.51,3.59,5.75,3.75,2.0,-0.14,False
Bhudihaldon,Bhudihaldon,SINDGI,Vijayapura,16.71027778,76.14555556,CGWB manual quarterly (NWDP),Dug well,Unconfined,6.3,,40,2012,2024,4.9,4.7,5.78,4.25,1.53,-0.029,False
Bijapur,Bijapur,BIJAPUR,Vijayapura,16.825,75.71666667,CGWB manual quarterly (NWDP),,,,,15,2001,2013,22.67,89.3,35.67,17.62,18.05,5.072,False
Bijapur A,Bijapur A,BIJAPUR,Vijayapura,16.85,75.7,CGWB manual quarterly (NWDP),Dug well,Unconfined,11.35,,63,2005,2024,3.97,5.52,5.2,3.58,1.62,0.067,False
Bijapur1,Bijapur,BIJAPUR,Vijayapura,16.85,75.7,CGWB manual quarterly (NWDP),Dug well,Unconfined,11.35,,1,2023,2023,7.41,7.41,,,,,False
Chadchan,Chadchan,INDI,Vijayapura,17.31111111,75.66111111,CGWB manual quarterly (NWDP),Dug well,Unconfined,9.5,0.02,104,1996,2024,6.31,5.49,7.08,5.53,1.55,-0.033,False
Chadchan Pz_1,-,-,Vijayapura,17.31,75.67,CGWB manual quarterly (NWDP),Bore well,Semi-confined,44.5,,3,2023,2024,4.79,4.79,,4.62,,,False
Chadchan pz,Chadchan,INDI,Vijayapura,17.30833333,75.66805556,CGWB manual quarterly (NWDP),Bore well,Semi-confined,44.5,,58,2007,2024,6.6,4.39,10.4,4.6,5.8,-0.287,False
D.hippargi,D.hippargi,SINDGI,Vijayapura,16.80833333,76.06666667,CGWB manual quarterly (NWDP),,,,,15,1999,2013,10.14,39.8,16.24,5.33,10.91,1.701,False
Deur tanda,Deur tanda,SINDGI,Vijayapura,16.77916667,76.09583333,CGWB manual quarterly (NWDP),Dug well,Unconfined,8.1,0.02,105,1996,2024,4.32,3.57,4.76,3.8,0.96,-0.024,False
Devanagao,Devanagao,SINDGI,Vijayapura,17.13333333,76.3,CGWB manual quarterly (NWDP),Dug well,Unconfined,11.03,0.02,104,1996,2024,6.31,8.41,7.83,5.13,2.7,-0.074,False
Devangaon_2,-,-,Vijayapura,17.164433,76.328727,CGWB manual quarterly (NWDP),,,,,1,2024,2024,9.7,9.7,,,,,False
Devarhulagabal,Devarhulagabal,MUDDEBIHAL,Vijayapura,16.40833333,76.24444444,CGWB manual quarterly (NWDP),Dug well,Unconfined,8.5,,103,1996,2024,5.02,3.73,5.91,4.15,1.76,0.048,False
Devur,Devur,SINDGI,Vijayapura,16.77916667,76.09583333,CGWB manual quarterly (NWDP),Dug well,Unconfined,8.1,0.02,1,2013,2013,46.05,46.05,46.05,,,,False
Dhavalagi,Dhavalagi,MUDDEBIHAL,Vijayapura,16.43333333,76.13333333,CGWB manual quarterly (NWDP),Dug well,Unconfined,9.5,,94,1996,2024,5.37,4.78,6.56,4.27,2.29,0.044,False
Dhavalgi_1,-,-,Vijayapura,16.428101,76.119613,CGWB manual quarterly (NWDP),,,,,1,2024,2024,17.5,17.5,,,,,False
Dhulkhed,Dhulkhed,INDI,Vijayapura,17.39722222,75.84444444,CGWB manual quarterly (NWDP),Bore well,Semi-confined,40.0,,58,2007,2024,4.12,3.45,5.87,3.23,2.64,-0.063,False
Dhulkhed_1,-,-,Vijayapura,17.3972,75.8444,CGWB manual quarterly (NWDP),Bore well,Semi-confined,40.0,,1,2023,2023,3.72,3.72,,,,,False
Dindawar,Dindawar,BASAVANA BAGEVADI,Vijayapura,16.65972222,76.04861111,CGWB manual quarterly (NWDP),Dug well,Unconfined,14.0,,34,2014,2024,6.67,3.99,8.01,5.03,2.98,-0.581,False
Dyaberi,-,-,Vijayapura,16.882796,75.830838,CGWB manual quarterly (NWDP),,,,,1,2024,2024,7.75,7.75,,,,,False
Gab Savalagi,Gab Savalagi,SINDGI,Vijayapura,16.97972222,76.34583333,CGWB manual quarterly (NWDP),Dug well,Unconfined,6.5,,28,2012,2021,4.88,4.99,5.33,4.26,1.07,0.126,False
Golageri,-,-,Vijayapura,16.805962,76.351702,CGWB manual quarterly (NWDP),,,,,1,2024,2024,8.92,8.92,,,,,False
Golgeri,Golgeri,SINDGI,Vijayapura,16.775,76.33333333,CGWB manual quarterly (NWDP),,,,,12,1996,2006,4.42,6.55,6.47,3.52,2.95,0.063,False
Gubbewad,-,-,Vijayapura,16.791943,76.285296,CGWB manual quarterly (NWDP),,,,,1,2024,2024,13.58,13.58,,,,,False
Gule gumatgi,Gule gumatgi,SINDGI,Vijayapura,17.05,76.41666667,CGWB manual quarterly (NWDP),Dug well,,7.15,,10,1996,2019,5.32,5.37,6.42,4.77,1.65,0.012,False
Gunatal,Gunatal,BIJAPUR,Vijayapura,16.53333333,75.50833333,CGWB manual quarterly (NWDP),,,,,15,1996,2000,4.27,4.08,5.18,4.01,1.17,,False
Halsangi,Halsangi,INDI,Vijayapura,17.32083333,75.83472222,CGWB manual quarterly (NWDP),Dug well,Unconfined,10.67,0.02,105,1996,2024,6.16,5.69,7.47,5.26,2.21,0.016,False
Hanchali,Hanchali,SINDGI,Vijayapura,16.68333333,76.23333333,CGWB manual quarterly (NWDP),Dug well,Unconfined,13.5,0.023,103,1996,2024,8.53,7.19,11.2,6.61,4.59,-0.013,False
Hangargi,-,-,Vijayapura,16.476128,75.927042,CGWB manual quarterly (NWDP),,,,,1,2024,2024,31.08,31.08,,,,,False
Hebbal1,Hebbal,BASAVANA BAGEVADI,Vijayapura,16.42916667,75.94166667,CGWB manual quarterly (NWDP),,,,,1,1997,1997,8.07,8.07,,8.07,,,False
Hirebevanur,Hirebevanur,INDI,Vijayapura,17.25,76.05,CGWB manual quarterly (NWDP),,,,,9,1996,2006,3.5,2.88,3.69,3.62,0.07,-0.091,False
Hiremural,Hiremural,MUDDEBIHAL,Vijayapura,16.28333333,76.1,CGWB manual quarterly (NWDP),Dug well,Unconfined,9.2,,104,1996,2024,2.23,2.19,2.67,1.73,0.94,0.102,False
Honaganahalli,Honaganahalli,BIJAPUR,Vijayapura,16.68138889,75.73361111,CGWB manual quarterly (NWDP),Dug well,Unconfined,14.0,,37,2014,2024,9.5,7.84,11.51,7.59,3.92,-0.457,False
Honnutagi,Honnutagi,BIJAPUR,Vijayapura,16.83333333,75.83333333,CGWB manual quarterly (NWDP),Dug well,Unconfined,16.59,0.02,105,1996,2024,6.43,4.27,8.73,4.19,4.54,-0.024,False
Horti,Horti,INDI,Vijayapura,17.11527778,75.7875,CGWB manual quarterly (NWDP),Dug well,,14.6,,83,1996,2019,12.4,12.22,13.61,11.54,2.07,0.04,False
Horti Pz_1,-,-,Vijayapura,17.1167,75.7833,CGWB manual quarterly (NWDP),Bore well,Semi-confined,40.0,,2,2023,2024,17.18,17.18,,17.0,,,False
Horti pz,Horti,INDI,Vijayapura,17.11666667,75.78333333,CGWB manual quarterly (NWDP),Bore well,Semi-confined,40.0,,58,2007,2024,14.94,15.65,16.1,13.73,2.37,0.11,False
Horti_2,-,-,Vijayapura,17.118016,75.783654,CGWB manual quarterly (NWDP),Bore well,Semi-confined,40.0,,1,2024,2024,48.79,48.79,,,,,False
Hulagbal,-,-,Vijayapura,16.332127,76.26664,CGWB manual quarterly (NWDP),,,,,1,2024,2024,3.48,3.48,,,,,False
Hullur,Hullur,MUDDEBIHAL,Vijayapura,16.35416667,75.99583333,CGWB manual quarterly (NWDP),Dug well,Unconfined,10.04,,92,1996,2024,3.7,3.64,4.06,2.95,1.11,-0.036,False
Hunshyal,Hunshyal,SINDGI,Vijayapura,16.70833333,76.33333333,CGWB manual quarterly (NWDP),,,,,2,1996,1997,4.62,4.62,,4.62,,,False
Huvin-Hipparagi,-,BASAVANA BAGEVADI,Vijayapura,16.55,76.1,CGWB manual quarterly (NWDP),,,,,12,1996,2002,2.13,1.62,2.54,1.61,0.93,-0.17,False
Huvin-hipparagi,Huvin-hipparagi,BASAVANA BAGEVADI,Vijayapura,16.56416667,76.0875,CGWB manual quarterly (NWDP),,,,,1,2013,2013,40.0,40.0,40.0,,,,False
Huvinahipparagi,Huvinahipparagi,BASAVANA BAGEVADI,Vijayapura,16.55722222,76.07722222,CGWB manual quarterly (NWDP),Dug well,Unconfined,7.95,,40,2012,2024,3.47,2.5,4.25,2.83,1.42,-0.191,False
Inchageri,Inchageri,INDI,Vijayapura,17.10888889,75.68916667,CGWB manual quarterly (NWDP),Dug well,Unconfined,8.1,,42,2012,2024,3.82,3.64,4.95,2.94,2.01,-0.024,False
Indi,Indi,INDI,Vijayapura,17.00055556,75.97083333,CGWB manual quarterly (NWDP),,,,,2,2013,2014,40.0,40.0,40.0,,,,False
Indi 1,Indi,INDI,Vijayapura,17.17916667,75.95138889,CGWB manual quarterly (NWDP),,,,,35,1996,2010,9.05,10.74,9.69,8.07,1.62,0.291,False
Indi1,Indi,INDI,Vijayapura,17.17138889,75.95694444,CGWB manual quarterly (NWDP),,,,,1,2005,2005,22.7,22.7,,,,,False
Ingaleshwar,Ingaleshwar,BASAVANA BAGEVADI,Vijayapura,16.65,76.01666667,CGWB manual quarterly (NWDP),Dug well,Unconfined,11.5,0.02,103,1996,2024,4.48,2.73,5.56,3.24,2.32,-0.052,False
Jagjiwani,Jagjiwani,INDI,Vijayapura,17.2,75.7,CGWB manual quarterly (NWDP),Dug well,Unconfined,13.0,,58,2007,2024,7.89,7.25,9.23,7.32,1.91,-0.018,False
Jainapur_1,-,-,Vijayapura,16.462039,75.583542,CGWB manual quarterly (NWDP),,,,,1,2024,2024,5.06,5.06,,,,,False
Jumnal,Jumnal,BIJAPUR,Vijayapura,16.75416667,75.73333333,CGWB manual quarterly (NWDP),Dug well,Unconfined,26.0,,78,1996,2024,16.85,16.68,18.36,14.87,3.49,0.179,False
Kallolli,Kallolli,BIJAPUR,Vijayapura,17.00055556,76.22555556,CGWB manual quarterly (NWDP),Dug well,Unconfined,6.0,,37,2014,2024,2.56,2.67,3.84,1.84,2.0,0.046,False
Kanmadi,Kanmadi,BIJAPUR,Vijayapura,16.91666667,75.38333333,CGWB manual quarterly (NWDP),,,,,10,1996,2007,3.98,6.78,5.34,5.24,0.1,0.368,False
Kannolli,Kannolli,SINDGI,Vijayapura,16.86666667,76.15,CGWB manual quarterly (NWDP),Dug well,Unconfined,14.0,,91,1996,2024,10.83,9.39,11.95,10.06,1.89,0.049,False
Kannur_2,-,-,Vijayapura,17.0314,75.696841,CGWB manual quarterly (NWDP),,,,,1,2024,2024,13.0,13.0,,,,,False
Khatijapur,Khatijapur,BIJAPUR,Vijayapura,16.765,75.67583333,CGWB manual quarterly (NWDP),Dug well,,13.9,,26,2013,2024,11.26,14.3,12.08,11.3,0.78,0.568,False
Kolhar,Kolhar,BASAVANA BAGEVADI,Vijayapura,16.43611111,75.68472222,CGWB manual quarterly (NWDP),Dug well,Unconfined,11.0,0.02,99,1996,2024,4.53,3.3,5.89,3.25,2.64,-0.137,False
Kolhar Pz,Kolhar Pz,BASAVANA BAGEVADI,Vijayapura,16.44027778,75.66944444,CGWB manual quarterly (NWDP),Bore well,,38.0,,7,2007,2016,2.48,5.7,3.99,1.25,2.74,0.429,False
Kolhar_1,-,-,Vijayapura,16.467305,75.69113,CGWB manual quarterly (NWDP),,,,,1,2024,2024,29.58,29.58,,,,,False
Kondagoli,-,-,Vijayapura,16.686512,76.198932,CGWB manual quarterly (NWDP),,,,,1,2024,2024,5.43,5.43,,,,,False
Korhalli,Korhalli,SINDGI,Vijayapura,17.01666667,76.23333333,CGWB manual quarterly (NWDP),Dug well,Unconfined,6.83,,93,1996,2024,3.01,4.04,4.41,2.18,2.23,0.036,False
Korhalli_1,-,-,Vijayapura,17.025078,76.218454,CGWB manual quarterly (NWDP),,,,,1,2024,2024,12.3,12.3,,,,,False
Kumatagi,Kumatagi,BIJAPUR,Vijayapura,16.82305556,75.9075,CGWB manual quarterly (NWDP),Bore well,Semi-confined,40.5,,66,1999,2024,11.63,8.15,12.68,10.57,2.11,-0.086,False
Kumatagi A,Kumatagi A,BIJAPUR,Vijayapura,16.81805556,75.89833333,CGWB manual quarterly (NWDP),Dug well,Unconfined,8.12,,37,2014,2024,3.31,3.47,3.98,2.09,1.89,-0.06,False
Kumatagi_1,-,-,Vijayapura,16.8231,75.9075,CGWB manual quarterly (NWDP),Bore well,Semi-confined,40.5,,1,2024,2024,7.83,7.83,,,,,False
Lakkundi_3,-,-,Vijayapura,16.52671,76.405796,CGWB manual quarterly (NWDP),,,,,1,2024,2024,10.75,10.75,,,,,False
Madakeshirur,-,-,Vijayapura,16.473008,76.174932,CGWB manual quarterly (NWDP),,,,,1,2024,2024,37.19,37.19,,,,,False
Maileswar A,Maileswar,MUDDEBIHAL,Vijayapura,16.46666667,76.34166667,CGWB manual quarterly (NWDP),Dug well,Unconfined,11.0,,67,1996,2024,6.51,5.0,8.49,5.56,2.93,0.048,False
Mamadapur1,Mamadapur,BIJAPUR,Vijayapura,16.53333333,75.6,CGWB manual quarterly (NWDP),,,,,4,1996,1997,3.31,3.31,4.83,3.18,1.65,,False
Mangoli,Mangoli,BASAVANA BAGEVADI,Vijayapura,16.64722222,75.81388889,CGWB manual quarterly (NWDP),,,,,1,2006,2006,7.18,7.18,,,,,False
Mangoli,Mangoli,BIJAPUR,Vijayapura,16.66666667,75.66666667,CGWB manual quarterly (NWDP),Dug well,Unconfined,10.2,,83,1996,2024,6.65,4.07,8.3,5.3,3.0,0.047,False
Masbinal,-,-,Vijayapura,16.666242,75.96178,CGWB manual quarterly (NWDP),,,,,1,2024,2024,10.83,10.83,,,,,False
Minajigi,Minajigi,MUDDEBIHAL,Vijayapura,16.4725,76.27472222,CGWB manual quarterly (NWDP),Dug well,Unconfined,11.9,,41,2012,2024,8.51,7.7,9.29,7.08,2.21,-0.038,False
Mortgi,Mortgi,SINDGI,Vijayapura,17.01666667,76.43333333,CGWB manual quarterly (NWDP),Dug well,Unconfined,9.8,,86,1996,2024,4.1,5.08,5.24,3.19,2.05,-0.071,False
Muddebihal,Muddebihal,MUDDEBIHAL,Vijayapura,16.33333333,76.12222222,CGWB manual quarterly (NWDP),Dug well,,12.88,,55,1996,2023,5.09,2.03,6.01,3.93,2.08,-0.082,False
Muddebihal A,Muddebihal A,MUDDEBIHAL,Vijayapura,16.33333333,76.12222222,CGWB manual quarterly (NWDP),Dug well,,12.88,,34,2012,2024,2.75,3.15,2.54,2.44,0.1,0.006,False
Muddebihal Pz,Muddebihal Pz,MUDDEBIHAL,Vijayapura,16.33611111,76.12777778,CGWB manual quarterly (NWDP),Bore well,,40.0,,11,2007,2022,10.44,5.34,16.55,11.81,4.74,-0.092,False
Mulawad,Mulawad,BASAVANA BAGEVADI,Vijayapura,16.66055556,75.72916667,CGWB manual quarterly (NWDP),Bore well,Semi-confined,40.0,,85,1999,2024,9.96,8.4,11.45,7.93,3.52,0.138,False
Mulawad1,Mulawad,BASAVANA BAGEVADI,Vijayapura,16.61666667,75.73333333,CGWB manual quarterly (NWDP),Dug well,,9.38,,64,1996,2019,6.72,6.32,7.87,5.73,2.14,0.221,False
Multagi,Muttagi,BASAVANA BAGEVADI,Vijayapura,16.525,75.89166667,CGWB manual quarterly (NWDP),Dug well,Unconfined,7.22,,43,2012,2024,3.96,2.51,5.26,3.05,2.21,-0.312,False
Mulvad,Mulvad,BASAVANA BAGEVADI,Vijayapura,16.62722222,75.72916667,CGWB manual quarterly (NWDP),,,,,1,2015,2015,10.21,10.21,,,,,False
Muttagi,Muttagi,BASAVANA BAGEVADI,Vijayapura,16.525,75.89166667,CGWB manual quarterly (NWDP),Dug well,Unconfined,7.22,,24,1999,2013,14.12,46.05,23.07,7.27,15.8,2.017,False
Nadkurd,Nadkurd,INDI,Vijayapura,17.12083333,76.10555556,CGWB manual quarterly (NWDP),Dug well,Unconfined,10.26,,39,2012,2024,6.2,7.01,6.37,5.79,0.58,0.278,False
Nadral,Nadral,INDI,Vijayapura,17.12083333,76.10555556,CGWB manual quarterly (NWDP),Dug well,Unconfined,10.26,,37,1996,2005,6.81,5.91,7.23,6.53,0.7,-0.233,False
Nagadhana,Nagadhana,BIJAPUR,Vijayapura,16.93083333,75.84777778,CGWB manual quarterly (NWDP),Dug well,Unconfined,7.6,,42,2013,2024,3.94,3.34,5.59,2.51,3.08,-0.131,False
Nagarbetta,Nagarbetta,MUDDEBIHAL,Vijayapura,16.3,76.25833333,CGWB manual quarterly (NWDP),Dug well,Unconfined,17.5,,86,1996,2024,7.42,3.78,9.28,6.41,2.87,-0.305,False
Nebageri,Nebageri,MUDDEBIHAL,Vijayapura,16.28333333,76.1125,CGWB manual quarterly (NWDP),Dug well,Unconfined,9.74,0.023,106,1996,2024,4.7,3.81,5.37,4.09,1.28,-0.182,False
Newdhulikhed,Newdhulikhed,INDI,Vijayapura,17.38888889,75.84444444,CGWB manual quarterly (NWDP),Dug well,Unconfined,11.6,0.02,101,1996,2024,4.48,3.79,6.01,3.35,2.66,0.063,False
Nidagundi,Nidagundi,BASAVANA BAGEVADI,Vijayapura,16.375,75.9,CGWB manual quarterly (NWDP),Dug well,Unconfined,15.0,0.023,102,1996,2024,4.53,3.22,6.29,2.95,3.34,-0.138,False
Nidgundi,-,-,Vijayapura,16.361505,75.93233,CGWB manual quarterly (NWDP),,,,,1,2024,2024,3.92,3.92,,,,,False
Nidoni,-,-,Vijayapura,16.702665,75.535625,CGWB manual quarterly (NWDP),,,,,1,2024,2024,5.21,5.21,,,,,False
Nimbal,Nimbal,INDI,Vijayapura,17.1,75.9,CGWB manual quarterly (NWDP),Dug well,Unconfined,9.5,,99,1996,2024,6.06,5.75,7.43,4.86,2.57,0.023,False
Nimbala_1,-,-,Vijayapura,17.116502,75.857979,CGWB manual quarterly (NWDP),,,,,1,2024,2024,7.43,7.43,,,,,False
Nivargi,-,-,Vijayapura,17.395213,75.665508,CGWB manual quarterly (NWDP),,,,,1,2024,2024,12.24,12.24,,,,,False
Pettepur,Pettepur,SINDGI,Vijayapura,16.63333333,76.25833333,CGWB manual quarterly (NWDP),Dug well,Unconfined,7.5,0.023,105,1996,2024,4.14,5.11,4.8,3.54,1.26,0.085,False
Rampura,Rampura,SINDGI,Vijayapura,16.96972222,76.22666667,CGWB manual quarterly (NWDP),Dug well,Unconfined,13.54,,36,2014,2024,4.67,4.7,6.06,4.26,1.8,0.067,False
Ronihal,-,-,Vijayapura,16.510527,75.695209,CGWB manual quarterly (NWDP),,,,,1,2024,2024,52.55,52.55,,,,,False
Rugi,Rugi,INDI,Vijayapura,17.08333333,75.96666667,CGWB manual quarterly (NWDP),Dug well,Unconfined,13.0,,81,1996,2024,9.91,8.17,11.03,8.51,2.52,0.042,False
Salotgi,Salotgi,INDI,Vijayapura,17.13333333,76.03333333,CGWB manual quarterly (NWDP),Dug well,Unconfined,17.0,,84,1996,2024,10.0,12.2,12.08,7.92,4.16,0.309,False
Salvadagi,-,-,Vijayapura,16.45827,76.409669,CGWB manual quarterly (NWDP),,,,,1,2024,2024,11.3,11.3,,,,,False
Sarawad,Sarawad,BIJAPUR,Vijayapura,16.71611111,75.63444444,CGWB manual quarterly (NWDP),Dug well,Unconfined,11.15,,42,2013,2024,5.15,5.51,6.31,4.28,2.03,-0.003,False
Sarawad_1,-,-,Vijayapura,16.717996,75.636439,CGWB manual quarterly (NWDP),,,,,1,2024,2024,20.89,20.89,,,,,False
Satalagaon,Satalagaon,INDI,Vijayapura,17.15,76.08333333,CGWB manual quarterly (NWDP),Dug well,Unconfined,9.0,0.02,101,1996,2024,5.13,5.79,6.67,4.11,2.56,-0.045,False
Satihal,Satihal,BASAVANA BAGEVADI,Vijayapura,16.7,76.06666667,CGWB manual quarterly (NWDP),Dug well,Unconfined,8.38,0.02,105,1996,2024,5.08,5.14,5.45,4.67,0.78,-0.015,False
Sawalanga,Sawalanga,INDI,Vijayapura,17.11333333,75.74305556,CGWB manual quarterly (NWDP),Dug well,Unconfined,10.0,,41,2012,2024,6.05,6.11,7.36,5.09,2.27,-0.021,False
Shivangi,Shivangi,BIJAPUR,Vijayapura,16.83333333,75.98333333,CGWB manual quarterly (NWDP),Dug well,Unconfined,7.1,0.02,101,1996,2024,2.99,4.27,4.14,1.83,2.31,0.07,False
Sindagi,Sindagi,SINDGI,Vijayapura,16.92222222,76.2325,CGWB manual quarterly (NWDP),Bore well,,40.0,,5,2007,2019,7.39,1.5,,2.95,,,False
Sindgi,Sindgi,SINDGI,Vijayapura,16.925,76.24166667,CGWB manual quarterly (NWDP),,,,,2,2000,2003,17.33,17.33,14.73,,,,False
Sindgi 1,Sindgi,SINDGI,Vijayapura,16.92305556,76.23611111,CGWB manual quarterly (NWDP),Dug well,Unconfined,9.5,,64,2005,2024,4.73,4.17,5.37,4.32,1.05,-0.021,False
Sindgi1,Sindgi,SINDGI,Vijayapura,16.92083333,76.2375,CGWB manual quarterly (NWDP),Dug well,,14.54,,22,1996,2019,5.69,4.51,7.6,4.66,2.94,0.039,False
Tadavalaga,Tadavalaga,INDI,Vijayapura,17.07583333,75.9275,CGWB manual quarterly (NWDP),Dug well,Unconfined,17.0,,40,2012,2024,9.93,8.99,11.26,7.77,3.49,-0.373,False
Taddewadi,-,-,Vijayapura,17.353823,75.780012,CGWB manual quarterly (NWDP),,,,,1,2024,2024,5.5,5.5,,,,,False
Talikot,Talikot,MUDDEBIHAL,Vijayapura,16.48472222,76.31694444,CGWB manual quarterly (NWDP),Bore well,,40.0,,51,1999,2019,10.42,19.7,12.41,8.48,3.93,0.166,False
Tambe,Tambe,INDI,Vijayapura,17.00055556,75.97083333,CGWB manual quarterly (NWDP),,,,,2,2002,2013,24.09,39.3,39.3,,,,False
Tambe1,Tambe,INDI,Vijayapura,17.0,75.99583333,CGWB manual quarterly (NWDP),,,,,15,1996,2007,8.98,11.8,11.8,7.62,4.18,0.542,False
Tangadgi,Tangadgi,MUDDEBIHAL,Vijayapura,16.21527778,76.09583333,CGWB manual quarterly (NWDP),Dug well,Unconfined,10.83,0.023,103,1996,2024,5.78,1.97,6.89,4.57,2.32,-0.211,False
Teligi,Teligi,BASAVANA BAGEVADI,Vijayapura,16.46666667,75.85,CGWB manual quarterly (NWDP),Dug well,Unconfined,13.0,,82,1996,2024,6.01,4.22,7.27,5.0,2.27,-0.008,False
Tikota,Tikota,BIJAPUR,Vijayapura,16.85,75.51666667,CGWB manual quarterly (NWDP),Dug well,,16.51,,82,1996,2024,12.17,8.06,14.61,9.77,4.84,0.085,False
Tikota pz,Tikota,BIJAPUR,Vijayapura,16.83888889,75.53194444,CGWB manual quarterly (NWDP),Bore well,Semi-confined,40.0,,47,2007,2023,12.57,7.5,16.58,9.49,7.09,0.077,False
Torvi,Torvi,BIJAPUR,Vijayapura,16.83055556,75.65416667,CGWB manual quarterly (NWDP),Dug well,,10.15,,79,1996,2020,6.24,6.86,8.16,4.63,3.53,0.129,False
Tumbagi,Tumbagi,MUDDEBIHAL,Vijayapura,16.575,76.27777778,CGWB manual quarterly (NWDP),Bore well,,40.0,,50,2000,2015,9.24,11.45,11.39,6.92,4.47,0.117,False
Tumbagi_1,-,-,Vijayapura,16.577644,76.288665,CGWB manual quarterly (NWDP),,,,,1,2024,2024,28.4,28.4,,,,,False
Ukkali,Ukkali,BASAVANA BAGEVADI,Vijayapura,16.72916667,75.8875,CGWB manual quarterly (NWDP),Dug well,Unconfined,16.5,,79,1996,2023,10.87,5.01,12.95,8.88,4.07,0.221,False
Ukkali_2,-,-,Vijayapura,16.729075,75.874018,CGWB manual quarterly (NWDP),,,,,1,2024,2024,6.62,6.62,,,,,False
Vibhutihalli,Vibhutihalli,SINDGI,Vijayapura,17.1,76.18333333,CGWB manual quarterly (NWDP),Dug well,Unconfined,6.44,0.02,107,1996,2024,3.44,3.86,4.08,2.94,1.14,-0.022,False
Yankanchi,Yankanchi,SINDGI,Vijayapura,16.8625,76.34861111,CGWB manual quarterly (NWDP),Dug well,Unconfined,8.8,,99,1996,2024,4.52,4.18,5.48,3.87,1.61,-0.044,False
Yargal,Yargal,SINDGI,Vijayapura,16.93333333,76.33888889,CGWB manual quarterly (NWDP),,,,,5,1996,2009,4.52,3.66,3.66,4.27,-0.61,,False
Yelagi,Yelagi,INDI,Vijayapura,17.31944444,75.83472222,CGWB manual quarterly (NWDP),Dug well,Unconfined,9.9,,96,1996,2024,5.5,5.68,7.69,4.37,3.32,0.009,False
Yelawara,Yelawara,SINDGI,Vijayapura,16.69222222,76.15138889,CGWB manual quarterly (NWDP),Dug well,,12.7,,2,2014,2015,7.87,7.87,7.99,,,,False
Zalki,Zalki,INDI,Vijayapura,17.25416667,75.80277778,CGWB manual quarterly (NWDP),Dug well,,11.02,,83,1996,2019,5.77,6.47,7.58,4.26,3.32,0.109,False
Zalki Pz,Zalki Pz,INDI,Vijayapura,17.25416667,75.80416667,CGWB manual quarterly (NWDP),Bore well,Semi-confined,40.0,,61,2007,2024,7.64,6.95,9.99,5.78,4.21,-0.018,False
Zalki Pz_1,-,-,Vijayapura,17.2542,75.8042,CGWB manual quarterly (NWDP),Bore well,Semi-confined,40.0,,2,2023,2024,6.26,6.26,,,,,False
Amapur_4,-,Shorapur,Yadgir,16.2928,76.4299,CGWB manual quarterly (NWDP),,,,,1,2024,2024,3.34,3.34,,,,,False
Hayyal K,-,Shahapur,Yadgir,16.6086,76.9411,CGWB manual quarterly (NWDP),,,,,1,2024,2024,3.54,3.54,,,,,False
Hunusagi,-,Shorapur,Yadgir,16.4549,76.5253,CGWB manual quarterly (NWDP),,,,,1,2024,2024,5.47,5.47,,,,,False
Ibrahimpur_1,-,Shahapur,Yadgir,16.7901,76.9566,CGWB manual quarterly (NWDP),,,,,1,2024,2024,3.32,3.32,,,,,False
Shahapur_3,-,Shahapur,Yadgir,16.70327778,76.84077778,CGWB manual quarterly (NWDP),,,,,1,2024,2024,2.96,2.96,,,,,False
Tadibidi,-,Shahapur,Yadgir,16.6848,76.9796,CGWB manual quarterly (NWDP),,,,,1,2024,2024,4.8,4.8,,,,,False
